"path","lines","current_layer","category","runtime_class","reason","proposed_path","action","direct_dependencies","referenced_by","name_classification","stage_name_occurrences","compatibility_gate","delete_safe","ambiguous_reference_count"
"contrib/satcompute/common/time-conversion.cc","44","outside-protection","PUBLIC_SUBSTRATE","","秒/ns 转换等公共基础能力","contrib/satcompute/common/time-conversion.cc","KEEP","contrib/satcompute/common/time-conversion.h [include:5]","contrib/satcompute/CMakeLists.txt:5 [build_reference]","","","现有合同不变","false","0"
"contrib/satcompute/common/time-conversion.h","27","outside-protection","PUBLIC_SUBSTRATE","","秒/ns 转换等公共基础能力","contrib/satcompute/common/time-conversion.h","KEEP","","contrib/satcompute/CMakeLists.txt:108 [build_reference]; contrib/satcompute/common/time-conversion.cc:5 [include]; contrib/satcompute/common/time-conversion.cc:5 [literal_code_reference]; contrib/satcompute/fault/model/f3-debris-fault-model.cc:6 [include]; contrib/satcompute/fault/model/f3-debris-fault-model.cc:6 [literal_code_reference]; contrib/satcompute/fault/runtime/fault-model-engine.cc:10 [include]; contrib/satcompute/fault/runtime/fault-model-engine.cc:10 [literal_code_reference]; contrib/satcompute/fault/runtime/fault-prediction-engine.cc:10 [include]; contrib/satcompute/fault/runtime/fault-prediction-engine.cc:10 [literal_code_reference]; contrib/satcompute/metrics/core/task-metrics.cc:9 [include]; contrib/satcompute/metrics/core/task-metrics.cc:9 [literal_code_reference]; contrib/satcompute/metrics/diagnostics/failure-diagnostics.cc:9 [include]; contrib/satcompute/metrics/diagnostics/failure-diagnostics.cc:9 [literal_code_reference]; contrib/satcompute/satcompute.cc:33 [include]; contrib/satcompute/satcompute.cc:33 [literal_code_reference]; contrib/satcompute/topology/online/online-topology-controller.cc:8 [include]; contrib/satcompute/topology/online/online-topology-controller.cc:8 [literal_code_reference]","","","现有合同不变","false","0"
"contrib/satcompute/fault/fault-para.cc","137","outside-protection","PUBLIC_SUBSTRATE","","故障模型/预测/执行与独立随机流；预测只能读合法过去/当前快照","contrib/satcompute/fault/fault-para.cc","KEEP","contrib/satcompute/fault/fault-para.h [include:7]","contrib/satcompute/CMakeLists.txt:47 [build_reference]","","","现有合同不变","false","0"
"contrib/satcompute/fault/fault-para.h","95","outside-protection","PUBLIC_SUBSTRATE","","故障模型/预测/执行与独立随机流；预测只能读合法过去/当前快照","contrib/satcompute/fault/fault-para.h","KEEP","","contrib/satcompute/CMakeLists.txt:152 [build_reference]; contrib/satcompute/fault/fault-para.cc:7 [include]; contrib/satcompute/fault/fault-para.cc:7 [literal_code_reference]; contrib/satcompute/fault/model/f1-self-state-fault-model.h:8 [include]; contrib/satcompute/fault/model/f1-self-state-fault-model.h:8 [literal_code_reference]; contrib/satcompute/fault/model/f2-radiation-fault-model.h:8 [include]; contrib/satcompute/fault/model/f2-radiation-fault-model.h:8 [literal_code_reference]; contrib/satcompute/fault/model/f3-debris-fault-model.h:8 [include]; contrib/satcompute/fault/model/f3-debris-fault-model.h:8 [literal_code_reference]; contrib/satcompute/fault/parameter/fault-parameter-validator.h:8 [include]; contrib/satcompute/fault/parameter/fault-parameter-validator.h:8 [literal_code_reference]; contrib/satcompute/fault/runtime/fault-model-engine.h:12 [include]; contrib/satcompute/fault/runtime/fault-model-engine.h:12 [literal_code_reference]; contrib/satcompute/fault/runtime/fault-prediction-engine.h:11 [include]; contrib/satcompute/fault/runtime/fault-prediction-engine.h:11 [literal_code_reference]; contrib/satcompute/satcompute.cc:12 [include]; contrib/satcompute/satcompute.cc:12 [literal_code_reference]; contrib/satcompute/tests/unit/compute-fault-execution-test.cc:6 [include]; contrib/satcompute/tests/unit/compute-fault-execution-test.cc:6 [literal_code_reference]; contrib/satcompute/tests/unit/fault-model-test.cc:8 [include]; contrib/satcompute/tests/unit/fault-model-test.cc:8 [literal_code_reference]; contrib/satcompute/tools/validation/f1-calibration.cc:6 [include]; contrib/satcompute/tools/validation/f1-calibration.cc:6 [literal_code_reference]; contrib/satcompute/tools/validation/f2-exposure-calibration.cc:9 [include]; contrib/satcompute/tools/validation/f2-exposure-calibration.cc:9 [literal_code_reference]; contrib/satcompute/tools/validation/f2-spatial-validation.cc:9 [include]; contrib/satcompute/tools/validation/f2-spatial-validation.cc:9 [literal_code_reference]","","","现有合同不变","false","0"
"contrib/satcompute/fault/model/compute-failure-predictor.cc","109","outside-protection","PUBLIC_SUBSTRATE","","故障模型/预测/执行与独立随机流；预测只能读合法过去/当前快照","contrib/satcompute/fault/model/compute-failure-predictor.cc","KEEP","contrib/satcompute/fault/model/compute-failure-predictor.h [include:5]; contrib/satcompute/fault/model/compute-fault-combination.h [include:7]","contrib/satcompute/CMakeLists.txt:48 [build_reference]","","","现有合同不变","false","0"
"contrib/satcompute/fault/model/compute-failure-predictor.h","75","outside-protection","PUBLIC_SUBSTRATE","","故障模型/预测/执行与独立随机流；预测只能读合法过去/当前快照","contrib/satcompute/fault/model/compute-failure-predictor.h","KEEP","contrib/satcompute/fault/model/f1-self-state-fault-model.h [include:8]; contrib/satcompute/fault/model/f2-radiation-fault-model.h [include:9]","contrib/satcompute/CMakeLists.txt:153 [build_reference]; contrib/satcompute/fault/model/compute-failure-predictor.cc:5 [include]; contrib/satcompute/fault/model/compute-failure-predictor.cc:5 [literal_code_reference]; contrib/satcompute/fault/runtime/fault-model-engine.cc:7 [include]; contrib/satcompute/fault/runtime/fault-model-engine.cc:7 [literal_code_reference]; contrib/satcompute/fault/runtime/fault-model-engine.h:11 [include]; contrib/satcompute/fault/runtime/fault-model-engine.h:11 [literal_code_reference]; contrib/satcompute/fault/runtime/fault-prediction-engine.h:9 [include]; contrib/satcompute/fault/runtime/fault-prediction-engine.h:9 [literal_code_reference]; contrib/satcompute/protection/policy/compfrr/frequency/compfrr-frequency-policy.h:4 [include]; contrib/satcompute/protection/policy/compfrr/frequency/compfrr-frequency-policy.h:4 [literal_code_reference]; contrib/satcompute/tests/unit/fault-model-test.cc:5 [include]; contrib/satcompute/tests/unit/fault-model-test.cc:5 [literal_code_reference]","","","现有合同不变","false","0"
"contrib/satcompute/fault/model/compute-fault-combination.cc","66","outside-protection","PUBLIC_SUBSTRATE","","故障模型/预测/执行与独立随机流；预测只能读合法过去/当前快照","contrib/satcompute/fault/model/compute-fault-combination.cc","KEEP","contrib/satcompute/fault/model/compute-fault-combination.h [include:5]","contrib/satcompute/CMakeLists.txt:49 [build_reference]","","","现有合同不变","false","0"
"contrib/satcompute/fault/model/compute-fault-combination.h","49","outside-protection","PUBLIC_SUBSTRATE","","故障模型/预测/执行与独立随机流；预测只能读合法过去/当前快照","contrib/satcompute/fault/model/compute-fault-combination.h","KEEP","","contrib/satcompute/CMakeLists.txt:154 [build_reference]; contrib/satcompute/fault/model/compute-failure-predictor.cc:7 [include]; contrib/satcompute/fault/model/compute-failure-predictor.cc:7 [literal_code_reference]; contrib/satcompute/fault/model/compute-fault-combination.cc:5 [include]; contrib/satcompute/fault/model/compute-fault-combination.cc:5 [literal_code_reference]; contrib/satcompute/fault/runtime/fault-model-engine.h:13 [include]; contrib/satcompute/fault/runtime/fault-model-engine.h:13 [literal_code_reference]; contrib/satcompute/tests/unit/fault-model-test.cc:6 [include]; contrib/satcompute/tests/unit/fault-model-test.cc:6 [literal_code_reference]; contrib/satcompute/tests/unit/n5b-policy-test.cc:7 [include]; contrib/satcompute/tests/unit/n5b-policy-test.cc:7 [literal_code_reference]","","","现有合同不变","false","0"
"contrib/satcompute/fault/model/f1-self-state-fault-model.cc","164","outside-protection","PUBLIC_SUBSTRATE","","故障模型/预测/执行与独立随机流；预测只能读合法过去/当前快照","contrib/satcompute/fault/model/f1-self-state-fault-model.cc","KEEP","contrib/satcompute/fault/model/f1-self-state-fault-model.h [include:5]","contrib/satcompute/CMakeLists.txt:50 [build_reference]","","","现有合同不变","false","0"
"contrib/satcompute/fault/model/f1-self-state-fault-model.h","68","outside-protection","PUBLIC_SUBSTRATE","","故障模型/预测/执行与独立随机流；预测只能读合法过去/当前快照","contrib/satcompute/fault/model/f1-self-state-fault-model.h","KEEP","contrib/satcompute/fault/fault-para.h [include:8]","contrib/satcompute/CMakeLists.txt:155 [build_reference]; contrib/satcompute/fault/model/compute-failure-predictor.h:8 [include]; contrib/satcompute/fault/model/compute-failure-predictor.h:8 [literal_code_reference]; contrib/satcompute/fault/model/f1-self-state-fault-model.cc:5 [include]; contrib/satcompute/fault/model/f1-self-state-fault-model.cc:5 [literal_code_reference]; contrib/satcompute/fault/runtime/fault-model-engine.h:14 [include]; contrib/satcompute/fault/runtime/fault-model-engine.h:14 [literal_code_reference]; contrib/satcompute/tests/unit/fault-model-test.cc:9 [include]; contrib/satcompute/tests/unit/fault-model-test.cc:9 [literal_code_reference]; contrib/satcompute/tools/validation/f1-calibration.cc:8 [include]; contrib/satcompute/tools/validation/f1-calibration.cc:8 [literal_code_reference]","","","现有合同不变","false","0"
"contrib/satcompute/fault/model/f2-radiation-fault-model.cc","124","outside-protection","PUBLIC_SUBSTRATE","","故障模型/预测/执行与独立随机流；预测只能读合法过去/当前快照","contrib/satcompute/fault/model/f2-radiation-fault-model.cc","KEEP","contrib/satcompute/fault/model/f2-radiation-fault-model.h [include:5]","contrib/satcompute/CMakeLists.txt:51 [build_reference]","","","现有合同不变","false","0"
"contrib/satcompute/fault/model/f2-radiation-fault-model.h","75","outside-protection","PUBLIC_SUBSTRATE","","故障模型/预测/执行与独立随机流；预测只能读合法过去/当前快照","contrib/satcompute/fault/model/f2-radiation-fault-model.h","KEEP","contrib/satcompute/fault/fault-para.h [include:8]","contrib/satcompute/CMakeLists.txt:156 [build_reference]; contrib/satcompute/fault/model/compute-failure-predictor.h:9 [include]; contrib/satcompute/fault/model/compute-failure-predictor.h:9 [literal_code_reference]; contrib/satcompute/fault/model/f2-radiation-fault-model.cc:5 [include]; contrib/satcompute/fault/model/f2-radiation-fault-model.cc:5 [literal_code_reference]; contrib/satcompute/fault/runtime/fault-model-engine.h:15 [include]; contrib/satcompute/fault/runtime/fault-model-engine.h:15 [literal_code_reference]; contrib/satcompute/tests/unit/fault-model-test.cc:10 [include]; contrib/satcompute/tests/unit/fault-model-test.cc:10 [literal_code_reference]; contrib/satcompute/tools/validation/f2-exposure-calibration.cc:7 [include]; contrib/satcompute/tools/validation/f2-exposure-calibration.cc:7 [literal_code_reference]; contrib/satcompute/tools/validation/f2-spatial-validation.cc:7 [include]; contrib/satcompute/tools/validation/f2-spatial-validation.cc:7 [literal_code_reference]","","","现有合同不变","false","0"
"contrib/satcompute/fault/model/f3-debris-fault-model.cc","175","outside-protection","PUBLIC_SUBSTRATE","","故障模型/预测/执行与独立随机流；预测只能读合法过去/当前快照","contrib/satcompute/fault/model/f3-debris-fault-model.cc","KEEP","contrib/satcompute/common/time-conversion.h [include:6]; contrib/satcompute/fault/model/f3-debris-fault-model.h [include:5]","contrib/satcompute/CMakeLists.txt:52 [build_reference]","","","现有合同不变","false","0"
"contrib/satcompute/fault/model/f3-debris-fault-model.h","63","outside-protection","PUBLIC_SUBSTRATE","","故障模型/预测/执行与独立随机流；预测只能读合法过去/当前快照","contrib/satcompute/fault/model/f3-debris-fault-model.h","KEEP","contrib/satcompute/fault/fault-para.h [include:8]","contrib/satcompute/CMakeLists.txt:157 [build_reference]; contrib/satcompute/fault/model/f3-debris-fault-model.cc:5 [include]; contrib/satcompute/fault/model/f3-debris-fault-model.cc:5 [literal_code_reference]; contrib/satcompute/fault/runtime/fault-model-engine.h:16 [include]; contrib/satcompute/fault/runtime/fault-model-engine.h:16 [literal_code_reference]; contrib/satcompute/tests/unit/fault-model-test.cc:11 [include]; contrib/satcompute/tests/unit/fault-model-test.cc:11 [literal_code_reference]","","","现有合同不变","false","0"
"contrib/satcompute/fault/parameter/fault-parameter-validator.cc","190","outside-protection","PUBLIC_SUBSTRATE","","故障模型/预测/执行与独立随机流；预测只能读合法过去/当前快照","contrib/satcompute/fault/parameter/fault-parameter-validator.cc","KEEP","contrib/satcompute/fault/parameter/fault-parameter-validator.h [include:5]","contrib/satcompute/CMakeLists.txt:53 [build_reference]","","","现有合同不变","false","0"
"contrib/satcompute/fault/parameter/fault-parameter-validator.h","32","outside-protection","PUBLIC_SUBSTRATE","","故障模型/预测/执行与独立随机流；预测只能读合法过去/当前快照","contrib/satcompute/fault/parameter/fault-parameter-validator.h","KEEP","contrib/satcompute/fault/fault-para.h [include:8]","contrib/satcompute/CMakeLists.txt:158 [build_reference]; contrib/satcompute/fault/parameter/fault-parameter-validator.cc:5 [include]; contrib/satcompute/fault/parameter/fault-parameter-validator.cc:5 [literal_code_reference]; contrib/satcompute/fault/runtime/fault-model-engine.cc:8 [include]; contrib/satcompute/fault/runtime/fault-model-engine.cc:8 [literal_code_reference]; contrib/satcompute/fault/runtime/fault-prediction-engine.cc:8 [include]; contrib/satcompute/fault/runtime/fault-prediction-engine.cc:8 [literal_code_reference]; contrib/satcompute/tests/unit/fault-model-test.cc:7 [include]; contrib/satcompute/tests/unit/fault-model-test.cc:7 [literal_code_reference]; contrib/satcompute/tools/validation/f1-calibration.cc:7 [include]; contrib/satcompute/tools/validation/f1-calibration.cc:7 [literal_code_reference]; contrib/satcompute/tools/validation/f2-exposure-calibration.cc:8 [include]; contrib/satcompute/tools/validation/f2-exposure-calibration.cc:8 [literal_code_reference]; contrib/satcompute/tools/validation/f2-spatial-validation.cc:8 [include]; contrib/satcompute/tools/validation/f2-spatial-validation.cc:8 [literal_code_reference]","","","现有合同不变","false","0"
"contrib/satcompute/fault/runtime/compute-failure-probability-record.h","34","outside-protection","PUBLIC_SUBSTRATE","","故障模型/预测/执行与独立随机流；预测只能读合法过去/当前快照","contrib/satcompute/fault/runtime/compute-failure-probability-record.h","KEEP","","contrib/satcompute/CMakeLists.txt:160 [build_reference]; contrib/satcompute/fault/runtime/fault-model-engine.h:10 [include]; contrib/satcompute/fault/runtime/fault-model-engine.h:10 [literal_code_reference]; contrib/satcompute/fault/runtime/fault-prediction-engine.h:8 [include]; contrib/satcompute/fault/runtime/fault-prediction-engine.h:8 [literal_code_reference]","","","现有合同不变","false","0"
"contrib/satcompute/fault/runtime/fault-controller.cc","574","outside-protection","PUBLIC_SUBSTRATE","","故障模型/预测/执行与独立随机流；预测只能读合法过去/当前快照","contrib/satcompute/fault/runtime/fault-controller.cc","KEEP","contrib/satcompute/fault/runtime/fault-controller.h [include:7]; contrib/satcompute/task/task-coordinator.h [include:9]; contrib/satcompute/topology/satellite-topology-controller.h [include:10]","contrib/satcompute/CMakeLists.txt:54 [build_reference]","","","现有合同不变","false","0"
"contrib/satcompute/fault/runtime/fault-controller.h","139","outside-protection","PUBLIC_SUBSTRATE","","故障模型/预测/执行与独立随机流；预测只能读合法过去/当前快照","contrib/satcompute/fault/runtime/fault-controller.h","KEEP","contrib/satcompute/fault/runtime/fault-state.h [include:8]; contrib/satcompute/fault/trace/fault-trace.h [include:10]","contrib/satcompute/CMakeLists.txt:159 [build_reference]; contrib/satcompute/fault/runtime/fault-controller.cc:7 [include]; contrib/satcompute/fault/runtime/fault-controller.cc:7 [literal_code_reference]; contrib/satcompute/fault/runtime/fault-model-engine.h:8 [include]; contrib/satcompute/fault/runtime/fault-model-engine.h:8 [literal_code_reference]; contrib/satcompute/fault/runtime/fault-prediction-engine.cc:7 [include]; contrib/satcompute/fault/runtime/fault-prediction-engine.cc:7 [literal_code_reference]; contrib/satcompute/metrics/core/fault-metrics.cc:9 [include]; contrib/satcompute/metrics/core/fault-metrics.cc:9 [literal_code_reference]; contrib/satcompute/metrics/metrics.cc:9 [include]; contrib/satcompute/metrics/metrics.cc:9 [literal_code_reference]; contrib/satcompute/satcompute.cc:11 [include]; contrib/satcompute/satcompute.cc:11 [literal_code_reference]; contrib/satcompute/tests/support/fault-injection.h:5 [include]; contrib/satcompute/tests/support/fault-injection.h:5 [literal_code_reference]; contrib/satcompute/tests/unit/cb-sat-recovery-test.cc:10 [include]; contrib/satcompute/tests/unit/cb-sat-recovery-test.cc:10 [literal_code_reference]; contrib/satcompute/tests/unit/compute-fault-execution-test.cc:5 [include]; contrib/satcompute/tests/unit/compute-fault-execution-test.cc:5 [literal_code_reference]; contrib/satcompute/tests/unit/satellite-fault-execution-test.cc:6 [include]; contrib/satcompute/tests/unit/satellite-fault-execution-test.cc:6 [literal_code_reference]","","","现有合同不变","false","0"
"contrib/satcompute/fault/runtime/fault-model-engine.cc","796","outside-protection","PUBLIC_SUBSTRATE","","故障模型/预测/执行与独立随机流；预测只能读合法过去/当前快照","contrib/satcompute/fault/runtime/fault-model-engine.cc","KEEP","contrib/satcompute/common/time-conversion.h [include:10]; contrib/satcompute/fault/model/compute-failure-predictor.h [include:7]; contrib/satcompute/fault/parameter/fault-parameter-validator.h [include:8]; contrib/satcompute/fault/runtime/fault-model-engine.h [include:5]; contrib/satcompute/task/compute-service.h [include:11]; contrib/satcompute/task/task-coordinator.h [include:12]; contrib/satcompute/topology/orbit/online-orbit-constellation.h [include:13]","contrib/satcompute/CMakeLists.txt:55 [build_reference]","","","现有合同不变","false","0"
"contrib/satcompute/fault/runtime/fault-model-engine.h","270","outside-protection","PUBLIC_SUBSTRATE","","故障模型/预测/执行与独立随机流；预测只能读合法过去/当前快照","contrib/satcompute/fault/runtime/fault-model-engine.h","KEEP","contrib/satcompute/fault/fault-para.h [include:12]; contrib/satcompute/fault/model/compute-failure-predictor.h [include:11]; contrib/satcompute/fault/model/compute-fault-combination.h [include:13]; contrib/satcompute/fault/model/f1-self-state-fault-model.h [include:14]; contrib/satcompute/fault/model/f2-radiation-fault-model.h [include:15]; contrib/satcompute/fault/model/f3-debris-fault-model.h [include:16]; contrib/satcompute/fault/runtime/compute-failure-probability-record.h [include:10]; contrib/satcompute/fault/runtime/fault-controller.h [include:8]","contrib/satcompute/CMakeLists.txt:161 [build_reference]; contrib/satcompute/fault/runtime/fault-model-engine.cc:5 [include]; contrib/satcompute/fault/runtime/fault-model-engine.cc:5 [literal_code_reference]; contrib/satcompute/metrics/core/fault-metrics.cc:10 [include]; contrib/satcompute/metrics/core/fault-metrics.cc:10 [literal_code_reference]; contrib/satcompute/metrics/metrics.cc:10 [include]; contrib/satcompute/metrics/metrics.cc:10 [literal_code_reference]; contrib/satcompute/protection/runtime/frequency-protection-controller.h:4 [include]; contrib/satcompute/protection/runtime/frequency-protection-controller.h:4 [literal_code_reference]; contrib/satcompute/protection/runtime/n5c-placement-tracker.h:6 [include]; contrib/satcompute/protection/runtime/n5c-placement-tracker.h:6 [literal_code_reference]; contrib/satcompute/satcompute.cc:13 [include]; contrib/satcompute/satcompute.cc:13 [literal_code_reference]; contrib/satcompute/tests/unit/fault-risk-query-test.cc:3 [include]; contrib/satcompute/tests/unit/fault-risk-query-test.cc:3 [literal_code_reference]; contrib/satcompute/tools/validation/compfrr-shadow/compfrr-shadow-evaluator.h:5 [include]; contrib/satcompute/tools/validation/compfrr-shadow/compfrr-shadow-evaluator.h:5 [literal_code_reference]","","","现有合同不变","false","0"
"contrib/satcompute/fault/runtime/fault-prediction-engine.cc","332","outside-protection","PUBLIC_SUBSTRATE","","故障模型/预测/执行与独立随机流；预测只能读合法过去/当前快照","contrib/satcompute/fault/runtime/fault-prediction-engine.cc","KEEP","contrib/satcompute/common/time-conversion.h [include:10]; contrib/satcompute/fault/parameter/fault-parameter-validator.h [include:8]; contrib/satcompute/fault/runtime/fault-controller.h [include:7]; contrib/satcompute/fault/runtime/fault-prediction-engine.h [include:5]; contrib/satcompute/task/compute-service.h [include:11]; contrib/satcompute/task/task-coordinator.h [include:12]; contrib/satcompute/topology/orbit/online-orbit-constellation.h [include:13]","contrib/satcompute/CMakeLists.txt:56 [build_reference]","","","现有合同不变","false","0"
"contrib/satcompute/fault/runtime/fault-prediction-engine.h","124","outside-protection","PUBLIC_SUBSTRATE","","故障模型/预测/执行与独立随机流；预测只能读合法过去/当前快照","contrib/satcompute/fault/runtime/fault-prediction-engine.h","KEEP","contrib/satcompute/fault/fault-para.h [include:11]; contrib/satcompute/fault/model/compute-failure-predictor.h [include:9]; contrib/satcompute/fault/runtime/compute-failure-probability-record.h [include:8]","contrib/satcompute/CMakeLists.txt:162 [build_reference]; contrib/satcompute/fault/runtime/fault-prediction-engine.cc:5 [include]; contrib/satcompute/fault/runtime/fault-prediction-engine.cc:5 [literal_code_reference]; contrib/satcompute/metrics/core/fault-metrics.cc:11 [include]; contrib/satcompute/metrics/core/fault-metrics.cc:11 [literal_code_reference]; contrib/satcompute/metrics/metrics.cc:11 [include]; contrib/satcompute/metrics/metrics.cc:11 [literal_code_reference]; contrib/satcompute/satcompute.cc:14 [include]; contrib/satcompute/satcompute.cc:14 [literal_code_reference]; contrib/satcompute/tests/unit/compute-fault-execution-test.cc:7 [include]; contrib/satcompute/tests/unit/compute-fault-execution-test.cc:7 [literal_code_reference]","","","现有合同不变","false","0"
"contrib/satcompute/fault/runtime/fault-state.cc","125","outside-protection","PUBLIC_SUBSTRATE","","故障模型/预测/执行与独立随机流；预测只能读合法过去/当前快照","contrib/satcompute/fault/runtime/fault-state.cc","KEEP","contrib/satcompute/fault/runtime/fault-state.h [include:5]","contrib/satcompute/CMakeLists.txt:57 [build_reference]","","","现有合同不变","false","0"
"contrib/satcompute/fault/runtime/fault-state.h","57","outside-protection","PUBLIC_SUBSTRATE","","故障模型/预测/执行与独立随机流；预测只能读合法过去/当前快照","contrib/satcompute/fault/runtime/fault-state.h","KEEP","contrib/satcompute/fault/trace/fault-definition.h [include:8]","contrib/satcompute/CMakeLists.txt:163 [build_reference]; contrib/satcompute/fault/runtime/fault-controller.h:8 [include]; contrib/satcompute/fault/runtime/fault-controller.h:8 [literal_code_reference]; contrib/satcompute/fault/runtime/fault-state.cc:5 [include]; contrib/satcompute/fault/runtime/fault-state.cc:5 [literal_code_reference]","","","现有合同不变","false","0"
"contrib/satcompute/fault/trace/fault-definition.cc","49","outside-protection","PUBLIC_SUBSTRATE","","故障模型/预测/执行与独立随机流；预测只能读合法过去/当前快照","contrib/satcompute/fault/trace/fault-definition.cc","KEEP","contrib/satcompute/fault/trace/fault-definition.h [include:5]","contrib/satcompute/CMakeLists.txt:58 [build_reference]","","","现有合同不变","false","0"
"contrib/satcompute/fault/trace/fault-definition.h","49","outside-protection","PUBLIC_SUBSTRATE","","故障模型/预测/执行与独立随机流；预测只能读合法过去/当前快照","contrib/satcompute/fault/trace/fault-definition.h","KEEP","","contrib/satcompute/CMakeLists.txt:164 [build_reference]; contrib/satcompute/fault/runtime/fault-state.h:8 [include]; contrib/satcompute/fault/runtime/fault-state.h:8 [literal_code_reference]; contrib/satcompute/fault/trace/fault-definition.cc:5 [include]; contrib/satcompute/fault/trace/fault-definition.cc:5 [literal_code_reference]; contrib/satcompute/fault/trace/fault-trace.h:8 [include]; contrib/satcompute/fault/trace/fault-trace.h:8 [literal_code_reference]; contrib/satcompute/task/task-coordinator.h:17 [include]; contrib/satcompute/task/task-coordinator.h:17 [literal_code_reference]","","","现有合同不变","false","0"
"contrib/satcompute/fault/trace/fault-trace.cc","282","outside-protection","PUBLIC_SUBSTRATE","","故障模型/预测/执行与独立随机流；预测只能读合法过去/当前快照","contrib/satcompute/fault/trace/fault-trace.cc","KEEP","contrib/satcompute/fault/trace/fault-trace.h [include:7]","contrib/satcompute/CMakeLists.txt:59 [build_reference]","","","现有合同不变","false","0"
"contrib/satcompute/fault/trace/fault-trace.h","42","outside-protection","PUBLIC_SUBSTRATE","","故障模型/预测/执行与独立随机流；预测只能读合法过去/当前快照","contrib/satcompute/fault/trace/fault-trace.h","KEEP","contrib/satcompute/fault/trace/fault-definition.h [include:8]","contrib/satcompute/CMakeLists.txt:165 [build_reference]; contrib/satcompute/fault/runtime/fault-controller.h:10 [include]; contrib/satcompute/fault/runtime/fault-controller.h:10 [literal_code_reference]; contrib/satcompute/fault/trace/fault-trace.cc:7 [include]; contrib/satcompute/fault/trace/fault-trace.cc:7 [literal_code_reference]; contrib/satcompute/satcompute.cc:15 [include]; contrib/satcompute/satcompute.cc:15 [literal_code_reference]; contrib/satcompute/tests/unit/fault-trace-test.cc:3 [include]; contrib/satcompute/tests/unit/fault-trace-test.cc:3 [literal_code_reference]","","","现有合同不变","false","0"
"contrib/satcompute/metrics/core/fault-metrics.cc","416","outside-protection","PUBLIC_SUBSTRATE","","实际 WU/bytes/storage/events 和方案 DTO 的输出；不反向驱动算法","contrib/satcompute/metrics/core/fault-metrics.cc","KEEP","contrib/satcompute/fault/runtime/fault-controller.h [include:9]; contrib/satcompute/fault/runtime/fault-model-engine.h [include:10]; contrib/satcompute/fault/runtime/fault-prediction-engine.h [include:11]; contrib/satcompute/metrics/core/fault-metrics.h [include:7]; contrib/satcompute/task/task-coordinator.h [include:12]","contrib/satcompute/CMakeLists.txt:60 [build_reference]","","","现有合同不变","false","0"
"contrib/satcompute/metrics/core/fault-metrics.h","35","outside-protection","PUBLIC_SUBSTRATE","","实际 WU/bytes/storage/events 和方案 DTO 的输出；不反向驱动算法","contrib/satcompute/metrics/core/fault-metrics.h","KEEP","contrib/satcompute/traffic/network-transfer-records.h [include:8]","contrib/satcompute/CMakeLists.txt:166 [build_reference]; contrib/satcompute/metrics/core/fault-metrics.cc:7 [include]; contrib/satcompute/metrics/core/fault-metrics.cc:7 [literal_code_reference]; contrib/satcompute/metrics/metrics.cc:12 [include]; contrib/satcompute/metrics/metrics.cc:12 [literal_code_reference]; contrib/satcompute/tests/unit/cb-sat-recovery-test.cc:7 [include]; contrib/satcompute/tests/unit/cb-sat-recovery-test.cc:7 [literal_code_reference]","","","现有合同不变","false","0"
"contrib/satcompute/metrics/core/flow-metrics.cc","334","outside-protection","PUBLIC_SUBSTRATE","","实际 WU/bytes/storage/events 和方案 DTO 的输出；不反向驱动算法","contrib/satcompute/metrics/core/flow-metrics.cc","KEEP","contrib/satcompute/metrics/core/flow-metrics.h [include:7]","contrib/satcompute/CMakeLists.txt:61 [build_reference]","","","现有合同不变","false","0"
"contrib/satcompute/metrics/core/flow-metrics.h","68","outside-protection","PUBLIC_SUBSTRATE","","实际 WU/bytes/storage/events 和方案 DTO 的输出；不反向驱动算法","contrib/satcompute/metrics/core/flow-metrics.h","KEEP","contrib/satcompute/traffic/network-transfer-records.h [include:8]","contrib/satcompute/CMakeLists.txt:167 [build_reference]; contrib/satcompute/metrics/core/flow-metrics.cc:7 [include]; contrib/satcompute/metrics/core/flow-metrics.cc:7 [literal_code_reference]; contrib/satcompute/metrics/core/run-summary.h:8 [include]; contrib/satcompute/metrics/core/run-summary.h:8 [literal_code_reference]; contrib/satcompute/metrics/diagnostics/failure-diagnostics.h:8 [include]; contrib/satcompute/metrics/diagnostics/failure-diagnostics.h:8 [literal_code_reference]; contrib/satcompute/metrics/diagnostics/flow-drop-reason-diagnostics.h:8 [include]; contrib/satcompute/metrics/diagnostics/flow-drop-reason-diagnostics.h:8 [literal_code_reference]; contrib/satcompute/metrics/metrics.cc:13 [include]; contrib/satcompute/metrics/metrics.cc:13 [literal_code_reference]; contrib/satcompute/satcompute.cc:16 [include]; contrib/satcompute/satcompute.cc:16 [literal_code_reference]","","","现有合同不变","false","0"
"contrib/satcompute/metrics/core/frequency-metrics.cc","176","outside-protection","SCHEME_EXPORT_ADAPTER","","方案特定 Frequency/P DTO 导出；只读，不驱动决策；共用实际账本但不是中性 scorer 接口","contrib/satcompute/metrics/core/frequency-metrics.cc","KEEP","contrib/satcompute/protection/runtime/frequency-protection-controller.h [include:2]","contrib/satcompute/CMakeLists.txt:42 [build_reference]","","","现有合同不变","false","0"
"contrib/satcompute/metrics/core/link-metrics-recorder.cc","277","outside-protection","PUBLIC_SUBSTRATE","","实际 WU/bytes/storage/events 和方案 DTO 的输出；不反向驱动算法","contrib/satcompute/metrics/core/link-metrics-recorder.cc","KEEP","contrib/satcompute/metrics/core/link-metrics-recorder.h [include:5]","contrib/satcompute/CMakeLists.txt:63 [build_reference]","","","现有合同不变","false","0"
"contrib/satcompute/metrics/core/link-metrics-recorder.h","118","outside-protection","PUBLIC_SUBSTRATE","","实际 WU/bytes/storage/events 和方案 DTO 的输出；不反向驱动算法","contrib/satcompute/metrics/core/link-metrics-recorder.h","KEEP","contrib/satcompute/metrics/core/link-window.h [include:8]; contrib/satcompute/topology/satellite-topology.h [include:9]; contrib/satcompute/traffic/network-transfer-engine.h [include:10]","contrib/satcompute/CMakeLists.txt:169 [build_reference]; contrib/satcompute/metrics/core/link-metrics-recorder.cc:5 [include]; contrib/satcompute/metrics/core/link-metrics-recorder.cc:5 [literal_code_reference]; contrib/satcompute/satcompute.cc:24 [include]; contrib/satcompute/satcompute.cc:24 [literal_code_reference]","","","现有合同不变","false","0"
"contrib/satcompute/metrics/core/link-window.cc","127","outside-protection","PUBLIC_SUBSTRATE","","实际 WU/bytes/storage/events 和方案 DTO 的输出；不反向驱动算法","contrib/satcompute/metrics/core/link-window.cc","KEEP","contrib/satcompute/metrics/core/link-window.h [include:5]","contrib/satcompute/CMakeLists.txt:62 [build_reference]","","","现有合同不变","false","0"
"contrib/satcompute/metrics/core/link-window.h","97","outside-protection","PUBLIC_SUBSTRATE","","实际 WU/bytes/storage/events 和方案 DTO 的输出；不反向驱动算法","contrib/satcompute/metrics/core/link-window.h","KEEP","","contrib/satcompute/CMakeLists.txt:168 [build_reference]; contrib/satcompute/metrics/core/link-metrics-recorder.h:8 [include]; contrib/satcompute/metrics/core/link-metrics-recorder.h:8 [literal_code_reference]; contrib/satcompute/metrics/core/link-window.cc:5 [include]; contrib/satcompute/metrics/core/link-window.cc:5 [literal_code_reference]; contrib/satcompute/tests/unit/link-window-test.cc:5 [include]; contrib/satcompute/tests/unit/link-window-test.cc:5 [literal_code_reference]","","","现有合同不变","false","0"
"contrib/satcompute/metrics/core/n5c-placement-metrics.cc","124","outside-protection","SCHEME_EXPORT_ADAPTER","","方案特定 Frequency/P DTO 导出；只读，不驱动决策；共用实际账本但不是中性 scorer 接口","contrib/satcompute/metrics/core/compfrr-placement-metrics.cc","RENAME_WITH_CSV_COMPAT","contrib/satcompute/protection/runtime/n5c-placement-tracker.h [include:2]","contrib/satcompute/CMakeLists.txt:32 [build_reference]; contrib/satcompute/tests/integration/regression/run-n5c-rational-u.py:58 [literal_code_reference]; contrib/satcompute/tests/integration/regression/run-n5c-recent-u.py:26 [literal_code_reference]","RENAME (内部符号/注释); KEEP_AS_PUBLIC_TERM (CLI/CSV/导出头与类型兼容)","2: #include ""../../protection/runtime/n5c-placement-tracker.h"" | 19: void N5cPlacementTracker::Write(const std::filesystem::path& directory) const | 24: std::ofstream out(directory / ""n5c-placement-decisions.csv""); | 43: << N5cVariantName(m_variant) << ',' << t.reference.localNode << ',' << t.reference.remoteNode | 61: if (m_spatialDiagnostics && m_variant == N5cVariant::RECENT_U) | 63: std::ofstream recent(directory / ""n5c-recent-u-history.csv""); | 67: ""normal_busy_ns,recovery_busy_ns,exposure_ns,cumulative_utilization,recent_utilization,"" | 82: if (m_spatialDiagnostics && m_variant == N5cVariant::RATIONAL_U) | 84: std::ofstream rational(directory / ""n5c-rational-u-history.csv""); | 98: << N5cRationalPressure(1, c.historyHorizonNs, c.continuousIdleNs) << ',' << global << ',' | 99: << N5cRationalPressure(global, c.historyHorizonNs, c.continuousIdleNs) << ',' | 116: if (busy > exposure || recovery > busy) throw std::logic_error(""N5C final history mismatch"");","头路径/类型别名、CMake、CLI/CSV/fixture、同纳秒事件与账本等价","false","0"
"contrib/satcompute/metrics/core/placement-load-metrics.cc","27","outside-protection","PUBLIC_SUBSTRATE","","实际 WU/bytes/storage/events 和方案 DTO 的输出；不反向驱动算法","contrib/satcompute/metrics/core/placement-load-metrics.cc","KEEP","contrib/satcompute/protection/runtime/placement-load-ledger.h [include:2]","contrib/satcompute/CMakeLists.txt:35 [build_reference]","","","现有合同不变","false","0"
"contrib/satcompute/metrics/core/protection-metrics.cc","156","outside-protection","PUBLIC_SUBSTRATE","","实际 WU/bytes/storage/events 和方案 DTO 的输出；不反向驱动算法","contrib/satcompute/metrics/core/protection-metrics.cc","KEEP","contrib/satcompute/metrics/core/protection-metrics.h [include:2]","contrib/satcompute/CMakeLists.txt:43 [build_reference]","","","现有合同不变","false","0"
"contrib/satcompute/metrics/core/protection-metrics.h","16","outside-protection","PUBLIC_SUBSTRATE","","实际 WU/bytes/storage/events 和方案 DTO 的输出；不反向驱动算法","contrib/satcompute/metrics/core/protection-metrics.h","KEEP","contrib/satcompute/protection/mechanism/checkpoint/checkpoint-manager.h [include:4]","contrib/satcompute/CMakeLists.txt:147 [build_reference]; contrib/satcompute/metrics/core/protection-metrics.cc:2 [include]; contrib/satcompute/metrics/core/protection-metrics.cc:2 [literal_code_reference]; contrib/satcompute/satcompute.cc:23 [include]; contrib/satcompute/satcompute.cc:23 [literal_code_reference]; contrib/satcompute/tests/unit/frequency-runtime-test.cc:11 [include]; contrib/satcompute/tests/unit/frequency-runtime-test.cc:11 [literal_code_reference]; contrib/satcompute/tests/unit/one-plus-one-baseline-test.cc:11 [include]; contrib/satcompute/tests/unit/one-plus-one-baseline-test.cc:11 [literal_code_reference]; contrib/satcompute/tests/unit/recompute-baseline-test.cc:10 [include]; contrib/satcompute/tests/unit/recompute-baseline-test.cc:10 [literal_code_reference]; contrib/satcompute/tests/unit/recovery-runtime-test.cc:12 [include]; contrib/satcompute/tests/unit/recovery-runtime-test.cc:12 [literal_code_reference]","","","现有合同不变","false","0"
"contrib/satcompute/metrics/core/recovery-metrics.cc","153","outside-protection","PUBLIC_SUBSTRATE","","实际 WU/bytes/storage/events 和方案 DTO 的输出；不反向驱动算法","contrib/satcompute/metrics/core/recovery-metrics.cc","KEEP","contrib/satcompute/protection/runtime/recovery-controller.h [include:2]","contrib/satcompute/CMakeLists.txt:41 [build_reference]","","","现有合同不变","false","0"
"contrib/satcompute/metrics/core/replica-metrics.cc","90","outside-protection","PUBLIC_SUBSTRATE","","实际 WU/bytes/storage/events 和方案 DTO 的输出；不反向驱动算法","contrib/satcompute/metrics/core/replica-metrics.cc","KEEP","contrib/satcompute/protection/mechanism/replication/replica-manager.h [include:2]","contrib/satcompute/CMakeLists.txt:40 [build_reference]","","","现有合同不变","false","0"
"contrib/satcompute/metrics/core/run-summary.cc","338","outside-protection","PUBLIC_SUBSTRATE","","实际 WU/bytes/storage/events 和方案 DTO 的输出；不反向驱动算法","contrib/satcompute/metrics/core/run-summary.cc","KEEP","contrib/satcompute/metrics/core/run-summary.h [include:7]; contrib/satcompute/metrics/core/task-metrics.h [include:9]","contrib/satcompute/CMakeLists.txt:64 [build_reference]","","","现有合同不变","false","0"
"contrib/satcompute/metrics/core/run-summary.h","77","outside-protection","PUBLIC_SUBSTRATE","","实际 WU/bytes/storage/events 和方案 DTO 的输出；不反向驱动算法","contrib/satcompute/metrics/core/run-summary.h","KEEP","contrib/satcompute/metrics/core/flow-metrics.h [include:8]; contrib/satcompute/traffic/network-transfer-receiver.h [include:9]; contrib/satcompute/traffic/network-transfer-records.h [include:10]","contrib/satcompute/CMakeLists.txt:170 [build_reference]; contrib/satcompute/metrics/core/run-summary.cc:7 [include]; contrib/satcompute/metrics/core/run-summary.cc:7 [literal_code_reference]; contrib/satcompute/metrics/diagnostics/failure-diagnostics.h:9 [include]; contrib/satcompute/metrics/diagnostics/failure-diagnostics.h:9 [literal_code_reference]; contrib/satcompute/metrics/metrics.cc:14 [include]; contrib/satcompute/metrics/metrics.cc:14 [literal_code_reference]","","","现有合同不变","false","0"
"contrib/satcompute/metrics/core/task-metrics.cc","316","outside-protection","PUBLIC_SUBSTRATE","","实际 WU/bytes/storage/events 和方案 DTO 的输出；不反向驱动算法","contrib/satcompute/metrics/core/task-metrics.cc","KEEP","contrib/satcompute/common/time-conversion.h [include:9]; contrib/satcompute/metrics/core/task-metrics.h [include:7]; contrib/satcompute/task/task-coordinator.h [include:10]","contrib/satcompute/CMakeLists.txt:65 [build_reference]","","","现有合同不变","false","0"
"contrib/satcompute/metrics/core/task-metrics.h","44","outside-protection","PUBLIC_SUBSTRATE","","实际 WU/bytes/storage/events 和方案 DTO 的输出；不反向驱动算法","contrib/satcompute/metrics/core/task-metrics.h","KEEP","","contrib/satcompute/CMakeLists.txt:171 [build_reference]; contrib/satcompute/metrics/core/run-summary.cc:9 [include]; contrib/satcompute/metrics/core/run-summary.cc:9 [literal_code_reference]; contrib/satcompute/metrics/core/task-metrics.cc:7 [include]; contrib/satcompute/metrics/core/task-metrics.cc:7 [literal_code_reference]; contrib/satcompute/metrics/metrics.cc:15 [include]; contrib/satcompute/metrics/metrics.cc:15 [literal_code_reference]; contrib/satcompute/tests/unit/cb-sat-recovery-test.cc:6 [include]; contrib/satcompute/tests/unit/cb-sat-recovery-test.cc:6 [literal_code_reference]","","","现有合同不变","false","0"
"contrib/satcompute/metrics/core/transfer-metrics.cc","69","outside-protection","PUBLIC_SUBSTRATE","","实际 WU/bytes/storage/events 和方案 DTO 的输出；不反向驱动算法","contrib/satcompute/metrics/core/transfer-metrics.cc","KEEP","contrib/satcompute/metrics/core/transfer-metrics.h [include:7]","contrib/satcompute/CMakeLists.txt:66 [build_reference]","","","现有合同不变","false","0"
"contrib/satcompute/metrics/core/transfer-metrics.h","22","outside-protection","PUBLIC_SUBSTRATE","","实际 WU/bytes/storage/events 和方案 DTO 的输出；不反向驱动算法","contrib/satcompute/metrics/core/transfer-metrics.h","KEEP","contrib/satcompute/traffic/network-transfer-records.h [include:8]","contrib/satcompute/CMakeLists.txt:172 [build_reference]; contrib/satcompute/metrics/core/transfer-metrics.cc:7 [include]; contrib/satcompute/metrics/core/transfer-metrics.cc:7 [literal_code_reference]; contrib/satcompute/metrics/metrics.cc:16 [include]; contrib/satcompute/metrics/metrics.cc:16 [literal_code_reference]","","","现有合同不变","false","0"
"contrib/satcompute/metrics/diagnostics/failure-diagnostics.cc","899","outside-protection","PUBLIC_SUBSTRATE","","实际 WU/bytes/storage/events 和方案 DTO 的输出；不反向驱动算法","contrib/satcompute/metrics/diagnostics/failure-diagnostics.cc","KEEP","contrib/satcompute/common/time-conversion.h [include:9]; contrib/satcompute/metrics/diagnostics/failure-diagnostics.h [include:7]; contrib/satcompute/task/task-coordinator.h [include:10]","contrib/satcompute/CMakeLists.txt:67 [build_reference]","","","现有合同不变","false","0"
"contrib/satcompute/metrics/diagnostics/failure-diagnostics.h","56","outside-protection","PUBLIC_SUBSTRATE","","实际 WU/bytes/storage/events 和方案 DTO 的输出；不反向驱动算法","contrib/satcompute/metrics/diagnostics/failure-diagnostics.h","KEEP","contrib/satcompute/metrics/core/flow-metrics.h [include:8]; contrib/satcompute/metrics/core/run-summary.h [include:9]; contrib/satcompute/routing/ns3/satcompute-ipv4-global-routing.h [include:10]; contrib/satcompute/topology/link/satellite-link-state.h [include:11]","contrib/satcompute/CMakeLists.txt:173 [build_reference]; contrib/satcompute/metrics/diagnostics/failure-diagnostics.cc:7 [include]; contrib/satcompute/metrics/diagnostics/failure-diagnostics.cc:7 [literal_code_reference]; contrib/satcompute/metrics/diagnostics/flow-drop-reason-diagnostics.cc:9 [include]; contrib/satcompute/metrics/diagnostics/flow-drop-reason-diagnostics.cc:9 [literal_code_reference]; contrib/satcompute/metrics/metrics.cc:17 [include]; contrib/satcompute/metrics/metrics.cc:17 [literal_code_reference]","","","现有合同不变","false","0"
"contrib/satcompute/metrics/diagnostics/flow-drop-reason-diagnostics.cc","152","outside-protection","PUBLIC_SUBSTRATE","","实际 WU/bytes/storage/events 和方案 DTO 的输出；不反向驱动算法","contrib/satcompute/metrics/diagnostics/flow-drop-reason-diagnostics.cc","KEEP","contrib/satcompute/metrics/diagnostics/failure-diagnostics.h [include:9]; contrib/satcompute/metrics/diagnostics/flow-drop-reason-diagnostics.h [include:7]","contrib/satcompute/CMakeLists.txt:68 [build_reference]","","","现有合同不变","false","0"
"contrib/satcompute/metrics/diagnostics/flow-drop-reason-diagnostics.h","25","outside-protection","PUBLIC_SUBSTRATE","","实际 WU/bytes/storage/events 和方案 DTO 的输出；不反向驱动算法","contrib/satcompute/metrics/diagnostics/flow-drop-reason-diagnostics.h","KEEP","contrib/satcompute/metrics/core/flow-metrics.h [include:8]","contrib/satcompute/CMakeLists.txt:174 [build_reference]; contrib/satcompute/metrics/diagnostics/flow-drop-reason-diagnostics.cc:7 [include]; contrib/satcompute/metrics/diagnostics/flow-drop-reason-diagnostics.cc:7 [literal_code_reference]; contrib/satcompute/metrics/metrics.cc:18 [include]; contrib/satcompute/metrics/metrics.cc:18 [literal_code_reference]","","","现有合同不变","false","0"
"contrib/satcompute/metrics/metrics.cc","440","outside-protection","PUBLIC_SUBSTRATE","","实际 WU/bytes/storage/events 和方案 DTO 的输出；不反向驱动算法","contrib/satcompute/metrics/metrics.cc","KEEP","contrib/satcompute/fault/runtime/fault-controller.h [include:9]; contrib/satcompute/fault/runtime/fault-model-engine.h [include:10]; contrib/satcompute/fault/runtime/fault-prediction-engine.h [include:11]; contrib/satcompute/metrics/core/fault-metrics.h [include:12]; contrib/satcompute/metrics/core/flow-metrics.h [include:13]; contrib/satcompute/metrics/core/run-summary.h [include:14]; contrib/satcompute/metrics/core/task-metrics.h [include:15]; contrib/satcompute/metrics/core/transfer-metrics.h [include:16]; contrib/satcompute/metrics/diagnostics/failure-diagnostics.h [include:17]; contrib/satcompute/metrics/diagnostics/flow-drop-reason-diagnostics.h [include:18]; contrib/satcompute/metrics/metrics.h [include:7]; contrib/satcompute/metrics/routing/capacity-aware-metrics.h [include:19]; contrib/satcompute/metrics/routing/ecmp-metrics.h [include:20]; contrib/satcompute/metrics/routing/size-aware-metrics.h [include:21]","contrib/satcompute/CMakeLists.txt:73 [build_reference]","","","现有合同不变","false","0"
"contrib/satcompute/metrics/metrics.h","85","outside-protection","PUBLIC_SUBSTRATE","","实际 WU/bytes/storage/events 和方案 DTO 的输出；不反向驱动算法","contrib/satcompute/metrics/metrics.h","KEEP","contrib/satcompute/para.h [include:8]; contrib/satcompute/routing/ns3/satcompute-ipv4-global-routing.h [include:9]; contrib/satcompute/routing/state/capacity-reservation-state.h [include:10]; contrib/satcompute/routing/state/flow-route-registry.h [include:11]; contrib/satcompute/task/task-coordinator.h [include:12]; contrib/satcompute/topology/link/satellite-link-state.h [include:13]; contrib/satcompute/traffic/network-transfer-engine.h [include:14]","contrib/satcompute/CMakeLists.txt:179 [build_reference]; contrib/satcompute/metrics/metrics.cc:7 [include]; contrib/satcompute/metrics/metrics.cc:7 [literal_code_reference]; contrib/satcompute/satcompute.cc:28 [include]; contrib/satcompute/satcompute.cc:28 [literal_code_reference]","","","现有合同不变","false","0"
"contrib/satcompute/metrics/routing/capacity-aware-metrics.cc","70","outside-protection","PUBLIC_SUBSTRATE","","实际 WU/bytes/storage/events 和方案 DTO 的输出；不反向驱动算法","contrib/satcompute/metrics/routing/capacity-aware-metrics.cc","KEEP","contrib/satcompute/metrics/routing/capacity-aware-metrics.h [include:7]","contrib/satcompute/CMakeLists.txt:69 [build_reference]","","","现有合同不变","false","0"
"contrib/satcompute/metrics/routing/capacity-aware-metrics.h","21","outside-protection","PUBLIC_SUBSTRATE","","实际 WU/bytes/storage/events 和方案 DTO 的输出；不反向驱动算法","contrib/satcompute/metrics/routing/capacity-aware-metrics.h","KEEP","contrib/satcompute/routing/state/capacity-reservation-state.h [include:8]","contrib/satcompute/CMakeLists.txt:175 [build_reference]; contrib/satcompute/metrics/metrics.cc:19 [include]; contrib/satcompute/metrics/metrics.cc:19 [literal_code_reference]; contrib/satcompute/metrics/routing/capacity-aware-metrics.cc:7 [include]; contrib/satcompute/metrics/routing/capacity-aware-metrics.cc:7 [literal_code_reference]","","","现有合同不变","false","0"
"contrib/satcompute/metrics/routing/ecmp-metrics.cc","62","outside-protection","PUBLIC_SUBSTRATE","","实际 WU/bytes/storage/events 和方案 DTO 的输出；不反向驱动算法","contrib/satcompute/metrics/routing/ecmp-metrics.cc","KEEP","contrib/satcompute/metrics/routing/ecmp-metrics.h [include:7]","contrib/satcompute/CMakeLists.txt:70 [build_reference]","","","现有合同不变","false","0"
"contrib/satcompute/metrics/routing/ecmp-metrics.h","21","outside-protection","PUBLIC_SUBSTRATE","","实际 WU/bytes/storage/events 和方案 DTO 的输出；不反向驱动算法","contrib/satcompute/metrics/routing/ecmp-metrics.h","KEEP","contrib/satcompute/routing/ns3/satcompute-ipv4-global-routing.h [include:8]","contrib/satcompute/CMakeLists.txt:176 [build_reference]; contrib/satcompute/metrics/metrics.cc:20 [include]; contrib/satcompute/metrics/metrics.cc:20 [literal_code_reference]; contrib/satcompute/metrics/routing/ecmp-metrics.cc:7 [include]; contrib/satcompute/metrics/routing/ecmp-metrics.cc:7 [literal_code_reference]","","","现有合同不变","false","0"
"contrib/satcompute/metrics/routing/ecmp-route-recorder.cc","63","outside-protection","PUBLIC_SUBSTRATE","","实际 WU/bytes/storage/events 和方案 DTO 的输出；不反向驱动算法","contrib/satcompute/metrics/routing/ecmp-route-recorder.cc","KEEP","contrib/satcompute/metrics/routing/ecmp-route-recorder.h [include:7]; contrib/satcompute/routing/ns3/satcompute-ipv4-global-routing-helper.h [include:9]; contrib/satcompute/topology/satellite-id-map.h [include:10]; contrib/satcompute/topology/satellite-topology-controller.h [include:12]; contrib/satcompute/topology/satellite-topology.h [include:11]","contrib/satcompute/CMakeLists.txt:71 [build_reference]","","","现有合同不变","false","0"
"contrib/satcompute/metrics/routing/ecmp-route-recorder.h","36","outside-protection","PUBLIC_SUBSTRATE","","实际 WU/bytes/storage/events 和方案 DTO 的输出；不反向驱动算法","contrib/satcompute/metrics/routing/ecmp-route-recorder.h","KEEP","contrib/satcompute/routing/ns3/satcompute-ipv4-global-routing.h [include:8]","contrib/satcompute/CMakeLists.txt:177 [build_reference]; contrib/satcompute/metrics/routing/ecmp-route-recorder.cc:7 [include]; contrib/satcompute/metrics/routing/ecmp-route-recorder.cc:7 [literal_code_reference]; contrib/satcompute/satcompute.cc:10 [include]; contrib/satcompute/satcompute.cc:10 [literal_code_reference]","","","现有合同不变","false","0"
"contrib/satcompute/metrics/routing/size-aware-metrics.cc","123","outside-protection","PUBLIC_SUBSTRATE","","实际 WU/bytes/storage/events 和方案 DTO 的输出；不反向驱动算法","contrib/satcompute/metrics/routing/size-aware-metrics.cc","KEEP","contrib/satcompute/metrics/routing/size-aware-metrics.h [include:7]","contrib/satcompute/CMakeLists.txt:72 [build_reference]","","","现有合同不变","false","0"
"contrib/satcompute/metrics/routing/size-aware-metrics.h","23","outside-protection","PUBLIC_SUBSTRATE","","实际 WU/bytes/storage/events 和方案 DTO 的输出；不反向驱动算法","contrib/satcompute/metrics/routing/size-aware-metrics.h","KEEP","contrib/satcompute/routing/state/flow-route-registry.h [include:8]","contrib/satcompute/CMakeLists.txt:178 [build_reference]; contrib/satcompute/metrics/metrics.cc:21 [include]; contrib/satcompute/metrics/metrics.cc:21 [literal_code_reference]; contrib/satcompute/metrics/routing/size-aware-metrics.cc:7 [include]; contrib/satcompute/metrics/routing/size-aware-metrics.cc:7 [literal_code_reference]","","","现有合同不变","false","0"
"contrib/satcompute/para.cc","171","outside-protection","COMPOSITION_ROOT","","参数与 CLI 校验、方案实例组装；保留默认值与外部枚举","contrib/satcompute/para.cc","KEEP","contrib/satcompute/para.h [include:7]","contrib/satcompute/CMakeLists.txt:4 [build_reference]; contrib/satcompute/protection/policy/baseline/checkbullet/tools/analyze-cb-sat-matrix.py:45 [literal_code_reference]; contrib/satcompute/tests/integration/regression/run-checkpoint-maintenance.py:27 [literal_code_reference]; contrib/satcompute/tests/integration/regression/run-n5c-rational-multirun.py:25 [literal_code_reference]; contrib/satcompute/tests/integration/regression/run-recovery-deadline-reruns.py:44 [literal_code_reference]; contrib/satcompute/tests/unit/test_n5c_rational_multirun.py:32 [literal_code_reference]; contrib/satcompute/tests/unit/test_n5c_u_audit.py:157 [literal_code_reference]; contrib/satcompute/tests/unit/test_recovery_u_revalidation.py:21 [literal_code_reference]","RENAME (内部符号/注释); KEEP_AS_PUBLIC_TERM (CLI/CSV/导出头与类型兼容)","123: // N5C V4：full 使用三项压力；noR/noU/noM 仅删除一项评分，仍保留全部硬约束。 | 124: config.n5cVariant = ""full"";","现有合同不变","false","0"
"contrib/satcompute/para.h","93","outside-protection","COMPOSITION_ROOT","","参数与 CLI 校验、方案实例组装；保留默认值与外部枚举","contrib/satcompute/para.h","KEEP","","contrib/satcompute/CMakeLists.txt:107 [build_reference]; contrib/satcompute/metrics/metrics.h:8 [include]; contrib/satcompute/metrics/metrics.h:8 [literal_code_reference]; contrib/satcompute/para.cc:7 [include]; contrib/satcompute/para.cc:7 [literal_code_reference]; contrib/satcompute/protection/policy/baseline/checkbullet/tools/analyze-cb-sat-matrix.py:45 [literal_code_reference]; contrib/satcompute/satcompute.cc:26 [include]; contrib/satcompute/satcompute.cc:26 [literal_code_reference]; contrib/satcompute/tests/integration/regression/run-checkpoint-maintenance.py:27 [literal_code_reference]; contrib/satcompute/tests/integration/regression/run-n5c-rational-u.py:58 [literal_code_reference]; contrib/satcompute/tests/integration/regression/run-n5c-recent-u.py:23 [literal_code_reference]; contrib/satcompute/tests/integration/regression/run-recovery-deadline-reruns.py:44 [literal_code_reference]; contrib/satcompute/tests/support/config-factory.h:9 [include]; contrib/satcompute/tests/support/config-factory.h:9 [literal_code_reference]; contrib/satcompute/tests/unit/para-test.cc:5 [include]; contrib/satcompute/tests/unit/para-test.cc:5 [literal_code_reference]; contrib/satcompute/tests/unit/protection-contract-test.cc:7 [include]; contrib/satcompute/tests/unit/protection-contract-test.cc:7 [literal_code_reference]; contrib/satcompute/topology/online/online-topology-controller.h:8 [include]; contrib/satcompute/topology/online/online-topology-controller.h:8 [literal_code_reference]","RENAME (内部符号/注释); KEEP_AS_PUBLIC_TERM (CLI/CSV/导出头与类型兼容)","66: std::string n5cVariant; ///< full/noR/noU/noM/recent-U/rational-U; scoring only, never hard feasibility.","现有合同不变","false","0"
"contrib/satcompute/protection/README.md","661","README.md","DOC_OR_TOOL","","模块说明或历史来源；详见 docs manifest","contrib/satcompute/protection/README.md","KEEP","","contrib/satcompute/tests/unit/test_checkpoint_maintenance.py:33 [literal_code_reference]","ARCHIVE_ONLY (历史文字)","3: N5A 回答“怎样执行保护”，N5B 才决定启动/频率，N5C 才优化节点选择。 | 6: FIXED 正式场景仅为执行验收，不代表 CompFRR 算法效果。N5A 已合入 n5； | 7: N5B 已将独立频率策略接入在线故障与真实 checkpoint；N5C V4 在其后选择 designated remote。 | 32: | `../metrics/core/frequency-metrics.cc` | 独立逐 epoch 决策 CSV；不混入 N5A actual 成本账本 | | 55: | `placementMode` | `fa-ffp` | `ffp/lrl` 最小筛选；`fa-ffp/fa-lrl` 可行性感知筛选，五种保护模式均可注入；`n5c` 仅用于 CompFRR | | 56: | `n5cVariant` | `full` | `full/noR/noU/noM/recent-U/rational-U`；只改变评分，不改变硬约束，要求 placement=n5c | | 87: 完整 recompute 与 one-plus-one 均支持四种 baseline placement；`placementMode=n5c` 仅允许 CompFRR。 | 89: ### Pre-N5C 可行性筛选消融 | 135: ## N5B：频率策略与在线接线 | 179: `FrequencyDecisionGate` 只维护单任务策略状态，真实初始化、记录、批次和故障仍由 N5A 执行。 | 186: N5B-G2/G3 正式接入和算法比较采用在线 **generate**。固定输入和配对 seed/run 不保证不同策略 | 187: 得到同一故障序列：恢复计算改变负载与温度是 F1 闭环的一部分。N5A 的 validation-replay | 255: 真实预留、拒绝、发送和清理由 N5A 账本执行；预测通过不等于资源已预留。 | 266: N5C quota 更新仍替换旧峰值，结束释放；每次维护同时遵守实际容量、其他任务承诺和本任务 remote 峰值， | 277: 阶段证据：[G1](../../../docs/n5/reviews/N5B-G1-frequency-policy.md)、 | 278: [G2](../../../docs/n5/reviews/N5B-G2-dynamic-frequency-runtime.md)、 | 279: [G3 正式对照](../../../docs/n5/reviews/N5B-G3-frequency-evaluation.md)。 | 481: 三种候选估计和实际收齐时刻。它是恢复机制，不改变 N5B 的 FFP/LRL 放置排序。 | 522: ## N5C V4：固定配置后的备份节点选择 | 524: 启用 `--protectionMode=compfrr --placementMode=n5c`，支持 Eager/Deferred，默认参数不替换 FA-FFP。 | 525: `--n5cVariant=full/noR/noU/noM` 仅控制评分维度；消融仍记录三项原值，保留全部硬约束。 | 526: 另有实验选项 `recent-U`，只把评分使用的 U 改为近期窗口，默认仍为 `full`。 | 530: | `policy/compfrr/placement/n5c-placement-policy.h/.cc` | V4 恢复冲突、历史利用率、存储压力、确定性 min-max 排名和远端 peak quota 账本 | | 531: | `runtime/frequency-n5c-adapter.cc` | 当前状态/原生预测器到候选的只读适配，不重新求解 Frequency | | 532: | `runtime/n5c-placement-tracker.h/.cc` | quota 替换/释放、实际 READY、assignment 时间积分和真实 storage byte-time 观察 | | 534: | `../metrics/core/n5c-placement-metrics.cc` | 候选决策与节点资源诊断，绝不代替真实网络/计算账本 | | 538: 然后用实际 remote 的算力、带宽、存储验证固定配置，按 V4 排名。未越过完整同纳秒故障批次 | 551: V4 的串加时间只作候选估计，实际恢复仍按既有 INPUT/state 并发屏障执行。 | 558: `recent-U` 的窗口是 `[max(0,t-H),t)`，H 为当前主任务精确剩余纯计算时间（整数 ns）， | 563: `n5c-recent-u-history.csv` 记录每个候选的 H、起止、分子、分母和 `recent_utilization`。 | 564: 只有 `recent-U` 输出此表；旧变体的原 CSV 合同不变。近期 U 大量为零、与 noU 排名退化一致的 | 567: `rational-U` 是独立实验变体，使用 `U_global * H/(H+I)` 替换评分中的 U， | 572: `n5c-rational-u-history.csv` 单独记录 H、I、freshness、累计 U 与 rational pressure； | 575: 当前 `recent-U` 已停止正式实验（保留代码和未完成输出）；Rational-U 只获准 run 11 一组验证， | 576: 不代表已替换默认 FULL。结果见 [Rational-U 主场景审计](../../../docs/n5/reviews/N5C-rational-U-main-scenario.md)。 | 578: `n5c-placement-decisions.csv` 只记录 START 后的空间提案，区分 reference/实际资源、候选及最终准入。 | 581: FA-FFP 等不会因此启用 N5C quota。原场景、故障随机流、Routing、恢复策略和工作量标度不变。 | 583: [N5C 验收记录](../../../docs/n5/reviews/N5B-closeout-N5C-kickoff.md)。 | 589: ## 资源账本与 Pre-N5C 冻结口径 | 611: [32组正式报告](../../../docs/n5/reviews/Pre-N5C-placement-baselines-final.md)。 | 617: LRL/FA-LRL 是 N5C 的强 baseline，必须在同一受控合同下公平比较，不预设结果； | 637: N5A 历史机制诊断列为 | 658: [N5A-G1](../../../docs/n5/reviews/N5A-G1-architecture-storage.md)、 | 659: [N5A-G2](../../../docs/n5/reviews/N5A-G2-fixed-backup-path.md)、 | 660: [N5A-G3](../../../docs/n5/reviews/N5A-G3-recovery-loop.md)、 | 661: [N5A-G4](../../../docs/n5/reviews/N5A-G4-integration-accounting.md)。","现有合同不变","false","81"
"contrib/satcompute/protection/common/protection-types.cc","104","common","COMMON_CONTRACT","","动作、attempt、阶段与 mode 类型混合；抽 neutral contract 时保留旧 include/type","contrib/satcompute/protection/common/protection-types.cc","EXTRACT_CONTRACT_OR_EXECUTOR_KEEP_OWNER","contrib/satcompute/protection/common/protection-types.h [include:2]","contrib/satcompute/CMakeLists.txt:6 [build_reference]","","","头路径/类型别名、CMake、CLI/CSV/fixture、同纳秒事件与账本等价","false","0"
"contrib/satcompute/protection/common/protection-types.h","206","common","COMMON_CONTRACT","","动作、attempt、阶段与 mode 类型混合；抽 neutral contract 时保留旧 include/type","contrib/satcompute/protection/common/protection-types.h","EXTRACT_CONTRACT_OR_EXECUTOR_KEEP_OWNER","","contrib/satcompute/CMakeLists.txt:109 [build_reference]; contrib/satcompute/protection/common/protection-types.cc:2 [include]; contrib/satcompute/protection/common/protection-types.cc:2 [literal_code_reference]; contrib/satcompute/protection/common/task-state-adapter.h:5 [include]; contrib/satcompute/protection/common/task-state-adapter.h:5 [literal_code_reference]; contrib/satcompute/protection/policy/compfrr/frequency/compfrr-frequency-policy.h:5 [include]; contrib/satcompute/protection/policy/compfrr/frequency/compfrr-frequency-policy.h:5 [literal_code_reference]; contrib/satcompute/protection/policy/placement-policy.h:4 [include]; contrib/satcompute/protection/policy/placement-policy.h:4 [literal_code_reference]; contrib/satcompute/protection/runtime/protection-runtime.h:4 [include]; contrib/satcompute/protection/runtime/protection-runtime.h:4 [literal_code_reference]; contrib/satcompute/protection/runtime/protection-transfer-key.h:4 [include]; contrib/satcompute/protection/runtime/protection-transfer-key.h:4 [literal_code_reference]","","","头路径/类型别名、CMake、CLI/CSV/fixture、同纳秒事件与账本等价","false","0"
"contrib/satcompute/protection/common/task-state-adapter.cc","171","common","COMMON_CONTRACT","","四类任务状态字节与 committed layout；含 Eager/Deferred 差异","contrib/satcompute/protection/common/task-state-adapter.cc","EXTRACT_CONTRACT_OR_EXECUTOR_KEEP_OWNER","contrib/satcompute/protection/common/task-state-adapter.h [include:2]","contrib/satcompute/CMakeLists.txt:8 [build_reference]","","","头路径/类型别名、CMake、CLI/CSV/fixture、同纳秒事件与账本等价","false","0"
"contrib/satcompute/protection/common/task-state-adapter.h","82","common","COMMON_CONTRACT","","四类任务状态字节与 committed layout；含 Eager/Deferred 差异","contrib/satcompute/protection/common/task-state-adapter.h","EXTRACT_CONTRACT_OR_EXECUTOR_KEEP_OWNER","contrib/satcompute/protection/common/protection-types.h [include:5]; contrib/satcompute/task/compute-task.h [include:4]","contrib/satcompute/CMakeLists.txt:111 [build_reference]; contrib/satcompute/protection/common/task-state-adapter.cc:2 [include]; contrib/satcompute/protection/common/task-state-adapter.cc:2 [literal_code_reference]; contrib/satcompute/protection/mechanism/checkpoint/checkpoint-progress.h:4 [include]; contrib/satcompute/protection/mechanism/checkpoint/checkpoint-progress.h:4 [literal_code_reference]; contrib/satcompute/protection/policy/baseline/checkbullet/cb-sat-policy.h:4 [include]; contrib/satcompute/protection/policy/baseline/checkbullet/cb-sat-policy.h:4 [literal_code_reference]; contrib/satcompute/protection/policy/compfrr/frequency/compfrr-frequency-policy.h:6 [include]; contrib/satcompute/protection/policy/compfrr/frequency/compfrr-frequency-policy.h:6 [literal_code_reference]","","","头路径/类型别名、CMake、CLI/CSV/fixture、同纳秒事件与账本等价","false","0"
"contrib/satcompute/protection/mechanism/checkpoint/checkpoint-manager.cc","1173","mechanism","OPTIONAL_MECHANISM","","capture/batch/apply/cleanup + 共享传输队列混合；先抽 queue/ID ledger","contrib/satcompute/protection/mechanism/checkpoint/checkpoint-manager.cc","EXTRACT_CONTRACT_OR_EXECUTOR_KEEP_OWNER","contrib/satcompute/protection/mechanism/checkpoint/checkpoint-manager.h [include:2]","contrib/satcompute/CMakeLists.txt:26 [build_reference]; contrib/satcompute/tests/unit/test_checkpoint_maintenance.py:34 [literal_code_reference]","","","头路径/类型别名、CMake、CLI/CSV/fixture、同纳秒事件与账本等价","false","0"
"contrib/satcompute/protection/mechanism/checkpoint/checkpoint-manager.h","308","mechanism","OPTIONAL_MECHANISM","","capture/batch/apply/cleanup + 共享传输队列混合；先抽 queue/ID ledger","contrib/satcompute/protection/mechanism/checkpoint/checkpoint-manager.h","EXTRACT_CONTRACT_OR_EXECUTOR_KEEP_OWNER","contrib/satcompute/protection/mechanism/checkpoint/checkpoint-progress.h [include:8]; contrib/satcompute/protection/runtime/protection-runtime.h [include:5]; contrib/satcompute/protection/runtime/protection-transfer-key.h [include:6]; contrib/satcompute/protection/storage/backup-storage-pool.h [include:7]; contrib/satcompute/task/task-coordinator.h [include:4]","contrib/satcompute/CMakeLists.txt:132 [build_reference]; contrib/satcompute/metrics/core/protection-metrics.h:4 [include]; contrib/satcompute/metrics/core/protection-metrics.h:4 [literal_code_reference]; contrib/satcompute/protection/mechanism/checkpoint/checkpoint-manager.cc:2 [include]; contrib/satcompute/protection/mechanism/checkpoint/checkpoint-manager.cc:2 [literal_code_reference]; contrib/satcompute/protection/mechanism/replication/replica-manager.h:4 [include]; contrib/satcompute/protection/mechanism/replication/replica-manager.h:4 [literal_code_reference]; contrib/satcompute/protection/runtime/fixed-protection-controller.h:4 [include]; contrib/satcompute/protection/runtime/fixed-protection-controller.h:4 [literal_code_reference]; contrib/satcompute/protection/runtime/frequency-storage-estimator.h:4 [include]; contrib/satcompute/protection/runtime/frequency-storage-estimator.h:4 [literal_code_reference]; contrib/satcompute/protection/runtime/n5c-placement-tracker.h:5 [include]; contrib/satcompute/protection/runtime/n5c-placement-tracker.h:5 [literal_code_reference]; contrib/satcompute/protection/runtime/recovery-controller.h:5 [include]; contrib/satcompute/protection/runtime/recovery-controller.h:5 [literal_code_reference]; contrib/satcompute/tests/unit/protection-path-test.cc:3 [include]; contrib/satcompute/tests/unit/protection-path-test.cc:3 [literal_code_reference]; contrib/satcompute/tests/unit/recovery-runtime-test.cc:4 [include]; contrib/satcompute/tests/unit/recovery-runtime-test.cc:4 [literal_code_reference]","","","头路径/类型别名、CMake、CLI/CSV/fixture、同纳秒事件与账本等价","false","0"
"contrib/satcompute/protection/mechanism/checkpoint/checkpoint-progress.cc","134","mechanism","OPTIONAL_MECHANISM","","检查点 WU 进度与连续序列状态","contrib/satcompute/protection/mechanism/checkpoint/checkpoint-progress.cc","KEEP","contrib/satcompute/protection/mechanism/checkpoint/checkpoint-progress.h [include:2]","contrib/satcompute/CMakeLists.txt:25 [build_reference]","","","现有合同不变","false","0"
"contrib/satcompute/protection/mechanism/checkpoint/checkpoint-progress.h","71","mechanism","OPTIONAL_MECHANISM","","检查点 WU 进度与连续序列状态","contrib/satcompute/protection/mechanism/checkpoint/checkpoint-progress.h","KEEP","contrib/satcompute/protection/common/task-state-adapter.h [include:4]","contrib/satcompute/CMakeLists.txt:131 [build_reference]; contrib/satcompute/protection/mechanism/checkpoint/checkpoint-manager.h:8 [include]; contrib/satcompute/protection/mechanism/checkpoint/checkpoint-manager.h:8 [literal_code_reference]; contrib/satcompute/protection/mechanism/checkpoint/checkpoint-progress.cc:2 [include]; contrib/satcompute/protection/mechanism/checkpoint/checkpoint-progress.cc:2 [literal_code_reference]; contrib/satcompute/tests/unit/n5b-policy-test.cc:4 [include]; contrib/satcompute/tests/unit/n5b-policy-test.cc:4 [literal_code_reference]; contrib/satcompute/tests/unit/protection-contract-test.cc:3 [include]; contrib/satcompute/tests/unit/protection-contract-test.cc:3 [literal_code_reference]","","","现有合同不变","false","0"
"contrib/satcompute/protection/mechanism/replication/replica-manager.cc","519","mechanism","OPTIONAL_MECHANISM","","一次性正常副本、真实流、同纳秒 takeover；使用空 checkpoint ledger 不等于获得 checkpoint","contrib/satcompute/protection/mechanism/replication/replica-manager.cc","KEEP","contrib/satcompute/protection/mechanism/replication/replica-manager.h [include:2]","contrib/satcompute/CMakeLists.txt:39 [build_reference]","","","现有合同不变","false","0"
"contrib/satcompute/protection/mechanism/replication/replica-manager.h","109","mechanism","OPTIONAL_MECHANISM","","一次性正常副本、真实流、同纳秒 takeover；使用空 checkpoint ledger 不等于获得 checkpoint","contrib/satcompute/protection/mechanism/replication/replica-manager.h","KEEP","contrib/satcompute/protection/mechanism/checkpoint/checkpoint-manager.h [include:4]; contrib/satcompute/protection/policy/baseline/one-plus-one/one-plus-one-policy.h [include:5]; contrib/satcompute/protection/runtime/placement-load-ledger.h [include:7]; contrib/satcompute/traffic/local-delivery.h [include:6]","contrib/satcompute/CMakeLists.txt:143 [build_reference]; contrib/satcompute/metrics/core/replica-metrics.cc:2 [include]; contrib/satcompute/metrics/core/replica-metrics.cc:2 [literal_code_reference]; contrib/satcompute/protection/mechanism/replication/replica-manager.cc:2 [include]; contrib/satcompute/protection/mechanism/replication/replica-manager.cc:2 [literal_code_reference]; contrib/satcompute/protection/runtime/one-plus-one-controller.h:4 [include]; contrib/satcompute/protection/runtime/one-plus-one-controller.h:4 [literal_code_reference]","","","现有合同不变","false","0"
"contrib/satcompute/protection/policy/baseline/checkbullet/README.md","107","policy","DOC_OR_TOOL","","模块说明或历史来源；详见 docs manifest","contrib/satcompute/protection/baseline/checkbullet/README.md","MOVE_VERTICAL_PACKAGE_WITH_COMPAT","","","ARCHIVE_ONLY (历史文字)","6: [历史验收报告](../../../../../../docs/n5/reviews/Pre-N5C-cb-sat-v2.md)。2026-09-13 审计发现 | 8: [收口审计](../../../../../../docs/n5/reviews/N5B-closeout-N5C-kickoff.md)。 | 102: V7 联合比较及其分析器保留在实验分支，不成为正式主线依赖，见 | 103: [历史联合审计](https://github.com/forest-rabbit/SCP-SatComPlate/blob/2ff3c5c98d58ed68c192f97cf47dff7a7e45cefd/docs/n5/reviews/Pre-N5C-v7-cbsat-joint-audit.md)。","头路径/类型别名、CMake、CLI/CSV/fixture、同纳秒事件与账本等价","false","83"
"contrib/satcompute/protection/policy/baseline/checkbullet/calibration/frozen-mtbf-profile.json","6603","policy","DOC_OR_TOOL","","运行时冻结 MTBF 数据；不是可丢弃实验输出","contrib/satcompute/protection/baseline/checkbullet/calibration/frozen-mtbf-profile.json","MOVE_VERTICAL_PACKAGE_WITH_COMPAT","","contrib/satcompute/CMakeLists.txt:244 [build_reference]; contrib/satcompute/protection/policy/baseline/checkbullet/tools/cb_tools.py:19 [literal_code_reference]","","","头路径/类型别名、CMake、CLI/CSV/fixture、同纳秒事件与账本等价","false","0"
"contrib/satcompute/protection/policy/baseline/checkbullet/cb-sat-config.cc","63","policy","BASELINE_VERTICAL_PACKAGE","","CB-Sat 参数与冻结 MTBF 读取","contrib/satcompute/protection/baseline/checkbullet/cb-sat-config.cc","MOVE_VERTICAL_PACKAGE_WITH_COMPAT","contrib/satcompute/protection/policy/baseline/checkbullet/cb-sat-config.h [include:2]","contrib/satcompute/CMakeLists.txt:13 [build_reference]; contrib/satcompute/CMakeLists.txt:242 [build_reference]","","","头路径/类型别名、CMake、CLI/CSV/fixture、同纳秒事件与账本等价","false","0"
"contrib/satcompute/protection/policy/baseline/checkbullet/cb-sat-config.h","25","policy","BASELINE_VERTICAL_PACKAGE","","CB-Sat 参数与冻结 MTBF 读取","contrib/satcompute/protection/baseline/checkbullet/cb-sat-config.h","MOVE_VERTICAL_PACKAGE_WITH_COMPAT","","contrib/satcompute/CMakeLists.txt:116 [build_reference]; contrib/satcompute/protection/policy/baseline/checkbullet/cb-sat-config.cc:2 [include]; contrib/satcompute/protection/policy/baseline/checkbullet/cb-sat-config.cc:2 [literal_code_reference]; contrib/satcompute/protection/policy/baseline/checkbullet/cb-sat-controller.h:4 [include]; contrib/satcompute/protection/policy/baseline/checkbullet/cb-sat-controller.h:4 [literal_code_reference]; contrib/satcompute/tests/unit/cb-sat-config-test.cc:2 [include]; contrib/satcompute/tests/unit/cb-sat-config-test.cc:2 [literal_code_reference]","","","头路径/类型别名、CMake、CLI/CSV/fixture、同纳秒事件与账本等价","false","0"
"contrib/satcompute/protection/policy/baseline/checkbullet/cb-sat-controller.cc","59","policy","BASELINE_VERTICAL_PACKAGE","","CB-Sat 自有事件控制器","contrib/satcompute/protection/baseline/checkbullet/cb-sat-controller.cc","MOVE_VERTICAL_PACKAGE_WITH_COMPAT","contrib/satcompute/protection/policy/baseline/checkbullet/cb-sat-controller.h [include:2]","contrib/satcompute/CMakeLists.txt:14 [build_reference]","","","头路径/类型别名、CMake、CLI/CSV/fixture、同纳秒事件与账本等价","false","0"
"contrib/satcompute/protection/policy/baseline/checkbullet/cb-sat-controller.h","32","policy","BASELINE_VERTICAL_PACKAGE","","CB-Sat 自有事件控制器","contrib/satcompute/protection/baseline/checkbullet/cb-sat-controller.h","MOVE_VERTICAL_PACKAGE_WITH_COMPAT","contrib/satcompute/protection/policy/baseline/checkbullet/cb-sat-config.h [include:4]; contrib/satcompute/protection/policy/baseline/checkbullet/cb-sat-recovery.h [include:5]","contrib/satcompute/CMakeLists.txt:117 [build_reference]; contrib/satcompute/protection/policy/baseline/checkbullet/cb-sat-controller.cc:2 [include]; contrib/satcompute/protection/policy/baseline/checkbullet/cb-sat-controller.cc:2 [literal_code_reference]; contrib/satcompute/protection/policy/baseline/checkbullet/cb-sat-metrics.cc:2 [include]; contrib/satcompute/protection/policy/baseline/checkbullet/cb-sat-metrics.cc:2 [literal_code_reference]; contrib/satcompute/satcompute.cc:21 [include]; contrib/satcompute/satcompute.cc:21 [literal_code_reference]; contrib/satcompute/tests/unit/cb-sat-recovery-test.cc:4 [include]; contrib/satcompute/tests/unit/cb-sat-recovery-test.cc:4 [literal_code_reference]","","","头路径/类型别名、CMake、CLI/CSV/fixture、同纳秒事件与账本等价","false","0"
"contrib/satcompute/protection/policy/baseline/checkbullet/cb-sat-manager.cc","864","policy","BASELINE_VERTICAL_PACKAGE","","CB-Sat full INPUT/root/连续 log 对象与独立 H-boundary retry","contrib/satcompute/protection/baseline/checkbullet/cb-sat-manager.cc","MOVE_VERTICAL_PACKAGE_WITH_COMPAT","contrib/satcompute/protection/policy/baseline/checkbullet/cb-sat-manager.h [include:2]","contrib/satcompute/CMakeLists.txt:11 [build_reference]","","","头路径/类型别名、CMake、CLI/CSV/fixture、同纳秒事件与账本等价","false","0"
"contrib/satcompute/protection/policy/baseline/checkbullet/cb-sat-manager.h","189","policy","BASELINE_VERTICAL_PACKAGE","","CB-Sat full INPUT/root/连续 log 对象与独立 H-boundary retry","contrib/satcompute/protection/baseline/checkbullet/cb-sat-manager.h","MOVE_VERTICAL_PACKAGE_WITH_COMPAT","contrib/satcompute/protection/policy/baseline/checkbullet/cb-sat-policy.h [include:4]; contrib/satcompute/protection/policy/baseline/checkbullet/cb-sat-state.h [include:5]; contrib/satcompute/protection/policy/placement-policy.h [include:8]; contrib/satcompute/protection/runtime/placement-load-ledger.h [include:6]; contrib/satcompute/protection/runtime/protection-transfer-key.h [include:7]; contrib/satcompute/protection/storage/backup-storage-pool.h [include:9]; contrib/satcompute/task/task-coordinator.h [include:10]","contrib/satcompute/CMakeLists.txt:114 [build_reference]; contrib/satcompute/protection/policy/baseline/checkbullet/cb-sat-manager.cc:2 [include]; contrib/satcompute/protection/policy/baseline/checkbullet/cb-sat-manager.cc:2 [literal_code_reference]; contrib/satcompute/protection/policy/baseline/checkbullet/cb-sat-recovery.h:4 [include]; contrib/satcompute/protection/policy/baseline/checkbullet/cb-sat-recovery.h:4 [literal_code_reference]; contrib/satcompute/tests/unit/cb-sat-runtime-test.cc:3 [include]; contrib/satcompute/tests/unit/cb-sat-runtime-test.cc:3 [literal_code_reference]","","","头路径/类型别名、CMake、CLI/CSV/fixture、同纳秒事件与账本等价","false","0"
"contrib/satcompute/protection/policy/baseline/checkbullet/cb-sat-metrics.cc","178","policy","BASELINE_VERTICAL_PACKAGE","","CB-Sat 独立记录，复用实际资源账本口径","contrib/satcompute/protection/baseline/checkbullet/cb-sat-metrics.cc","MOVE_VERTICAL_PACKAGE_WITH_COMPAT","contrib/satcompute/protection/policy/baseline/checkbullet/cb-sat-controller.h [include:2]","contrib/satcompute/CMakeLists.txt:15 [build_reference]","","","头路径/类型别名、CMake、CLI/CSV/fixture、同纳秒事件与账本等价","false","0"
"contrib/satcompute/protection/policy/baseline/checkbullet/cb-sat-policy.cc","131","policy","BASELINE_VERTICAL_PACKAGE","","独立 MTBF/H/X 求解，不使用 CompFRR Frequency","contrib/satcompute/protection/baseline/checkbullet/cb-sat-policy.cc","MOVE_VERTICAL_PACKAGE_WITH_COMPAT","contrib/satcompute/protection/policy/baseline/checkbullet/cb-sat-policy.h [include:2]; contrib/satcompute/task/compute-service.h [include:3]","contrib/satcompute/CMakeLists.txt:9 [build_reference]","","","头路径/类型别名、CMake、CLI/CSV/fixture、同纳秒事件与账本等价","false","0"
"contrib/satcompute/protection/policy/baseline/checkbullet/cb-sat-policy.h","66","policy","BASELINE_VERTICAL_PACKAGE","","独立 MTBF/H/X 求解，不使用 CompFRR Frequency","contrib/satcompute/protection/baseline/checkbullet/cb-sat-policy.h","MOVE_VERTICAL_PACKAGE_WITH_COMPAT","contrib/satcompute/protection/common/task-state-adapter.h [include:4]","contrib/satcompute/CMakeLists.txt:112 [build_reference]; contrib/satcompute/protection/policy/baseline/checkbullet/cb-sat-manager.h:4 [include]; contrib/satcompute/protection/policy/baseline/checkbullet/cb-sat-manager.h:4 [literal_code_reference]; contrib/satcompute/protection/policy/baseline/checkbullet/cb-sat-policy.cc:2 [include]; contrib/satcompute/protection/policy/baseline/checkbullet/cb-sat-policy.cc:2 [literal_code_reference]; contrib/satcompute/protection/policy/baseline/checkbullet/cb-sat-state.h:4 [include]; contrib/satcompute/protection/policy/baseline/checkbullet/cb-sat-state.h:4 [literal_code_reference]","","","头路径/类型别名、CMake、CLI/CSV/fixture、同纳秒事件与账本等价","false","0"
"contrib/satcompute/protection/policy/baseline/checkbullet/cb-sat-recovery.cc","566","policy","BASELINE_VERTICAL_PACKAGE","","CB-Sat q_restore/full INPUT/root/log 恢复，无 CompFRR tail","contrib/satcompute/protection/baseline/checkbullet/cb-sat-recovery.cc","MOVE_VERTICAL_PACKAGE_WITH_COMPAT","contrib/satcompute/protection/policy/baseline/checkbullet/cb-sat-recovery.h [include:2]; contrib/satcompute/protection/policy/baseline/fa-first-feasible-placement/fa-first-feasible-placement-policy.h [include:3]","contrib/satcompute/CMakeLists.txt:12 [build_reference]","RENAME (内部符号/注释); KEEP_AS_PUBLIC_TERM (CLI/CSV/导出头与类型兼容)","176: // This is the frozen checkpoint-recovery ranking, not native R0 or future N5C placement.","头路径/类型别名、CMake、CLI/CSV/fixture、同纳秒事件与账本等价","false","0"
"contrib/satcompute/protection/policy/baseline/checkbullet/cb-sat-recovery.h","91","policy","BASELINE_VERTICAL_PACKAGE","","CB-Sat q_restore/full INPUT/root/log 恢复，无 CompFRR tail","contrib/satcompute/protection/baseline/checkbullet/cb-sat-recovery.h","MOVE_VERTICAL_PACKAGE_WITH_COMPAT","contrib/satcompute/protection/policy/baseline/checkbullet/cb-sat-manager.h [include:4]; contrib/satcompute/protection/policy/recovery-policy.h [include:5]; contrib/satcompute/traffic/local-delivery.h [include:6]","contrib/satcompute/CMakeLists.txt:115 [build_reference]; contrib/satcompute/protection/policy/baseline/checkbullet/cb-sat-controller.h:5 [include]; contrib/satcompute/protection/policy/baseline/checkbullet/cb-sat-controller.h:5 [literal_code_reference]; contrib/satcompute/protection/policy/baseline/checkbullet/cb-sat-recovery.cc:2 [include]; contrib/satcompute/protection/policy/baseline/checkbullet/cb-sat-recovery.cc:2 [literal_code_reference]; contrib/satcompute/tests/unit/cb-sat-recovery-test.cc:3 [include]; contrib/satcompute/tests/unit/cb-sat-recovery-test.cc:3 [literal_code_reference]","","","头路径/类型别名、CMake、CLI/CSV/fixture、同纳秒事件与账本等价","false","0"
"contrib/satcompute/protection/policy/baseline/checkbullet/cb-sat-state.cc","178","policy","BASELINE_VERTICAL_PACKAGE","","CB-Sat 自有 root/log/增量状态 primitives","contrib/satcompute/protection/baseline/checkbullet/cb-sat-state.cc","MOVE_VERTICAL_PACKAGE_WITH_COMPAT","contrib/satcompute/protection/policy/baseline/checkbullet/cb-sat-state.h [include:2]","contrib/satcompute/CMakeLists.txt:10 [build_reference]","","","头路径/类型别名、CMake、CLI/CSV/fixture、同纳秒事件与账本等价","false","0"
"contrib/satcompute/protection/policy/baseline/checkbullet/cb-sat-state.h","92","policy","BASELINE_VERTICAL_PACKAGE","","CB-Sat 自有 root/log/增量状态 primitives","contrib/satcompute/protection/baseline/checkbullet/cb-sat-state.h","MOVE_VERTICAL_PACKAGE_WITH_COMPAT","contrib/satcompute/protection/policy/baseline/checkbullet/cb-sat-policy.h [include:4]","contrib/satcompute/CMakeLists.txt:113 [build_reference]; contrib/satcompute/protection/policy/baseline/checkbullet/cb-sat-manager.h:5 [include]; contrib/satcompute/protection/policy/baseline/checkbullet/cb-sat-manager.h:5 [literal_code_reference]; contrib/satcompute/protection/policy/baseline/checkbullet/cb-sat-state.cc:2 [include]; contrib/satcompute/protection/policy/baseline/checkbullet/cb-sat-state.cc:2 [literal_code_reference]; contrib/satcompute/tests/unit/cb-sat-policy-test.cc:2 [include]; contrib/satcompute/tests/unit/cb-sat-policy-test.cc:2 [literal_code_reference]","","","头路径/类型别名、CMake、CLI/CSV/fixture、同纳秒事件与账本等价","false","0"
"contrib/satcompute/protection/policy/baseline/checkbullet/parameter-provenance.md","35","policy","DOC_OR_TOOL","","模块说明或历史来源；详见 docs manifest","contrib/satcompute/protection/baseline/checkbullet/parameter-provenance.md","MOVE_VERTICAL_PACKAGE_WITH_COMPAT","","","","","头路径/类型别名、CMake、CLI/CSV/fixture、同纳秒事件与账本等价","false","0"
"contrib/satcompute/protection/policy/baseline/checkbullet/preflight.md","100","policy","DOC_OR_TOOL","","模块说明或历史来源；详见 docs manifest","contrib/satcompute/protection/baseline/checkbullet/preflight.md","MOVE_VERTICAL_PACKAGE_WITH_COMPAT","","","ARCHIVE_ONLY (历史文字)","4: [收口审计](../../../../../../docs/n5/reviews/N5B-closeout-N5C-kickoff.md) 为准； | 9: 分支 `feature/pre-n5c-cb-sat`，起点 `n5@2ccfa392e`。各 G 阶段连续推进， | 93: [验收报告](../../../../../../docs/n5/reviews/Pre-N5C-cb-sat-v2.md)。 | 100: 本轮不自动 push、PR、CI、merge 或 tag；保留分支等待人工审阅，不进入 N5C。","头路径/类型别名、CMake、CLI/CSV/fixture、同纳秒事件与账本等价","false","0"
"contrib/satcompute/protection/policy/baseline/checkbullet/tools/analyze-cb-sat-matrix.py","219","policy","DOC_OR_TOOL","","CB-Sat 工具；详见 tests manifest","contrib/satcompute/protection/baseline/checkbullet/tools/analyze-cb-sat-matrix.py","MOVE_VERTICAL_PACKAGE_WITH_COMPAT","contrib/satcompute/protection/policy/baseline/checkbullet/tools/cb_tools.py [python_import:12]","contrib/satcompute/tests/unit/test_cb_sat_tools.py:13 [literal_code_reference]","RENAME (内部符号/注释); KEEP_AS_PUBLIC_TERM (CLI/CSV/导出头与类型兼容)","17: OLD_ROOT = ROOT/""output/pre-n5c-placement-final""","头路径/类型别名、CMake、CLI/CSV/fixture、同纳秒事件与账本等价","false","0"
"contrib/satcompute/protection/policy/baseline/checkbullet/tools/audit-cb-sat-adjustment.py","96","policy","DOC_OR_TOOL","","CB-Sat 工具；详见 tests manifest","contrib/satcompute/protection/baseline/checkbullet/tools/audit-cb-sat-adjustment.py","MOVE_VERTICAL_PACKAGE_WITH_COMPAT","contrib/satcompute/protection/policy/baseline/checkbullet/tools/cb_tools.py [python_import:8]","contrib/satcompute/tests/unit/test_cb_sat_tools.py:14 [literal_code_reference]","","","头路径/类型别名、CMake、CLI/CSV/fixture、同纳秒事件与账本等价","false","0"
"contrib/satcompute/protection/policy/baseline/checkbullet/tools/audit-cb-sat-quota.py","160","policy","DOC_OR_TOOL","","CB-Sat 工具；详见 tests manifest","contrib/satcompute/protection/baseline/checkbullet/tools/audit-cb-sat-quota.py","MOVE_VERTICAL_PACKAGE_WITH_COMPAT","contrib/satcompute/protection/policy/baseline/checkbullet/tools/cb_tools.py [python_import:9]","contrib/satcompute/tests/unit/test_cb_sat_tools.py:15 [literal_code_reference]","","","头路径/类型别名、CMake、CLI/CSV/fixture、同纳秒事件与账本等价","false","0"
"contrib/satcompute/protection/policy/baseline/checkbullet/tools/audit-cb-sat-run.py","346","policy","DOC_OR_TOOL","","CB-Sat 工具；详见 tests manifest","contrib/satcompute/protection/baseline/checkbullet/tools/audit-cb-sat-run.py","MOVE_VERTICAL_PACKAGE_WITH_COMPAT","contrib/satcompute/protection/policy/baseline/checkbullet/tools/cb_tools.py [python_import:10]","contrib/satcompute/protection/policy/baseline/checkbullet/tools/analyze-cb-sat-matrix.py:14 [literal_code_reference]; contrib/satcompute/protection/policy/baseline/checkbullet/tools/run-cb-sat-matrix.py:55 [literal_code_reference]; contrib/satcompute/tests/integration/smoke/audit-cb-sat-fixtures.py:14 [literal_code_reference]","","","头路径/类型别名、CMake、CLI/CSV/fixture、同纳秒事件与账本等价","false","0"
"contrib/satcompute/protection/policy/baseline/checkbullet/tools/calibrate-cb-sat-mtbf.py","157","policy","DOC_OR_TOOL","","CB-Sat 工具；详见 tests manifest","contrib/satcompute/protection/baseline/checkbullet/tools/calibrate-cb-sat-mtbf.py","MOVE_VERTICAL_PACKAGE_WITH_COMPAT","contrib/satcompute/protection/policy/baseline/checkbullet/tools/cb_tools.py [python_import:8]","contrib/satcompute/tests/unit/test_cb_sat_tools.py:12 [literal_code_reference]","","","头路径/类型别名、CMake、CLI/CSV/fixture、同纳秒事件与账本等价","false","0"
"contrib/satcompute/protection/policy/baseline/checkbullet/tools/cb_tools.py","141","policy","DOC_OR_TOOL","","CB-Sat 工具；详见 tests manifest","contrib/satcompute/protection/baseline/checkbullet/tools/cb_tools.py","MOVE_VERTICAL_PACKAGE_WITH_COMPAT","","contrib/satcompute/protection/policy/baseline/checkbullet/tools/analyze-cb-sat-matrix.py:12 [python_import]; contrib/satcompute/protection/policy/baseline/checkbullet/tools/audit-cb-sat-adjustment.py:8 [python_import]; contrib/satcompute/protection/policy/baseline/checkbullet/tools/audit-cb-sat-quota.py:9 [python_import]; contrib/satcompute/protection/policy/baseline/checkbullet/tools/audit-cb-sat-run.py:10 [python_import]; contrib/satcompute/protection/policy/baseline/checkbullet/tools/calibrate-cb-sat-mtbf.py:8 [python_import]; contrib/satcompute/protection/policy/baseline/checkbullet/tools/run-cb-sat-matrix.py:7 [python_import]; contrib/satcompute/tests/unit/test_cb_sat_tools.py:16 [python_import]","","","头路径/类型别名、CMake、CLI/CSV/fixture、同纳秒事件与账本等价","false","0"
"contrib/satcompute/protection/policy/baseline/checkbullet/tools/run-cb-sat-matrix.py","77","policy","DOC_OR_TOOL","","CB-Sat 工具；详见 tests manifest","contrib/satcompute/protection/baseline/checkbullet/tools/run-cb-sat-matrix.py","MOVE_VERTICAL_PACKAGE_WITH_COMPAT","contrib/satcompute/protection/policy/baseline/checkbullet/tools/cb_tools.py [python_import:7]","contrib/satcompute/tests/integration/smoke/run-cb-sat-smoke.py:25 [literal_code_reference]","","","头路径/类型别名、CMake、CLI/CSV/fixture、同纳秒事件与账本等价","false","0"
"contrib/satcompute/protection/policy/baseline/fa-first-feasible-placement/fa-first-feasible-placement-policy.h","16","policy","SCHEME_POLICY","","FA-FFP 配置可兑现的 first feasible pair","contrib/satcompute/protection/policy/baseline/fa-first-feasible-placement/fa-first-feasible-placement-policy.h","KEEP","contrib/satcompute/protection/policy/baseline/first-feasible-placement/first-feasible-placement-policy.h [include:4]","contrib/satcompute/CMakeLists.txt:129 [build_reference]; contrib/satcompute/protection/policy/baseline/checkbullet/cb-sat-recovery.cc:3 [include]; contrib/satcompute/protection/policy/baseline/checkbullet/cb-sat-recovery.cc:3 [literal_code_reference]; contrib/satcompute/protection/policy/compfrr/placement/n5c-placement-policy.h:4 [include]; contrib/satcompute/protection/policy/compfrr/placement/n5c-placement-policy.h:4 [literal_code_reference]; contrib/satcompute/protection/policy/fixed/fixed-protection-policy.h:5 [include]; contrib/satcompute/protection/policy/fixed/fixed-protection-policy.h:5 [literal_code_reference]; contrib/satcompute/protection/runtime/frequency-protection-controller.h:5 [include]; contrib/satcompute/protection/runtime/frequency-protection-controller.h:5 [literal_code_reference]; contrib/satcompute/protection/runtime/recovery-controller.cc:4 [include]; contrib/satcompute/protection/runtime/recovery-controller.cc:4 [literal_code_reference]; contrib/satcompute/tests/unit/cb-sat-recovery-test.cc:9 [include]; contrib/satcompute/tests/unit/cb-sat-recovery-test.cc:9 [literal_code_reference]; contrib/satcompute/tests/unit/cb-sat-runtime-test.cc:4 [include]; contrib/satcompute/tests/unit/cb-sat-runtime-test.cc:4 [literal_code_reference]; contrib/satcompute/tests/unit/n5b-policy-test.cc:8 [include]; contrib/satcompute/tests/unit/n5b-policy-test.cc:8 [literal_code_reference]; contrib/satcompute/tests/unit/one-plus-one-baseline-test.cc:5 [include]; contrib/satcompute/tests/unit/one-plus-one-baseline-test.cc:5 [literal_code_reference]; contrib/satcompute/tests/unit/recompute-baseline-test.cc:5 [include]; contrib/satcompute/tests/unit/recompute-baseline-test.cc:5 [literal_code_reference]","","","现有合同不变","false","0"
"contrib/satcompute/protection/policy/baseline/fa-least-recovery-load/fa-least-recovery-load-placement-policy.h","17","policy","SCHEME_POLICY","","FA-LRL 可行候选内负载选择","contrib/satcompute/protection/policy/baseline/fa-least-recovery-load/fa-least-recovery-load-placement-policy.h","KEEP","contrib/satcompute/protection/policy/baseline/least-recovery-load/least-recovery-load-placement-policy.h [include:4]","contrib/satcompute/CMakeLists.txt:130 [build_reference]; contrib/satcompute/satcompute.cc:22 [include]; contrib/satcompute/satcompute.cc:22 [literal_code_reference]; contrib/satcompute/tests/unit/cb-sat-runtime-test.cc:5 [include]; contrib/satcompute/tests/unit/cb-sat-runtime-test.cc:5 [literal_code_reference]; contrib/satcompute/tests/unit/frequency-runtime-test.cc:6 [include]; contrib/satcompute/tests/unit/frequency-runtime-test.cc:6 [literal_code_reference]; contrib/satcompute/tests/unit/n5b-policy-test.cc:11 [include]; contrib/satcompute/tests/unit/n5b-policy-test.cc:11 [literal_code_reference]; contrib/satcompute/tests/unit/one-plus-one-baseline-test.cc:6 [include]; contrib/satcompute/tests/unit/one-plus-one-baseline-test.cc:6 [literal_code_reference]; contrib/satcompute/tests/unit/protection-path-test.cc:10 [include]; contrib/satcompute/tests/unit/protection-path-test.cc:10 [literal_code_reference]; contrib/satcompute/tests/unit/recompute-baseline-test.cc:6 [include]; contrib/satcompute/tests/unit/recompute-baseline-test.cc:6 [literal_code_reference]","","","现有合同不变","false","0"
"contrib/satcompute/protection/policy/baseline/first-feasible-placement/first-feasible-placement-policy.cc","22","policy","SCHEME_POLICY","","FFP 稳定顺序候选选择","contrib/satcompute/protection/policy/baseline/first-feasible-placement/first-feasible-placement-policy.cc","KEEP","contrib/satcompute/protection/policy/baseline/first-feasible-placement/first-feasible-placement-policy.h [include:2]","contrib/satcompute/CMakeLists.txt:22 [build_reference]","","","现有合同不变","false","0"
"contrib/satcompute/protection/policy/baseline/first-feasible-placement/first-feasible-placement-policy.h","17","policy","SCHEME_POLICY","","FFP 稳定顺序候选选择","contrib/satcompute/protection/policy/baseline/first-feasible-placement/first-feasible-placement-policy.h","KEEP","contrib/satcompute/protection/policy/placement-policy.h [include:4]","contrib/satcompute/CMakeLists.txt:127 [build_reference]; contrib/satcompute/protection/policy/baseline/fa-first-feasible-placement/fa-first-feasible-placement-policy.h:4 [include]; contrib/satcompute/protection/policy/baseline/fa-first-feasible-placement/fa-first-feasible-placement-policy.h:4 [literal_code_reference]; contrib/satcompute/protection/policy/baseline/first-feasible-placement/first-feasible-placement-policy.cc:2 [include]; contrib/satcompute/protection/policy/baseline/first-feasible-placement/first-feasible-placement-policy.cc:2 [literal_code_reference]; contrib/satcompute/tests/unit/cb-sat-runtime-test.cc:6 [include]; contrib/satcompute/tests/unit/cb-sat-runtime-test.cc:6 [literal_code_reference]","","","现有合同不变","false","0"
"contrib/satcompute/protection/policy/baseline/least-recovery-load/least-recovery-load-placement-policy.cc","40","policy","SCHEME_POLICY","","LRL placement 负载评分","contrib/satcompute/protection/policy/baseline/least-recovery-load/least-recovery-load-placement-policy.cc","KEEP","contrib/satcompute/protection/policy/baseline/least-recovery-load/least-recovery-load-placement-policy.h [include:2]","contrib/satcompute/CMakeLists.txt:24 [build_reference]","","","现有合同不变","false","0"
"contrib/satcompute/protection/policy/baseline/least-recovery-load/least-recovery-load-placement-policy.h","24","policy","SCHEME_POLICY","","LRL placement 负载评分","contrib/satcompute/protection/policy/baseline/least-recovery-load/least-recovery-load-placement-policy.h","KEEP","contrib/satcompute/protection/policy/placement-policy.h [include:4]","contrib/satcompute/CMakeLists.txt:128 [build_reference]; contrib/satcompute/protection/policy/baseline/fa-least-recovery-load/fa-least-recovery-load-placement-policy.h:4 [include]; contrib/satcompute/protection/policy/baseline/fa-least-recovery-load/fa-least-recovery-load-placement-policy.h:4 [literal_code_reference]; contrib/satcompute/protection/policy/baseline/least-recovery-load/least-recovery-load-placement-policy.cc:2 [include]; contrib/satcompute/protection/policy/baseline/least-recovery-load/least-recovery-load-placement-policy.cc:2 [literal_code_reference]; contrib/satcompute/tests/unit/cb-sat-runtime-test.cc:7 [include]; contrib/satcompute/tests/unit/cb-sat-runtime-test.cc:7 [literal_code_reference]","","","现有合同不变","false","0"
"contrib/satcompute/protection/policy/baseline/one-plus-one/one-plus-one-policy.h","38","policy","SCHEME_POLICY","","一次性副本请求，不重复准入","contrib/satcompute/protection/policy/baseline/one-plus-one/one-plus-one-policy.h","KEEP","contrib/satcompute/protection/policy/placement-policy.h [include:5]; contrib/satcompute/protection/runtime/protection-runtime.h [include:4]","contrib/satcompute/CMakeLists.txt:144 [build_reference]; contrib/satcompute/protection/mechanism/replication/replica-manager.h:5 [include]; contrib/satcompute/protection/mechanism/replication/replica-manager.h:5 [literal_code_reference]","","","现有合同不变","false","0"
"contrib/satcompute/protection/policy/baseline/recompute/recompute-policy.h","24","policy","SCHEME_POLICY","","故障后从零重算 policy","contrib/satcompute/protection/policy/baseline/recompute/recompute-policy.h","KEEP","contrib/satcompute/protection/runtime/protection-runtime.h [include:4]","contrib/satcompute/CMakeLists.txt:145 [build_reference]; contrib/satcompute/protection/runtime/recompute-controller.h:5 [include]; contrib/satcompute/protection/runtime/recompute-controller.h:5 [literal_code_reference]","","","现有合同不变","false","0"
"contrib/satcompute/protection/policy/compfrr/frequency/compfrr-frequency-policy.cc","217","policy","SCHEME_POLICY","","单一 START/(delta,n) solver，含 mode 成本项","contrib/satcompute/protection/policy/compfrr/frequency/compfrr-frequency-policy.cc","KEEP","contrib/satcompute/protection/policy/compfrr/frequency/compfrr-frequency-policy.h [include:2]","contrib/satcompute/CMakeLists.txt:19 [build_reference]; contrib/satcompute/tests/integration/regression/run-checkpoint-maintenance.py:31 [literal_code_reference]; contrib/satcompute/tests/unit/test_protection_contract.py:117 [literal_code_reference]","","","现有合同不变","false","0"
"contrib/satcompute/protection/policy/compfrr/frequency/compfrr-frequency-policy.h","135","policy","SCHEME_POLICY","","单一 START/(delta,n) solver，含 mode 成本项","contrib/satcompute/protection/policy/compfrr/frequency/compfrr-frequency-policy.h","KEEP","contrib/satcompute/fault/model/compute-failure-predictor.h [include:4]; contrib/satcompute/protection/common/protection-types.h [include:5]; contrib/satcompute/protection/common/task-state-adapter.h [include:6]","contrib/satcompute/CMakeLists.txt:121 [build_reference]; contrib/satcompute/protection/policy/compfrr/frequency/compfrr-frequency-policy.cc:2 [include]; contrib/satcompute/protection/policy/compfrr/frequency/compfrr-frequency-policy.cc:2 [literal_code_reference]; contrib/satcompute/protection/policy/compfrr/frequency/frequency-decision-gate.h:4 [include]; contrib/satcompute/protection/policy/compfrr/frequency/frequency-decision-gate.h:4 [literal_code_reference]; contrib/satcompute/protection/policy/compfrr/placement/n5c-placement-policy.h:5 [include]; contrib/satcompute/protection/policy/compfrr/placement/n5c-placement-policy.h:5 [literal_code_reference]; contrib/satcompute/protection/runtime/frequency-storage-estimator.h:5 [include]; contrib/satcompute/protection/runtime/frequency-storage-estimator.h:5 [literal_code_reference]; contrib/satcompute/tests/unit/n5b-policy-test.cc:5 [include]; contrib/satcompute/tests/unit/n5b-policy-test.cc:5 [literal_code_reference]","RENAME (内部符号/注释); KEEP_AS_PUBLIC_TERM (CLI/CSV/导出头与类型兼容)","80: uint64_t localFreeBytes{};               ///< Actual N5A pool free bytes at decision time. | 81: uint64_t remoteFreeBytes{};              ///< Actual N5A pool free bytes at decision time.","现有合同不变","false","0"
"contrib/satcompute/protection/policy/compfrr/frequency/frequency-decision-gate.cc","104","policy","SCHEME_POLICY","","故障采样前决策/采样后提交 gate","contrib/satcompute/protection/policy/compfrr/frequency/frequency-decision-gate.cc","KEEP","contrib/satcompute/protection/policy/compfrr/frequency/frequency-decision-gate.h [include:2]","contrib/satcompute/CMakeLists.txt:20 [build_reference]","","","现有合同不变","false","0"
"contrib/satcompute/protection/policy/compfrr/frequency/frequency-decision-gate.h","62","policy","SCHEME_POLICY","","故障采样前决策/采样后提交 gate","contrib/satcompute/protection/policy/compfrr/frequency/frequency-decision-gate.h","KEEP","contrib/satcompute/protection/policy/compfrr/frequency/compfrr-frequency-policy.h [include:4]","contrib/satcompute/CMakeLists.txt:122 [build_reference]; contrib/satcompute/protection/policy/compfrr/frequency/frequency-decision-gate.cc:2 [include]; contrib/satcompute/protection/policy/compfrr/frequency/frequency-decision-gate.cc:2 [literal_code_reference]; contrib/satcompute/protection/runtime/frequency-protection-controller.h:6 [include]; contrib/satcompute/protection/runtime/frequency-protection-controller.h:6 [literal_code_reference]; contrib/satcompute/tests/unit/n5b-policy-test.cc:10 [include]; contrib/satcompute/tests/unit/n5b-policy-test.cc:10 [literal_code_reference]; contrib/satcompute/tests/unit/n5c-placement-test.cc:4 [include]; contrib/satcompute/tests/unit/n5c-placement-test.cc:4 [literal_code_reference]","RENAME (内部符号/注释); KEEP_AS_PUBLIC_TERM (CLI/CSV/导出头与类型兼容)","10: * N5A physical initialization. This object never samples faults, stores records,","现有合同不变","false","0"
"contrib/satcompute/protection/policy/compfrr/placement/n5c-placement-policy.cc","243","policy","SCHEME_POLICY","","CompFRR-P R/U/M 评分与 quota ledger，public 字符串需兼容","contrib/satcompute/protection/policy/compfrr/placement/compfrr-placement-policy.cc","SPLIT_RENAME_WITH_COMPAT","contrib/satcompute/protection/policy/compfrr/placement/n5c-placement-policy.h [include:2]","contrib/satcompute/CMakeLists.txt:21 [build_reference]; contrib/satcompute/tests/integration/regression/run-checkpoint-maintenance.py:32 [literal_code_reference]; contrib/satcompute/tests/integration/regression/run-n5c-rational-u.py:62 [literal_code_reference]; contrib/satcompute/tests/integration/regression/run-n5c-recent-u.py:27 [literal_code_reference]","RENAME (内部符号/注释); KEEP_AS_PUBLIC_TERM (CLI/CSV/导出头与类型兼容)","2: #include ""n5c-placement-policy.h"" | 21: throw std::overflow_error(""N5C storage accounting overflow""); | 24: void Validate(const N5cForecast& f) | 29: Require(std::isfinite(x) && x >= 0, ""invalid N5C resource scalar""); | 36: in.costs.remoteNs >= 0, ""invalid N5C forecast domain""); | 38: double Remaining(const N5cForecast& f, int64_t at) | 47: N5cVariant ParseN5cVariant(const std::string& name) | 49: if (name == ""full"") return N5cVariant::FULL; | 50: if (name == ""noR"") return N5cVariant::NO_R; | 51: if (name == ""noU"") return N5cVariant::NO_U; | 52: if (name == ""noM"") return N5cVariant::NO_M; | 53: if (name == ""recent-U"") return N5cVariant::RECENT_U; | 54: if (name == ""rational-U"") return N5cVariant::RATIONAL_U; | 55: throw std::invalid_argument(""unknown N5C ablation""); | 57: const char* N5cVariantName(N5cVariant v) | 61: case N5cVariant::FULL: return ""full""; | 62: case N5cVariant::NO_R: return ""noR""; | 63: case N5cVariant::NO_U: return ""noU""; | 64: case N5cVariant::NO_M: return ""noM""; | 65: case N5cVariant::RECENT_U: return ""recent-U""; | 66: case N5cVariant::RATIONAL_U: return ""rational-U""; | 68: throw std::invalid_argument(""invalid N5C variant""); | 71: double N5cRationalPressure(double global, int64_t remaining, int64_t idle) | 74: ""invalid Rational-U domain""); | 79: double N5cCatchSeconds(const N5cForecast& f) | 89: double N5cBudgetSeconds(const N5cForecast& f, int64_t at) | 92: Require(at >= f.input.risk.epochNs, ""N5C queried a past recovery time""); | 96: std::vector<N5cOccupancyWindow> N5cRecoveryWindows(const N5cForecast& f) | 98: const auto catchup = N5cCatchSeconds(f); | 99: std::vector<N5cOccupancyWindow> out; | 106: step.targetTimeNs >= f.input.risk.epochNs, ""invalid N5C canonical risk trajectory""); | 112: catchup > N5cBudgetSeconds(f, step.targetTimeNs) || | 118: ""N5C recovery occupancy overflow""); | 124: N5cScore ScoreN5cCandidate(const N5cCandidate& c, N5cVariant variant) | 126: N5cScore out; | 132: ""invalid N5C remote or propagation""); | 133: out.catchSeconds = N5cCatchSeconds(c.demand); | 134: out.budgetSeconds = N5cBudgetSeconds(c.demand, c.demand.input.risk.epochNs); | 142: Require(busy <= c.exposureNs, ""N5C execution exceeds survival exposure""); | 146: Require(recentBusy <= c.recentExposureNs, ""N5C recent execution exceeds live exposure""); | 148: if (variant == N5cVariant::RECENT_U) out.historyUnavailable = c.recentExposureNs == 0; | 149: if (variant == N5cVariant::RATIONAL_U) | 150: out.rationalPressure = N5cRationalPressure(out.historicalUtilization, | 154: const auto own = N5cRecoveryWindows(c.demand); | 155: std::vector<std::vector<N5cOccupancyWindow>> peers; | 160: primaries.insert(f.primaryNode).second, ""N5C peers not independent active primaries""); | 161: peers.push_back(N5cRecoveryWindows(f)); | 172: Require(g >= 0 && g <= 1 + 1e-15L, ""invalid N5C peer conflict mass""); | 185: {""RECOVERY_CONFLICT"", variant == N5cVariant::NO_R ? -1 : out.recoveryConflict}, | 186: {""COMPUTE_HISTORY"", variant == N5cVariant::NO_U ? -1 : | 187: (variant == N5cVariant::RECENT_U ? out.recentUtilization : | 188: variant == N5cVariant::RATIONAL_U ? out.rationalPressure : out.historicalUtilization)}, | 189: {""STORAGE"", variant == N5cVariant::NO_M ? -1 : out.storagePressure}}; | 198: void N5cQuotaLedger::Replace(uint64_t task, uint32_t node, uint64_t bytes) | 200: Require(task != 0, ""N5C quota requires a task""); | 202: Require(found == m_quotas.end() || found->second.first == node, ""N5C ON cannot replace remote""); | 205: void N5cQuotaLedger::Release(uint64_t task) { m_quotas.erase(task); } | 206: uint64_t N5cQuotaLedger::Accounted(uint32_t node, const std::map<uint64_t, uint64_t>& actual, | 217: N5cSelection N5cPlacementPolicy::SelectRemote(const std::vector<N5cCandidate>& candidates) const | 219: N5cSelection out; | 223: Require(nodes.insert(c.remoteNode).second, ""duplicate N5C remote candidate""); | 224: out.scores.push_back(ScoreN5cCandidate(c, m_variant)); | 226: std::vector<const N5cScore*> ranked; | 239: void N5cPlacementPolicy::RankBackupNodes(std::vector<uint32_t>&, const PlacementContext&) const | 241: throw std::logic_error(""N5C is CompFRR designated-remote placement, not recovery ranking"");","头路径/类型别名、CMake、CLI/CSV/fixture、同纳秒事件与账本等价","false","0"
"contrib/satcompute/protection/policy/compfrr/placement/n5c-placement-policy.h","117","policy","SCHEME_POLICY","","CompFRR-P R/U/M 评分与 quota ledger，public 字符串需兼容","contrib/satcompute/protection/policy/compfrr/placement/compfrr-placement-policy.h","SPLIT_RENAME_WITH_COMPAT","contrib/satcompute/protection/policy/baseline/fa-first-feasible-placement/fa-first-feasible-placement-policy.h [include:4]; contrib/satcompute/protection/policy/compfrr/frequency/compfrr-frequency-policy.h [include:5]","contrib/satcompute/CMakeLists.txt:123 [build_reference]; contrib/satcompute/protection/policy/compfrr/placement/n5c-placement-policy.cc:2 [include]; contrib/satcompute/protection/policy/compfrr/placement/n5c-placement-policy.cc:2 [literal_code_reference]; contrib/satcompute/protection/runtime/n5c-placement-tracker.h:4 [include]; contrib/satcompute/protection/runtime/n5c-placement-tracker.h:4 [literal_code_reference]; contrib/satcompute/tests/integration/regression/run-n5c-rational-u.py:61 [literal_code_reference]; contrib/satcompute/tests/integration/regression/run-n5c-recent-u.py:28 [literal_code_reference]; contrib/satcompute/tests/unit/n5c-placement-test.cc:2 [include]; contrib/satcompute/tests/unit/n5c-placement-test.cc:2 [literal_code_reference]","RENAME (内部符号/注释); KEEP_AS_PUBLIC_TERM (CLI/CSV/导出头与类型兼容)","2: #ifndef SATCOMPUTE_N5C_PLACEMENT_POLICY_H | 3: #define SATCOMPUTE_N5C_PLACEMENT_POLICY_H | 11: enum class N5cVariant { FULL, NO_R, NO_U, NO_M, RECENT_U, RATIONAL_U }; | 12: N5cVariant ParseN5cVariant(const std::string& name); | 13: const char* N5cVariantName(N5cVariant variant); | 16: struct N5cForecast | 28: struct N5cOccupancyWindow | 35: struct N5cCandidate | 38: N5cForecast demand; | 39: std::vector<N5cForecast> peers; | 50: struct N5cScore | 55: double recentUtilization{}; ///< Used only by RECENT_U; cumulative U keeps its original meaning. | 56: double rationalPressure{}; ///< RATIONAL_U only; not a replacement for measured utilization. | 64: struct N5cSelection | 66: std::vector<N5cScore> scores; | 72: /** V4 formulas only: no optimizer, event scheduling, fault draws or workload prediction. */ | 73: double N5cCatchSeconds(const N5cForecast& forecast); | 74: double N5cBudgetSeconds(const N5cForecast& forecast, int64_t atNs); | 75: std::vector<N5cOccupancyWindow> N5cRecoveryWindows(const N5cForecast& forecast); | 76: N5cScore ScoreN5cCandidate(const N5cCandidate& candidate, N5cVariant variant); | 81: double N5cRationalPressure(double global, int64_t remainingNs, int64_t idleNs); | 84: class N5cQuotaLedger | 104: /** FA-FFP ranks the read-only reference pair; V4 alone ranks the actual remote. */ | 105: class N5cPlacementPolicy : public FaFirstFeasiblePlacementPolicy | 108: explicit N5cPlacementPolicy(N5cVariant variant = N5cVariant::FULL) : m_variant(variant) {} | 109: const char* Name() const override { return ""n5c""; } | 110: N5cVariant Variant() const { return m_variant; } | 111: N5cSelection SelectRemote(const std::vector<N5cCandidate>& candidates) const; | 114: N5cVariant m_variant; ///< Preselected ablation, never tuned from outcomes.","头路径/类型别名、CMake、CLI/CSV/fixture、同纳秒事件与账本等价","false","0"
"contrib/satcompute/protection/policy/feasible-placement-pairs.cc","154","policy","SCHEME_POLICY","","方案选定配置的候选节点+路径可行性框架","contrib/satcompute/protection/policy/feasible-placement-pairs.cc","KEEP","contrib/satcompute/protection/policy/placement-policy.h [include:2]","contrib/satcompute/CMakeLists.txt:23 [build_reference]","","","现有合同不变","false","0"
"contrib/satcompute/protection/policy/fixed/fixed-protection-policy.cc","78","policy","SCHEME_POLICY","","Fixed 注入 placement；固定 capture/batch 配置","contrib/satcompute/protection/policy/fixed/fixed-protection-policy.cc","KEEP","contrib/satcompute/protection/policy/fixed/fixed-protection-policy.h [include:2]","contrib/satcompute/CMakeLists.txt:18 [build_reference]","","","现有合同不变","false","0"
"contrib/satcompute/protection/policy/fixed/fixed-protection-policy.h","33","policy","SCHEME_POLICY","","Fixed 注入 placement；固定 capture/batch 配置","contrib/satcompute/protection/policy/fixed/fixed-protection-policy.h","KEEP","contrib/satcompute/protection/policy/baseline/fa-first-feasible-placement/fa-first-feasible-placement-policy.h [include:5]; contrib/satcompute/protection/runtime/protection-runtime.h [include:4]","contrib/satcompute/CMakeLists.txt:120 [build_reference]; contrib/satcompute/protection/policy/fixed/fixed-protection-policy.cc:2 [include]; contrib/satcompute/protection/policy/fixed/fixed-protection-policy.cc:2 [literal_code_reference]; contrib/satcompute/protection/runtime/fixed-protection-controller.h:5 [include]; contrib/satcompute/protection/runtime/fixed-protection-controller.h:5 [literal_code_reference]; contrib/satcompute/tests/unit/n5b-policy-test.cc:9 [include]; contrib/satcompute/tests/unit/n5b-policy-test.cc:9 [literal_code_reference]; contrib/satcompute/tests/unit/protection-contract-test.cc:6 [include]; contrib/satcompute/tests/unit/protection-contract-test.cc:6 [literal_code_reference]; contrib/satcompute/tests/unit/recovery-runtime-test.cc:7 [include]; contrib/satcompute/tests/unit/recovery-runtime-test.cc:7 [literal_code_reference]","","","现有合同不变","false","0"
"contrib/satcompute/protection/policy/placement-policy.h","97","policy","SCHEME_POLICY","","各 placement 策略共同接口；operation-specific eligibility","contrib/satcompute/protection/policy/placement-policy.h","KEEP","contrib/satcompute/protection/common/protection-types.h [include:4]","contrib/satcompute/CMakeLists.txt:124 [build_reference]; contrib/satcompute/protection/policy/baseline/checkbullet/cb-sat-manager.h:8 [include]; contrib/satcompute/protection/policy/baseline/checkbullet/cb-sat-manager.h:8 [literal_code_reference]; contrib/satcompute/protection/policy/baseline/first-feasible-placement/first-feasible-placement-policy.h:4 [include]; contrib/satcompute/protection/policy/baseline/first-feasible-placement/first-feasible-placement-policy.h:4 [literal_code_reference]; contrib/satcompute/protection/policy/baseline/least-recovery-load/least-recovery-load-placement-policy.h:4 [include]; contrib/satcompute/protection/policy/baseline/least-recovery-load/least-recovery-load-placement-policy.h:4 [literal_code_reference]; contrib/satcompute/protection/policy/baseline/one-plus-one/one-plus-one-policy.h:5 [include]; contrib/satcompute/protection/policy/baseline/one-plus-one/one-plus-one-policy.h:5 [literal_code_reference]; contrib/satcompute/protection/policy/feasible-placement-pairs.cc:2 [include]; contrib/satcompute/protection/policy/feasible-placement-pairs.cc:2 [literal_code_reference]; contrib/satcompute/protection/runtime/decision-path-snapshot.h:5 [include]; contrib/satcompute/protection/runtime/decision-path-snapshot.h:5 [literal_code_reference]; contrib/satcompute/protection/runtime/recompute-controller.h:6 [include]; contrib/satcompute/protection/runtime/recompute-controller.h:6 [literal_code_reference]; contrib/satcompute/protection/runtime/recovery-controller.h:7 [include]; contrib/satcompute/protection/runtime/recovery-controller.h:7 [literal_code_reference]; contrib/satcompute/tests/unit/protection-path-test.cc:7 [include]; contrib/satcompute/tests/unit/protection-path-test.cc:7 [literal_code_reference]","","","现有合同不变","false","0"
"contrib/satcompute/protection/policy/recovery-policy.h","23","policy","SCHEME_POLICY","","busy/direct-deadline 的 relocation 许可；不是所有 relocation 的总开关","contrib/satcompute/protection/policy/recovery-policy.h","KEEP","","contrib/satcompute/CMakeLists.txt:125 [build_reference]; contrib/satcompute/protection/policy/baseline/checkbullet/cb-sat-recovery.h:5 [include]; contrib/satcompute/protection/policy/baseline/checkbullet/cb-sat-recovery.h:5 [literal_code_reference]; contrib/satcompute/protection/runtime/recovery-controller.h:6 [include]; contrib/satcompute/protection/runtime/recovery-controller.h:6 [literal_code_reference]; contrib/satcompute/tests/integration/regression/run-n5c-rational-multirun.py:30 [literal_code_reference]","","","现有合同不变","false","0"
"contrib/satcompute/protection/runtime/checkpoint-recovery-estimate.h","53","runtime","PUBLIC_SUBSTRATE","A","纯 ns 时间算术与 inclusive deadline 判断；调用者提供合法 state/path 时长，无 INPUT mode 分支、准入、选点或 RNG","contrib/satcompute/protection/runtime/checkpoint-recovery-estimate.h","KEEP","","contrib/satcompute/CMakeLists.txt:140 [build_reference]; contrib/satcompute/protection/runtime/recovery-controller.cc:3 [include]; contrib/satcompute/protection/runtime/recovery-controller.cc:3 [literal_code_reference]; contrib/satcompute/tests/integration/regression/run-checkpoint-maintenance.py:29 [literal_code_reference]; contrib/satcompute/tests/unit/recovery-runtime-test.cc:5 [include]; contrib/satcompute/tests/unit/recovery-runtime-test.cc:5 [literal_code_reference]","","","现有合同不变","false","0"
"contrib/satcompute/protection/runtime/compute-usage-history.cc","76","runtime","PUBLIC_SUBSTRATE","A","正常/恢复实际 busy 和 survival exposure 历史；不含 U 评分公式","contrib/satcompute/protection/runtime/compute-usage-history.cc","KEEP","contrib/satcompute/protection/runtime/compute-usage-history.h [include:2]","contrib/satcompute/CMakeLists.txt:31 [build_reference]; contrib/satcompute/tests/integration/regression/run-n5c-rational-u.py:59 [literal_code_reference]; contrib/satcompute/tests/integration/regression/run-n5c-recent-u.py:24 [literal_code_reference]","","","现有合同不变","false","0"
"contrib/satcompute/protection/runtime/compute-usage-history.h","64","runtime","PUBLIC_SUBSTRATE","A","正常/恢复实际 busy 和 survival exposure 历史；不含 U 评分公式","contrib/satcompute/protection/runtime/compute-usage-history.h","KEEP","","contrib/satcompute/CMakeLists.txt:136 [build_reference]; contrib/satcompute/protection/runtime/compute-usage-history.cc:2 [include]; contrib/satcompute/protection/runtime/compute-usage-history.cc:2 [literal_code_reference]; contrib/satcompute/protection/runtime/n5c-placement-tracker.h:7 [include]; contrib/satcompute/protection/runtime/n5c-placement-tracker.h:7 [literal_code_reference]; contrib/satcompute/tests/integration/regression/run-n5c-rational-u.py:59 [literal_code_reference]; contrib/satcompute/tests/integration/regression/run-n5c-recent-u.py:24 [literal_code_reference]; contrib/satcompute/tests/unit/n5c-placement-test.cc:6 [include]; contrib/satcompute/tests/unit/n5c-placement-test.cc:6 [literal_code_reference]","","","现有合同不变","false","0"
"contrib/satcompute/protection/runtime/decision-path-snapshot.h","40","runtime","PUBLIC_SUBSTRATE","A","只读带宽/路由路径快照；不提交传输","contrib/satcompute/protection/runtime/decision-path-snapshot.h","KEEP","contrib/satcompute/protection/policy/placement-policy.h [include:5]; contrib/satcompute/traffic/network-transfer-engine.h [include:4]","contrib/satcompute/CMakeLists.txt:126 [build_reference]; contrib/satcompute/protection/runtime/fixed-protection-controller.cc:3 [include]; contrib/satcompute/protection/runtime/fixed-protection-controller.cc:3 [literal_code_reference]; contrib/satcompute/protection/runtime/frequency-protection-controller.h:10 [include]; contrib/satcompute/protection/runtime/frequency-protection-controller.h:10 [literal_code_reference]; contrib/satcompute/tests/unit/protection-path-test.cc:8 [include]; contrib/satcompute/tests/unit/protection-path-test.cc:8 [literal_code_reference]","","","现有合同不变","false","0"
"contrib/satcompute/protection/runtime/fixed-protection-controller.cc","113","runtime","RUNTIME","B_OTHER (scheme adapter, not CompFRR)","Fixed 方案事件适配；非 CompFRR 数学模型","contrib/satcompute/protection/policy/fixed/fixed-protection-controller.cc","MOVE_WITH_COMPAT","contrib/satcompute/protection/runtime/decision-path-snapshot.h [include:3]; contrib/satcompute/protection/runtime/fixed-protection-controller.h [include:2]","contrib/satcompute/CMakeLists.txt:27 [build_reference]","","","头路径/类型别名、CMake、CLI/CSV/fixture、同纳秒事件与账本等价","false","0"
"contrib/satcompute/protection/runtime/fixed-protection-controller.h","63","runtime","RUNTIME","B_OTHER (scheme adapter, not CompFRR)","Fixed 方案事件适配；非 CompFRR 数学模型","contrib/satcompute/protection/policy/fixed/fixed-protection-controller.h","MOVE_WITH_COMPAT","contrib/satcompute/protection/mechanism/checkpoint/checkpoint-manager.h [include:4]; contrib/satcompute/protection/policy/fixed/fixed-protection-policy.h [include:5]; contrib/satcompute/protection/runtime/placement-load-ledger.h [include:7]; contrib/satcompute/protection/runtime/recovery-controller.h [include:6]","contrib/satcompute/CMakeLists.txt:133 [build_reference]; contrib/satcompute/protection/runtime/fixed-protection-controller.cc:2 [include]; contrib/satcompute/protection/runtime/fixed-protection-controller.cc:2 [literal_code_reference]; contrib/satcompute/satcompute.cc:17 [include]; contrib/satcompute/satcompute.cc:17 [literal_code_reference]; contrib/satcompute/tests/unit/frequency-runtime-test.cc:7 [include]; contrib/satcompute/tests/unit/frequency-runtime-test.cc:7 [literal_code_reference]; contrib/satcompute/tests/unit/protection-path-test.cc:9 [include]; contrib/satcompute/tests/unit/protection-path-test.cc:9 [literal_code_reference]","","","头路径/类型别名、CMake、CLI/CSV/fixture、同纳秒事件与账本等价","false","0"
"contrib/satcompute/protection/runtime/frequency-n5c-adapter.cc","186","runtime","RUNTIME","B","Frequency controller 的成员实现；reference 配置对接实际 P 候选","contrib/satcompute/protection/policy/compfrr/compfrr-placement-adapter.cc","SPLIT_MOVE_WITH_COMPAT","contrib/satcompute/protection/runtime/frequency-protection-controller.h [include:2]","contrib/satcompute/CMakeLists.txt:29 [build_reference]; contrib/satcompute/tests/integration/regression/run-checkpoint-maintenance.py:30 [literal_code_reference]; contrib/satcompute/tests/integration/regression/run-n5c-recent-u.py:26 [literal_code_reference]; contrib/satcompute/tests/integration/regression/run-recovery-deadline-reruns.py:39 [literal_code_reference]","RENAME (内部符号/注释); KEEP_AS_PUBLIC_TERM (CLI/CSV/导出头与类型兼容)","21: throw std::logic_error(""N5C ready estimate overflow""); | 26: std::vector<N5cForecast> FrequencyProtectionController::N5cPeers( | 29: std::vector<N5cForecast> peers; | 68: const auto ready = m_n5c->ReadyAfter(id).value_or(ReadyAfter(in)); | 79: void FrequencyProtectionController::SelectN5cRemote( | 83: const auto& policy = dynamic_cast<const N5cPlacementPolicy&>(*m_placement); | 84: N5cDecisionTrace trace; | 93: throw std::logic_error(""N5C missing current primary remaining compute time""); | 100: N5cCandidate candidate; | 102: m_n5c->FillResources(candidate, primary->remainingTimeNs); | 123: candidate.peers = N5cPeers(pair.remoteNode, row.taskId, row.trigger, paths); | 133: row.n5cPeak = m_n5c->PeakFor(selected->remoteNode, row.taskId, selected->additionalQuotaBytes); | 140: row.resourceReason = ""N5C_NO_FEASIBLE_REMOTE""; | 143: row.n5cTrace = m_n5c->Record(std::move(trace)); | 146: bool FrequencyProtectionController::RevalidateN5c(FrequencyDecisionRecord& row, | 158: row.resourceReason = actual.resourceReason.empty() ? ""N5C_POST_BATCH_NODE_UNAVAILABLE"" : actual.resourceReason; | 164: row.resourceReason = ""N5C_POST_BATCH_LOCAL_STORAGE""; | 167: const auto peak = m_n5c->PeakFor(row.pair->remoteNode, row.taskId, storage->remoteAdditionalBytes); | 168: if (!m_n5c->CanCommit(row.taskId, row.pair->remoteNode, peak)) | 170: row.resourceReason = ""N5C_POST_BATCH_QUOTA""; | 173: N5cForecast forecast{row.taskId, task.definition.computeNodeId, actual.input, | 176: if (N5cCatchSeconds(forecast) > N5cBudgetSeconds(forecast, row.input.risk.epochNs) || | 180: row.resourceReason = ""N5C_POST_BATCH_DEADLINE""; | 183: row.n5cPeak = peak;","头路径/类型别名、CMake、CLI/CSV/fixture、同纳秒事件与账本等价","false","0"
"contrib/satcompute/protection/runtime/frequency-protection-controller.cc","670","runtime","RUNTIME","B","F/P 资源、预测、决策和提交编排；当前不是纯 solver","contrib/satcompute/protection/policy/compfrr/compfrr-controller.cc","SPLIT_MOVE_WITH_COMPAT","contrib/satcompute/protection/runtime/frequency-protection-controller.h [include:2]","contrib/satcompute/CMakeLists.txt:28 [build_reference]; contrib/satcompute/tests/integration/regression/run-recovery-deadline-reruns.py:38 [literal_code_reference]","RENAME (内部符号/注释); KEEP_AS_PUBLIC_TERM (CLI/CSV/导出头与类型兼容)","31: const auto spatial = dynamic_cast<const N5cPlacementPolicy*>(m_placement.get()); | 33: m_placementObservation = std::make_unique<N5cPlacementTracker>(tasks, faults, m_manager, stopNs, | 34: spatial ? spatial->Variant() : N5cVariant::FULL, spatial != nullptr); | 35: if (spatial) m_n5c = m_placementObservation.get(); | 36: if (m_n5c) m_manager.SetMaintenanceFree([this](auto node, auto task) { | 37: return m_n5c->MaintenanceFree(node, task); | 115: if (m_n5c) m_n5c->ReleaseQuota(event.taskId); | 195: if (m_n5c) m_n5c->Initialized(id); | 273: if (m_n5c) | 275: input.localFreeBytes = m_n5c->FreeFor(pair.localNode, row.taskId); | 276: input.remoteFreeBytes = m_n5c->FreeFor(pair.remoteNode, row.taskId); | 364: if (m_n5c) | 369: throw std::logic_error(""N5C reference preview changed within one decision""); | 378: SelectN5cRemote(row, task, state, paths, pairs); | 480: if (m_n5c && row.proposal.action == FrequencyAction::UPDATE) | 481: row.n5cPeak = m_n5c->PeakFor(row.pair->remoteNode, row.taskId, | 534: if (running && !outcome.faultHit && m_n5c && | 536: configFeasible = RevalidateN5c(row, task, state); | 541: row.resourceReason == ""N5C_POST_BATCH_LOCAL_STORAGE"" || | 542: row.resourceReason == ""N5C_POST_BATCH_QUOTA"" || | 545: row.resourceReason == ""N5C_POST_BATCH_NODE_UNAVAILABLE""); | 551: row.n5cPeak.reset(); | 614: if (m_n5c && row.n5cPeak) | 618: m_n5c->CommitQuota(row.taskId, row.pair->remoteNode, *row.n5cPeak); | 633: if (m_n5c && row.n5cTrace) | 634: m_n5c->Resolve(*row.n5cTrace, admitted,","头路径/类型别名、CMake、CLI/CSV/fixture、同纳秒事件与账本等价","false","0"
"contrib/satcompute/protection/runtime/frequency-protection-controller.h","184","runtime","RUNTIME","B","F/P 资源、预测、决策和提交编排；当前不是纯 solver","contrib/satcompute/protection/policy/compfrr/compfrr-controller.h","SPLIT_MOVE_WITH_COMPAT","contrib/satcompute/fault/runtime/fault-model-engine.h [include:4]; contrib/satcompute/protection/policy/baseline/fa-first-feasible-placement/fa-first-feasible-placement-policy.h [include:5]; contrib/satcompute/protection/policy/compfrr/frequency/frequency-decision-gate.h [include:6]; contrib/satcompute/protection/runtime/decision-path-snapshot.h [include:10]; contrib/satcompute/protection/runtime/frequency-storage-estimator.h [include:7]; contrib/satcompute/protection/runtime/n5c-placement-tracker.h [include:11]; contrib/satcompute/protection/runtime/placement-load-ledger.h [include:9]; contrib/satcompute/protection/runtime/recovery-controller.h [include:8]","contrib/satcompute/CMakeLists.txt:134 [build_reference]; contrib/satcompute/metrics/core/frequency-metrics.cc:2 [include]; contrib/satcompute/metrics/core/frequency-metrics.cc:2 [literal_code_reference]; contrib/satcompute/protection/runtime/frequency-n5c-adapter.cc:2 [include]; contrib/satcompute/protection/runtime/frequency-n5c-adapter.cc:2 [literal_code_reference]; contrib/satcompute/protection/runtime/frequency-protection-controller.cc:2 [include]; contrib/satcompute/protection/runtime/frequency-protection-controller.cc:2 [literal_code_reference]; contrib/satcompute/satcompute.cc:18 [include]; contrib/satcompute/satcompute.cc:18 [literal_code_reference]; contrib/satcompute/tests/unit/frequency-runtime-test.cc:5 [include]; contrib/satcompute/tests/unit/frequency-runtime-test.cc:5 [literal_code_reference]","RENAME (内部符号/注释); KEEP_AS_PUBLIC_TERM (CLI/CSV/导出头与类型兼容)","11: #include ""n5c-placement-tracker.h"" | 43: std::optional<size_t> n5cTrace; ///< START-only spatial proposal; no solver call per remote. | 44: std::optional<uint64_t> n5cPeak; ///< Total replacement quota, captured before physical admission. | 68: const N5cPlacementTracker* N5c() const { return m_n5c; } | 158: void SelectN5cRemote(FrequencyDecisionRecord& row, const TaskRuntime& task, State& state, | 160: std::vector<N5cForecast> N5cPeers(uint32_t remote, uint64_t excluded, | 162: bool RevalidateN5c(FrequencyDecisionRecord& row, const TaskRuntime& task, State& state); | 170: std::unique_ptr<N5cPlacementTracker> m_placementObservation; ///< Read-only resource metrics, also usable by FA-FFP. | 171: N5cPlacementTracker* m_n5c{}; ///< Alias enabled only for N5C; legacy policies never use quota promises. | 173: std::unique_ptr<RecoveryController> m_recovery;   ///< Reused N5A recovery.","头路径/类型别名、CMake、CLI/CSV/fixture、同纳秒事件与账本等价","false","0"
"contrib/satcompute/protection/runtime/frequency-storage-estimator.cc","100","runtime","RUNTIME","B","检查点 initial/committed/merge 峰值估计","contrib/satcompute/protection/policy/compfrr/storage-estimator.cc","MOVE_WITH_COMPAT","contrib/satcompute/protection/runtime/frequency-storage-estimator.h [include:2]","contrib/satcompute/CMakeLists.txt:33 [build_reference]","","","头路径/类型别名、CMake、CLI/CSV/fixture、同纳秒事件与账本等价","false","0"
"contrib/satcompute/protection/runtime/frequency-storage-estimator.h","19","runtime","RUNTIME","B","检查点 initial/committed/merge 峰值估计","contrib/satcompute/protection/policy/compfrr/storage-estimator.h","MOVE_WITH_COMPAT","contrib/satcompute/protection/mechanism/checkpoint/checkpoint-manager.h [include:4]; contrib/satcompute/protection/policy/compfrr/frequency/compfrr-frequency-policy.h [include:5]","contrib/satcompute/CMakeLists.txt:137 [build_reference]; contrib/satcompute/protection/runtime/frequency-protection-controller.h:7 [include]; contrib/satcompute/protection/runtime/frequency-protection-controller.h:7 [literal_code_reference]; contrib/satcompute/protection/runtime/frequency-storage-estimator.cc:2 [include]; contrib/satcompute/protection/runtime/frequency-storage-estimator.cc:2 [literal_code_reference]","","","头路径/类型别名、CMake、CLI/CSV/fixture、同纳秒事件与账本等价","false","0"
"contrib/satcompute/protection/runtime/n5c-placement-tracker.cc","205","runtime","RUNTIME","A+B+C","实际历史观测 + placement quota + 研发 CSV DTO 混合；不能整体归档","contrib/satcompute/protection/runtime/placement-resource-tracker.cc","SPLIT_RENAME_WITH_COMPAT","contrib/satcompute/protection/runtime/n5c-placement-tracker.h [include:2]","contrib/satcompute/CMakeLists.txt:30 [build_reference]; contrib/satcompute/tests/integration/regression/run-n5c-rational-u.py:60 [literal_code_reference]; contrib/satcompute/tests/integration/regression/run-n5c-recent-u.py:25 [literal_code_reference]; contrib/satcompute/tests/integration/regression/run-recovery-deadline-reruns.py:40 [literal_code_reference]","RENAME (内部符号/注释); KEEP_AS_PUBLIC_TERM (CLI/CSV/导出头与类型兼容)","2: #include ""n5c-placement-tracker.h"" | 16: throw std::overflow_error(""N5C physical peak overflow""); | 20: N5cPlacementTracker::N5cPlacementTracker(Ptr<TaskCoordinator> tasks, Ptr<FaultModelEngine> faults, | 21: CheckpointManager& manager, int64_t stop, N5cVariant variant, bool spatialDiagnostics) | 25: if (Now() != 0) throw std::logic_error(""N5C history must observe from simulation start""); | 30: throw std::logic_error(""N5C history requires unique unstarted services""); | 32: service->ConnectStateObserver(MakeCallback(&N5cPlacementTracker::ObserveCompute, this)); | 36: m_nodes.emplace(node, N5cNodeObservation{}); | 41: N5cPlacementTracker::~N5cPlacementTracker() | 44: service->DisconnectStateObserver(MakeCallback(&N5cPlacementTracker::ObserveCompute, this)); | 47: Ptr<ComputeService> N5cPlacementTracker::Service(uint32_t node) const | 51: throw std::logic_error(""N5C missing compute service""); | 53: void N5cPlacementTracker::ObserveCompute(uint32_t node, bool busy) | 59: void N5cPlacementTracker::VerifyHistory(uint32_t node) const | 66: throw std::logic_error(""N5C event history disagrees with actual service counters""); | 68: void N5cPlacementTracker::FillResources(N5cCandidate& c, int64_t remainingTimeNs) const | 70: if (remainingTimeNs < 0) throw std::logic_error(""N5C negative remaining compute time""); | 74: if (c.recoveryBusyNs > busy) throw std::logic_error(""N5C recovery exceeds total actual service""); | 91: uint64_t N5cPlacementTracker::FreeFor(uint32_t node, uint64_t replacing) const | 97: uint64_t N5cPlacementTracker::MaintenanceFree(uint32_t node, uint64_t task) const | 108: uint64_t N5cPlacementTracker::PeakFor(uint32_t node, uint64_t task, uint64_t additional) const | 114: bool N5cPlacementTracker::CanCommit(uint64_t task, uint32_t node, uint64_t peak) const | 122: void N5cPlacementTracker::CommitQuota(uint64_t task, uint32_t node, uint64_t peak) | 124: if (!CanCommit(task, node, peak)) throw std::logic_error(""N5C quota changed before commit""); | 127: void N5cPlacementTracker::ReleaseQuota(uint64_t task) | 132: void N5cPlacementTracker::Assignment(uint64_t task, uint32_t node, bool active) | 136: throw std::logic_error(""N5C duplicate assignment""); | 139: if (m_assignments.at(task) != node) throw std::logic_error(""N5C release on wrong remote""); | 152: if (!s.active) throw std::logic_error(""N5C assignment count underflow""); | 157: void N5cPlacementTracker::Initialized(uint64_t task) { m_ready[task] = Now(); } | 158: std::optional<int64_t> N5cPlacementTracker::ReadyAfter(uint64_t task) const | 163: void N5cPlacementTracker::ObserveStorage(uint32_t node) | 172: size_t N5cPlacementTracker::Record(N5cDecisionTrace trace) | 185: void N5cPlacementTracker::Resolve(size_t index, bool committed, const std::string& reason) | 191: void N5cPlacementTracker::Finalize() | 200: if (s.active || s.storageBytes) throw std::logic_error(""N5C final ownership/storage leak""); | 202: if (!m_quotas.Empty() || !m_assignments.empty()) throw std::logic_error(""N5C final quota/assignment leak"");","头路径/类型别名、CMake、CLI/CSV/fixture、同纳秒事件与账本等价","false","0"
"contrib/satcompute/protection/runtime/n5c-placement-tracker.h","85","runtime","RUNTIME","A+B+C","实际历史观测 + placement quota + 研发 CSV DTO 混合；不能整体归档","contrib/satcompute/protection/runtime/placement-resource-tracker.h","SPLIT_RENAME_WITH_COMPAT","contrib/satcompute/fault/runtime/fault-model-engine.h [include:6]; contrib/satcompute/protection/mechanism/checkpoint/checkpoint-manager.h [include:5]; contrib/satcompute/protection/policy/compfrr/placement/n5c-placement-policy.h [include:4]; contrib/satcompute/protection/runtime/compute-usage-history.h [include:7]","contrib/satcompute/CMakeLists.txt:135 [build_reference]; contrib/satcompute/metrics/core/n5c-placement-metrics.cc:2 [include]; contrib/satcompute/metrics/core/n5c-placement-metrics.cc:2 [literal_code_reference]; contrib/satcompute/protection/runtime/frequency-protection-controller.h:11 [include]; contrib/satcompute/protection/runtime/frequency-protection-controller.h:11 [literal_code_reference]; contrib/satcompute/protection/runtime/n5c-placement-tracker.cc:2 [include]; contrib/satcompute/protection/runtime/n5c-placement-tracker.cc:2 [literal_code_reference]; contrib/satcompute/tests/integration/regression/run-n5c-recent-u.py:25 [literal_code_reference]","RENAME (内部符号/注释); KEEP_AS_PUBLIC_TERM (CLI/CSV/导出头与类型兼容)","2: #ifndef SATCOMPUTE_N5C_PLACEMENT_TRACKER_H | 3: #define SATCOMPUTE_N5C_PLACEMENT_TRACKER_H | 4: #include ""../policy/compfrr/placement/n5c-placement-policy.h"" | 13: struct N5cDecisionTrace | 21: N5cSelection selection; | 22: std::vector<N5cCandidate> candidates; ///< Scalar snapshots only after recording. | 28: struct N5cNodeObservation | 36: class N5cPlacementTracker | 39: N5cPlacementTracker(Ptr<TaskCoordinator> tasks, Ptr<FaultModelEngine> faults, | 40: CheckpointManager& manager, int64_t stopNs, N5cVariant variant, | 42: ~N5cPlacementTracker(); | 43: void FillResources(N5cCandidate& candidate, int64_t remainingTimeNs) const; | 54: size_t Record(N5cDecisionTrace trace); | 56: const N5cDecisionTrace& Decision(size_t index) const { return m_decisions.at(index); } | 57: const std::vector<N5cDecisionTrace>& Decisions() const { return m_decisions; } | 58: const std::map<uint32_t, N5cNodeObservation>& Nodes() const { return m_nodes; } | 73: N5cVariant m_variant; | 75: N5cQuotaLedger m_quotas; | 78: std::map<uint32_t, N5cNodeObservation> m_nodes; | 81: std::vector<N5cDecisionTrace> m_decisions;","头路径/类型别名、CMake、CLI/CSV/fixture、同纳秒事件与账本等价","false","0"
"contrib/satcompute/protection/runtime/one-plus-one-controller.cc","33","runtime","RUNTIME","B_OTHER (scheme adapter, not CompFRR)","1+1 事件适配；副本故障批次与 winner 合同","contrib/satcompute/protection/policy/baseline/one-plus-one/one-plus-one-controller.cc","MOVE_WITH_COMPAT","contrib/satcompute/protection/runtime/one-plus-one-controller.h [include:2]","contrib/satcompute/CMakeLists.txt:38 [build_reference]","","","头路径/类型别名、CMake、CLI/CSV/fixture、同纳秒事件与账本等价","false","0"
"contrib/satcompute/protection/runtime/one-plus-one-controller.h","26","runtime","RUNTIME","B_OTHER (scheme adapter, not CompFRR)","1+1 事件适配；副本故障批次与 winner 合同","contrib/satcompute/protection/policy/baseline/one-plus-one/one-plus-one-controller.h","MOVE_WITH_COMPAT","contrib/satcompute/protection/mechanism/replication/replica-manager.h [include:4]","contrib/satcompute/CMakeLists.txt:142 [build_reference]; contrib/satcompute/protection/runtime/one-plus-one-controller.cc:2 [include]; contrib/satcompute/protection/runtime/one-plus-one-controller.cc:2 [literal_code_reference]; contrib/satcompute/satcompute.cc:20 [include]; contrib/satcompute/satcompute.cc:20 [literal_code_reference]; contrib/satcompute/tests/unit/one-plus-one-baseline-test.cc:9 [include]; contrib/satcompute/tests/unit/one-plus-one-baseline-test.cc:9 [literal_code_reference]","","","头路径/类型别名、CMake、CLI/CSV/fixture、同纳秒事件与账本等价","false","0"
"contrib/satcompute/protection/runtime/placement-load-ledger.cc","76","runtime","PUBLIC_SUBSTRATE","A","assignment/recovery 的实际记账和事件","contrib/satcompute/protection/runtime/placement-load-ledger.cc","KEEP","contrib/satcompute/protection/runtime/placement-load-ledger.h [include:2]","contrib/satcompute/CMakeLists.txt:34 [build_reference]","","","现有合同不变","false","0"
"contrib/satcompute/protection/runtime/placement-load-ledger.h","59","runtime","PUBLIC_SUBSTRATE","A","assignment/recovery 的实际记账和事件","contrib/satcompute/protection/runtime/placement-load-ledger.h","KEEP","","contrib/satcompute/CMakeLists.txt:138 [build_reference]; contrib/satcompute/metrics/core/placement-load-metrics.cc:2 [include]; contrib/satcompute/metrics/core/placement-load-metrics.cc:2 [literal_code_reference]; contrib/satcompute/protection/mechanism/replication/replica-manager.h:7 [include]; contrib/satcompute/protection/mechanism/replication/replica-manager.h:7 [literal_code_reference]; contrib/satcompute/protection/policy/baseline/checkbullet/cb-sat-manager.h:6 [include]; contrib/satcompute/protection/policy/baseline/checkbullet/cb-sat-manager.h:6 [literal_code_reference]; contrib/satcompute/protection/runtime/fixed-protection-controller.h:7 [include]; contrib/satcompute/protection/runtime/fixed-protection-controller.h:7 [literal_code_reference]; contrib/satcompute/protection/runtime/frequency-protection-controller.h:9 [include]; contrib/satcompute/protection/runtime/frequency-protection-controller.h:9 [literal_code_reference]; contrib/satcompute/protection/runtime/placement-load-ledger.cc:2 [include]; contrib/satcompute/protection/runtime/placement-load-ledger.cc:2 [literal_code_reference]; contrib/satcompute/protection/runtime/recovery-controller.h:8 [include]; contrib/satcompute/protection/runtime/recovery-controller.h:8 [literal_code_reference]; contrib/satcompute/tests/unit/n5b-policy-test.cc:3 [include]; contrib/satcompute/tests/unit/n5b-policy-test.cc:3 [literal_code_reference]","","","现有合同不变","false","0"
"contrib/satcompute/protection/runtime/protection-runtime.cc","73","runtime","PUBLIC_SUBSTRATE","A","可选机制动作分派；并非所有方案都经过此类","contrib/satcompute/protection/runtime/protection-runtime.cc","KEEP_NARROW","contrib/satcompute/protection/runtime/protection-runtime.h [include:2]","contrib/satcompute/CMakeLists.txt:17 [build_reference]","","","头路径/类型别名、CMake、CLI/CSV/fixture、同纳秒事件与账本等价","false","0"
"contrib/satcompute/protection/runtime/protection-runtime.h","68","runtime","PUBLIC_SUBSTRATE","A","可选机制动作分派；并非所有方案都经过此类","contrib/satcompute/protection/runtime/protection-runtime.h","KEEP_NARROW","contrib/satcompute/protection/common/protection-types.h [include:4]","contrib/satcompute/CMakeLists.txt:119 [build_reference]; contrib/satcompute/protection/mechanism/checkpoint/checkpoint-manager.h:5 [include]; contrib/satcompute/protection/mechanism/checkpoint/checkpoint-manager.h:5 [literal_code_reference]; contrib/satcompute/protection/policy/baseline/one-plus-one/one-plus-one-policy.h:4 [include]; contrib/satcompute/protection/policy/baseline/one-plus-one/one-plus-one-policy.h:4 [literal_code_reference]; contrib/satcompute/protection/policy/baseline/recompute/recompute-policy.h:4 [include]; contrib/satcompute/protection/policy/baseline/recompute/recompute-policy.h:4 [literal_code_reference]; contrib/satcompute/protection/policy/fixed/fixed-protection-policy.h:4 [include]; contrib/satcompute/protection/policy/fixed/fixed-protection-policy.h:4 [literal_code_reference]; contrib/satcompute/protection/runtime/protection-runtime.cc:2 [include]; contrib/satcompute/protection/runtime/protection-runtime.cc:2 [literal_code_reference]","","","头路径/类型别名、CMake、CLI/CSV/fixture、同纳秒事件与账本等价","false","0"
"contrib/satcompute/protection/runtime/protection-transfer-key.h","43","runtime","PUBLIC_SUBSTRATE","A","共享保护/恢复流的标识映射","contrib/satcompute/protection/runtime/protection-transfer-key.h","KEEP","contrib/satcompute/protection/common/protection-types.h [include:4]","contrib/satcompute/CMakeLists.txt:146 [build_reference]; contrib/satcompute/protection/mechanism/checkpoint/checkpoint-manager.h:6 [include]; contrib/satcompute/protection/mechanism/checkpoint/checkpoint-manager.h:6 [literal_code_reference]; contrib/satcompute/protection/policy/baseline/checkbullet/cb-sat-manager.h:7 [include]; contrib/satcompute/protection/policy/baseline/checkbullet/cb-sat-manager.h:7 [literal_code_reference]; contrib/satcompute/tests/unit/protection-path-test.cc:11 [include]; contrib/satcompute/tests/unit/protection-path-test.cc:11 [literal_code_reference]","","","现有合同不变","false","0"
"contrib/satcompute/protection/runtime/recompute-controller.cc","43","runtime","RUNTIME","B_OTHER (scheme adapter, not CompFRR)","纯 Recompute 方案事件适配；不能因此继承 checkpoint","contrib/satcompute/protection/policy/baseline/recompute/recompute-controller.cc","MOVE_WITH_COMPAT","contrib/satcompute/protection/runtime/recompute-controller.h [include:2]","contrib/satcompute/CMakeLists.txt:37 [build_reference]; contrib/satcompute/tests/integration/regression/run-n5c-rational-multirun.py:28 [literal_code_reference]","","","头路径/类型别名、CMake、CLI/CSV/fixture、同纳秒事件与账本等价","false","0"
"contrib/satcompute/protection/runtime/recompute-controller.h","37","runtime","RUNTIME","B_OTHER (scheme adapter, not CompFRR)","纯 Recompute 方案事件适配；不能因此继承 checkpoint","contrib/satcompute/protection/policy/baseline/recompute/recompute-controller.h","MOVE_WITH_COMPAT","contrib/satcompute/protection/policy/baseline/recompute/recompute-policy.h [include:5]; contrib/satcompute/protection/policy/placement-policy.h [include:6]; contrib/satcompute/protection/runtime/recovery-controller.h [include:4]","contrib/satcompute/CMakeLists.txt:141 [build_reference]; contrib/satcompute/protection/runtime/recompute-controller.cc:2 [include]; contrib/satcompute/protection/runtime/recompute-controller.cc:2 [literal_code_reference]; contrib/satcompute/satcompute.cc:19 [include]; contrib/satcompute/satcompute.cc:19 [literal_code_reference]; contrib/satcompute/tests/integration/regression/run-n5c-rational-multirun.py:29 [literal_code_reference]; contrib/satcompute/tests/unit/recompute-baseline-test.cc:11 [include]; contrib/satcompute/tests/unit/recompute-baseline-test.cc:11 [literal_code_reference]","","","头路径/类型别名、CMake、CLI/CSV/fixture、同纳秒事件与账本等价","false","0"
"contrib/satcompute/protection/runtime/recovery-controller.cc","949","runtime","RUNTIME","A+B","恢复执行混合双层 checkpoint 选择与 tail/redo/relocate 决策","contrib/satcompute/protection/runtime/recovery-controller.cc","SPLIT_KEEP_EXECUTOR","contrib/satcompute/protection/policy/baseline/fa-first-feasible-placement/fa-first-feasible-placement-policy.h [include:4]; contrib/satcompute/protection/runtime/checkpoint-recovery-estimate.h [include:3]; contrib/satcompute/protection/runtime/recovery-controller.h [include:2]","contrib/satcompute/CMakeLists.txt:36 [build_reference]; contrib/satcompute/tests/integration/regression/run-checkpoint-maintenance.py:28 [literal_code_reference]; contrib/satcompute/tests/integration/regression/run-n5c-rational-multirun.py:26 [literal_code_reference]; contrib/satcompute/tests/unit/test_n5c_rational_multirun.py:55 [literal_code_reference]","RENAME (内部符号/注释); KEEP_AS_PUBLIC_TERM (CLI/CSV/导出头与类型兼容)","346: // N5C can later replace this ranking without duplicating operation feasibility.","头路径/类型别名、CMake、CLI/CSV/fixture、同纳秒事件与账本等价","false","0"
"contrib/satcompute/protection/runtime/recovery-controller.h","161","runtime","RUNTIME","A+B","恢复执行混合双层 checkpoint 选择与 tail/redo/relocate 决策","contrib/satcompute/protection/runtime/recovery-controller.h","SPLIT_KEEP_EXECUTOR","contrib/satcompute/protection/mechanism/checkpoint/checkpoint-manager.h [include:5]; contrib/satcompute/protection/policy/placement-policy.h [include:7]; contrib/satcompute/protection/policy/recovery-policy.h [include:6]; contrib/satcompute/protection/runtime/placement-load-ledger.h [include:8]; contrib/satcompute/traffic/local-delivery.h [include:4]","contrib/satcompute/CMakeLists.txt:139 [build_reference]; contrib/satcompute/metrics/core/recovery-metrics.cc:2 [include]; contrib/satcompute/metrics/core/recovery-metrics.cc:2 [literal_code_reference]; contrib/satcompute/protection/runtime/fixed-protection-controller.h:6 [include]; contrib/satcompute/protection/runtime/fixed-protection-controller.h:6 [literal_code_reference]; contrib/satcompute/protection/runtime/frequency-protection-controller.h:8 [include]; contrib/satcompute/protection/runtime/frequency-protection-controller.h:8 [literal_code_reference]; contrib/satcompute/protection/runtime/recompute-controller.h:4 [include]; contrib/satcompute/protection/runtime/recompute-controller.h:4 [literal_code_reference]; contrib/satcompute/protection/runtime/recovery-controller.cc:2 [include]; contrib/satcompute/protection/runtime/recovery-controller.cc:2 [literal_code_reference]; contrib/satcompute/tests/integration/regression/run-checkpoint-maintenance.py:28 [literal_code_reference]; contrib/satcompute/tests/integration/regression/run-n5c-rational-multirun.py:27 [literal_code_reference]; contrib/satcompute/tests/unit/recovery-runtime-test.cc:13 [include]; contrib/satcompute/tests/unit/recovery-runtime-test.cc:13 [literal_code_reference]","","","头路径/类型别名、CMake、CLI/CSV/fixture、同纳秒事件与账本等价","false","0"
"contrib/satcompute/protection/storage/backup-storage-pool.cc","161","storage","PUBLIC_SUBSTRATE","","实体对象 reserve/commit/merge/release；仅执行资源合同","contrib/satcompute/protection/storage/backup-storage-pool.cc","KEEP","contrib/satcompute/protection/storage/backup-storage-pool.h [include:2]","contrib/satcompute/CMakeLists.txt:16 [build_reference]","","","现有合同不变","false","0"
"contrib/satcompute/protection/storage/backup-storage-pool.h","147","storage","PUBLIC_SUBSTRATE","","实体对象 reserve/commit/merge/release；仅执行资源合同","contrib/satcompute/protection/storage/backup-storage-pool.h","KEEP","","contrib/satcompute/CMakeLists.txt:118 [build_reference]; contrib/satcompute/protection/mechanism/checkpoint/checkpoint-manager.h:7 [include]; contrib/satcompute/protection/mechanism/checkpoint/checkpoint-manager.h:7 [literal_code_reference]; contrib/satcompute/protection/policy/baseline/checkbullet/cb-sat-manager.h:9 [include]; contrib/satcompute/protection/policy/baseline/checkbullet/cb-sat-manager.h:9 [literal_code_reference]; contrib/satcompute/protection/storage/backup-storage-pool.cc:2 [include]; contrib/satcompute/protection/storage/backup-storage-pool.cc:2 [literal_code_reference]; contrib/satcompute/tests/unit/n5b-policy-test.cc:2 [include]; contrib/satcompute/tests/unit/n5b-policy-test.cc:2 [literal_code_reference]; contrib/satcompute/tests/unit/n5c-placement-test.cc:3 [include]; contrib/satcompute/tests/unit/n5c-placement-test.cc:3 [literal_code_reference]; contrib/satcompute/tests/unit/protection-contract-test.cc:2 [include]; contrib/satcompute/tests/unit/protection-contract-test.cc:2 [literal_code_reference]","","","现有合同不变","false","0"
"contrib/satcompute/routing/algorithm/capacity-aware-hrw-policy.cc","115","outside-protection","PUBLIC_SUBSTRATE","","公共路由/容量准入基础设施；不得作为 protection 算法开关","contrib/satcompute/routing/algorithm/capacity-aware-hrw-policy.cc","KEEP","contrib/satcompute/routing/algorithm/capacity-aware-hrw-policy.h [include:7]; contrib/satcompute/routing/algorithm/hrw-per-flow-policy.h [include:9]","contrib/satcompute/CMakeLists.txt:74 [build_reference]","","","现有合同不变","false","0"
"contrib/satcompute/routing/algorithm/capacity-aware-hrw-policy.h","51","outside-protection","PUBLIC_SUBSTRATE","","公共路由/容量准入基础设施；不得作为 protection 算法开关","contrib/satcompute/routing/algorithm/capacity-aware-hrw-policy.h","KEEP","contrib/satcompute/routing/algorithm/capacity-aware-path-view.h [include:8]; contrib/satcompute/routing/algorithm/path-policy.h [include:9]; contrib/satcompute/routing/state/capacity-reservation-state.h [include:10]","contrib/satcompute/CMakeLists.txt:180 [build_reference]; contrib/satcompute/routing/algorithm/capacity-aware-hrw-policy.cc:7 [include]; contrib/satcompute/routing/algorithm/capacity-aware-hrw-policy.cc:7 [literal_code_reference]; contrib/satcompute/routing/routing-policy-factory.cc:9 [include]; contrib/satcompute/routing/routing-policy-factory.cc:9 [literal_code_reference]; contrib/satcompute/tests/unit/routing-policy-factory-test.cc:5 [include]; contrib/satcompute/tests/unit/routing-policy-factory-test.cc:5 [literal_code_reference]","","","现有合同不变","false","0"
"contrib/satcompute/routing/algorithm/capacity-aware-path-types.h","37","outside-protection","PUBLIC_SUBSTRATE","","公共路由/容量准入基础设施；不得作为 protection 算法开关","contrib/satcompute/routing/algorithm/capacity-aware-path-types.h","KEEP","contrib/satcompute/routing/common/ecmp-route-candidate.h [include:8]","contrib/satcompute/CMakeLists.txt:181 [build_reference]; contrib/satcompute/routing/algorithm/path-policy.h:8 [include]; contrib/satcompute/routing/algorithm/path-policy.h:8 [literal_code_reference]; contrib/satcompute/routing/state/capacity-reservation-state.h:8 [include]; contrib/satcompute/routing/state/capacity-reservation-state.h:8 [literal_code_reference]","","","现有合同不变","false","0"
"contrib/satcompute/routing/algorithm/capacity-aware-path-view.h","34","outside-protection","PUBLIC_SUBSTRATE","","公共路由/容量准入基础设施；不得作为 protection 算法开关","contrib/satcompute/routing/algorithm/capacity-aware-path-view.h","KEEP","contrib/satcompute/routing/common/ecmp-route-candidate.h [include:8]","contrib/satcompute/CMakeLists.txt:182 [build_reference]; contrib/satcompute/routing/algorithm/capacity-aware-hrw-policy.h:8 [include]; contrib/satcompute/routing/algorithm/capacity-aware-hrw-policy.h:8 [literal_code_reference]; contrib/satcompute/routing/routing-policy-factory.h:8 [include]; contrib/satcompute/routing/routing-policy-factory.h:8 [literal_code_reference]; contrib/satcompute/routing/state/capacity-reservation-state.h:9 [include]; contrib/satcompute/routing/state/capacity-reservation-state.h:9 [literal_code_reference]; contrib/satcompute/topology/satellite-runtime-view.h:8 [include]; contrib/satcompute/topology/satellite-runtime-view.h:8 [literal_code_reference]","","","现有合同不变","false","0"
"contrib/satcompute/routing/algorithm/global-first-policy.cc","18","outside-protection","PUBLIC_SUBSTRATE","","公共路由/容量准入基础设施；不得作为 protection 算法开关","contrib/satcompute/routing/algorithm/global-first-policy.cc","KEEP","contrib/satcompute/routing/algorithm/global-first-policy.h [include:7]","contrib/satcompute/CMakeLists.txt:75 [build_reference]","","","现有合同不变","false","0"
"contrib/satcompute/routing/algorithm/global-first-policy.h","22","outside-protection","PUBLIC_SUBSTRATE","","公共路由/容量准入基础设施；不得作为 protection 算法开关","contrib/satcompute/routing/algorithm/global-first-policy.h","KEEP","contrib/satcompute/routing/algorithm/next-hop-policy.h [include:8]","contrib/satcompute/CMakeLists.txt:183 [build_reference]; contrib/satcompute/routing/algorithm/global-first-policy.cc:7 [include]; contrib/satcompute/routing/algorithm/global-first-policy.cc:7 [literal_code_reference]; contrib/satcompute/routing/routing-policy-factory.cc:10 [include]; contrib/satcompute/routing/routing-policy-factory.cc:10 [literal_code_reference]; contrib/satcompute/tests/unit/routing-policy-factory-test.cc:8 [include]; contrib/satcompute/tests/unit/routing-policy-factory-test.cc:8 [literal_code_reference]","","","现有合同不变","false","0"
"contrib/satcompute/routing/algorithm/hash-per-flow-policy.cc","28","outside-protection","PUBLIC_SUBSTRATE","","公共路由/容量准入基础设施；不得作为 protection 算法开关","contrib/satcompute/routing/algorithm/hash-per-flow-policy.cc","KEEP","contrib/satcompute/routing/algorithm/hash-per-flow-policy.h [include:7]; contrib/satcompute/routing/common/fnv1a64.h [include:9]","contrib/satcompute/CMakeLists.txt:76 [build_reference]","","","现有合同不变","false","0"
"contrib/satcompute/routing/algorithm/hash-per-flow-policy.h","22","outside-protection","PUBLIC_SUBSTRATE","","公共路由/容量准入基础设施；不得作为 protection 算法开关","contrib/satcompute/routing/algorithm/hash-per-flow-policy.h","KEEP","contrib/satcompute/routing/algorithm/next-hop-policy.h [include:8]","contrib/satcompute/CMakeLists.txt:184 [build_reference]; contrib/satcompute/routing/algorithm/hash-per-flow-policy.cc:7 [include]; contrib/satcompute/routing/algorithm/hash-per-flow-policy.cc:7 [literal_code_reference]; contrib/satcompute/routing/ns3/satcompute-ipv4-global-routing.h:8 [include]; contrib/satcompute/routing/ns3/satcompute-ipv4-global-routing.h:8 [literal_code_reference]; contrib/satcompute/routing/routing-policy-factory.cc:11 [include]; contrib/satcompute/routing/routing-policy-factory.cc:11 [literal_code_reference]; contrib/satcompute/tests/unit/routing-policy-factory-test.cc:9 [include]; contrib/satcompute/tests/unit/routing-policy-factory-test.cc:9 [literal_code_reference]","","","现有合同不变","false","0"
"contrib/satcompute/routing/algorithm/hrw-per-flow-policy.cc","98","outside-protection","PUBLIC_SUBSTRATE","","公共路由/容量准入基础设施；不得作为 protection 算法开关","contrib/satcompute/routing/algorithm/hrw-per-flow-policy.cc","KEEP","contrib/satcompute/routing/algorithm/hrw-per-flow-policy.h [include:7]; contrib/satcompute/routing/common/fnv1a64.h [include:9]","contrib/satcompute/CMakeLists.txt:77 [build_reference]","","","现有合同不变","false","0"
"contrib/satcompute/routing/algorithm/hrw-per-flow-policy.h","49","outside-protection","PUBLIC_SUBSTRATE","","公共路由/容量准入基础设施；不得作为 protection 算法开关","contrib/satcompute/routing/algorithm/hrw-per-flow-policy.h","KEEP","contrib/satcompute/routing/algorithm/next-hop-policy.h [include:8]","contrib/satcompute/CMakeLists.txt:185 [build_reference]; contrib/satcompute/routing/algorithm/capacity-aware-hrw-policy.cc:9 [include]; contrib/satcompute/routing/algorithm/capacity-aware-hrw-policy.cc:9 [literal_code_reference]; contrib/satcompute/routing/algorithm/hrw-per-flow-policy.cc:7 [include]; contrib/satcompute/routing/algorithm/hrw-per-flow-policy.cc:7 [literal_code_reference]; contrib/satcompute/routing/algorithm/size-aware-hrw-policy.cc:9 [include]; contrib/satcompute/routing/algorithm/size-aware-hrw-policy.cc:9 [literal_code_reference]; contrib/satcompute/routing/ns3/satcompute-ipv4-global-routing.cc:9 [include]; contrib/satcompute/routing/ns3/satcompute-ipv4-global-routing.cc:9 [literal_code_reference]; contrib/satcompute/routing/ns3/satcompute-ipv4-global-routing.h:9 [include]; contrib/satcompute/routing/ns3/satcompute-ipv4-global-routing.h:9 [literal_code_reference]; contrib/satcompute/routing/routing-policy-factory.cc:12 [include]; contrib/satcompute/routing/routing-policy-factory.cc:12 [literal_code_reference]; contrib/satcompute/tests/unit/routing-policy-factory-test.cc:10 [include]; contrib/satcompute/tests/unit/routing-policy-factory-test.cc:10 [literal_code_reference]","","","现有合同不变","false","0"
"contrib/satcompute/routing/algorithm/next-hop-policy.h","47","outside-protection","PUBLIC_SUBSTRATE","","公共路由/容量准入基础设施；不得作为 protection 算法开关","contrib/satcompute/routing/algorithm/next-hop-policy.h","KEEP","contrib/satcompute/routing/common/ecmp-flow-key.h [include:8]; contrib/satcompute/routing/common/ecmp-route-candidate.h [include:9]","contrib/satcompute/CMakeLists.txt:186 [build_reference]; contrib/satcompute/routing/algorithm/global-first-policy.h:8 [include]; contrib/satcompute/routing/algorithm/global-first-policy.h:8 [literal_code_reference]; contrib/satcompute/routing/algorithm/hash-per-flow-policy.h:8 [include]; contrib/satcompute/routing/algorithm/hash-per-flow-policy.h:8 [literal_code_reference]; contrib/satcompute/routing/algorithm/hrw-per-flow-policy.h:8 [include]; contrib/satcompute/routing/algorithm/hrw-per-flow-policy.h:8 [literal_code_reference]; contrib/satcompute/routing/algorithm/size-aware-hrw-policy.h:8 [include]; contrib/satcompute/routing/algorithm/size-aware-hrw-policy.h:8 [literal_code_reference]; contrib/satcompute/routing/routing-policy-factory.h:9 [include]; contrib/satcompute/routing/routing-policy-factory.h:9 [literal_code_reference]","","","现有合同不变","false","0"
"contrib/satcompute/routing/algorithm/path-policy.h","36","outside-protection","PUBLIC_SUBSTRATE","","公共路由/容量准入基础设施；不得作为 protection 算法开关","contrib/satcompute/routing/algorithm/path-policy.h","KEEP","contrib/satcompute/routing/algorithm/capacity-aware-path-types.h [include:8]; contrib/satcompute/routing/common/ecmp-flow-key.h [include:9]","contrib/satcompute/CMakeLists.txt:187 [build_reference]; contrib/satcompute/routing/algorithm/capacity-aware-hrw-policy.h:9 [include]; contrib/satcompute/routing/algorithm/capacity-aware-hrw-policy.h:9 [literal_code_reference]; contrib/satcompute/routing/routing-policy-factory.h:10 [include]; contrib/satcompute/routing/routing-policy-factory.h:10 [literal_code_reference]; contrib/satcompute/traffic/network-transfer-engine.h:8 [include]; contrib/satcompute/traffic/network-transfer-engine.h:8 [literal_code_reference]","","","现有合同不变","false","0"
"contrib/satcompute/routing/algorithm/size-aware-hrw-policy.cc","76","outside-protection","PUBLIC_SUBSTRATE","","公共路由/容量准入基础设施；不得作为 protection 算法开关","contrib/satcompute/routing/algorithm/size-aware-hrw-policy.cc","KEEP","contrib/satcompute/routing/algorithm/hrw-per-flow-policy.h [include:9]; contrib/satcompute/routing/algorithm/size-aware-hrw-policy.h [include:7]","contrib/satcompute/CMakeLists.txt:78 [build_reference]","","","现有合同不变","false","0"
"contrib/satcompute/routing/algorithm/size-aware-hrw-policy.h","30","outside-protection","PUBLIC_SUBSTRATE","","公共路由/容量准入基础设施；不得作为 protection 算法开关","contrib/satcompute/routing/algorithm/size-aware-hrw-policy.h","KEEP","contrib/satcompute/routing/algorithm/next-hop-policy.h [include:8]; contrib/satcompute/routing/state/flow-route-state.h [include:9]; contrib/satcompute/routing/state/size-aware-load-view.h [include:10]","contrib/satcompute/CMakeLists.txt:188 [build_reference]; contrib/satcompute/routing/algorithm/size-aware-hrw-policy.cc:7 [include]; contrib/satcompute/routing/algorithm/size-aware-hrw-policy.cc:7 [literal_code_reference]; contrib/satcompute/routing/routing-policy-factory.cc:13 [include]; contrib/satcompute/routing/routing-policy-factory.cc:13 [literal_code_reference]; contrib/satcompute/tests/unit/routing-policy-factory-test.cc:12 [include]; contrib/satcompute/tests/unit/routing-policy-factory-test.cc:12 [literal_code_reference]","","","现有合同不变","false","0"
"contrib/satcompute/routing/common/ecmp-flow-key.h","76","outside-protection","PUBLIC_SUBSTRATE","","公共路由/容量准入基础设施；不得作为 protection 算法开关","contrib/satcompute/routing/common/ecmp-flow-key.h","KEEP","","contrib/satcompute/CMakeLists.txt:189 [build_reference]; contrib/satcompute/routing/algorithm/next-hop-policy.h:8 [include]; contrib/satcompute/routing/algorithm/next-hop-policy.h:8 [literal_code_reference]; contrib/satcompute/routing/algorithm/path-policy.h:9 [include]; contrib/satcompute/routing/algorithm/path-policy.h:9 [literal_code_reference]; contrib/satcompute/routing/ns3/satcompute-ipv4-global-routing.h:10 [include]; contrib/satcompute/routing/ns3/satcompute-ipv4-global-routing.h:10 [literal_code_reference]; contrib/satcompute/routing/state/flow-route-registry.h:8 [include]; contrib/satcompute/routing/state/flow-route-registry.h:8 [literal_code_reference]; contrib/satcompute/routing/state/flow-route-state.h:8 [include]; contrib/satcompute/routing/state/flow-route-state.h:8 [literal_code_reference]; contrib/satcompute/traffic/network-transfer-config.h:8 [include]; contrib/satcompute/traffic/network-transfer-config.h:8 [literal_code_reference]","","","现有合同不变","false","0"
"contrib/satcompute/routing/common/ecmp-route-candidate.h","44","outside-protection","PUBLIC_SUBSTRATE","","公共路由/容量准入基础设施；不得作为 protection 算法开关","contrib/satcompute/routing/common/ecmp-route-candidate.h","KEEP","","contrib/satcompute/CMakeLists.txt:190 [build_reference]; contrib/satcompute/routing/algorithm/capacity-aware-path-types.h:8 [include]; contrib/satcompute/routing/algorithm/capacity-aware-path-types.h:8 [literal_code_reference]; contrib/satcompute/routing/algorithm/capacity-aware-path-view.h:8 [include]; contrib/satcompute/routing/algorithm/capacity-aware-path-view.h:8 [literal_code_reference]; contrib/satcompute/routing/algorithm/next-hop-policy.h:9 [include]; contrib/satcompute/routing/algorithm/next-hop-policy.h:9 [literal_code_reference]; contrib/satcompute/routing/ns3/satcompute-ipv4-global-routing.h:11 [include]; contrib/satcompute/routing/ns3/satcompute-ipv4-global-routing.h:11 [literal_code_reference]; contrib/satcompute/routing/state/flow-route-registry.h:9 [include]; contrib/satcompute/routing/state/flow-route-registry.h:9 [literal_code_reference]; contrib/satcompute/routing/state/flow-route-state.h:9 [include]; contrib/satcompute/routing/state/flow-route-state.h:9 [literal_code_reference]; contrib/satcompute/routing/state/size-aware-load-state.h:8 [include]; contrib/satcompute/routing/state/size-aware-load-state.h:8 [literal_code_reference]; contrib/satcompute/routing/state/size-aware-load-view.h:8 [include]; contrib/satcompute/routing/state/size-aware-load-view.h:8 [literal_code_reference]","","","现有合同不变","false","0"
"contrib/satcompute/routing/common/fnv1a64.h","33","outside-protection","PUBLIC_SUBSTRATE","","公共路由/容量准入基础设施；不得作为 protection 算法开关","contrib/satcompute/routing/common/fnv1a64.h","KEEP","","contrib/satcompute/CMakeLists.txt:191 [build_reference]; contrib/satcompute/routing/algorithm/hash-per-flow-policy.cc:9 [include]; contrib/satcompute/routing/algorithm/hash-per-flow-policy.cc:9 [literal_code_reference]; contrib/satcompute/routing/algorithm/hrw-per-flow-policy.cc:9 [include]; contrib/satcompute/routing/algorithm/hrw-per-flow-policy.cc:9 [literal_code_reference]","","","现有合同不变","false","0"
"contrib/satcompute/routing/common/routing-mode.cc","70","outside-protection","PUBLIC_SUBSTRATE","","公共路由/容量准入基础设施；不得作为 protection 算法开关","contrib/satcompute/routing/common/routing-mode.cc","KEEP","contrib/satcompute/routing/common/routing-mode.h [include:7]","contrib/satcompute/CMakeLists.txt:79 [build_reference]","","","现有合同不变","false","0"
"contrib/satcompute/routing/common/routing-mode.h","28","outside-protection","PUBLIC_SUBSTRATE","","公共路由/容量准入基础设施；不得作为 protection 算法开关","contrib/satcompute/routing/common/routing-mode.h","KEEP","","contrib/satcompute/CMakeLists.txt:192 [build_reference]; contrib/satcompute/routing/common/routing-mode.cc:7 [include]; contrib/satcompute/routing/common/routing-mode.cc:7 [literal_code_reference]; contrib/satcompute/routing/ns3/satcompute-ipv4-global-routing.h:12 [include]; contrib/satcompute/routing/ns3/satcompute-ipv4-global-routing.h:12 [literal_code_reference]; contrib/satcompute/routing/routing-policy-factory.h:11 [include]; contrib/satcompute/routing/routing-policy-factory.h:11 [literal_code_reference]; contrib/satcompute/topology/online/online-topology-controller.h:9 [include]; contrib/satcompute/topology/online/online-topology-controller.h:9 [literal_code_reference]","","","现有合同不变","false","0"
"contrib/satcompute/routing/ns3/satcompute-ipv4-global-routing-helper.cc","84","outside-protection","PUBLIC_SUBSTRATE","","公共路由/容量准入基础设施；不得作为 protection 算法开关","contrib/satcompute/routing/ns3/satcompute-ipv4-global-routing-helper.cc","KEEP","contrib/satcompute/routing/ns3/satcompute-ipv4-global-routing-helper.h [include:7]","contrib/satcompute/CMakeLists.txt:82 [build_reference]","","","现有合同不变","false","0"
"contrib/satcompute/routing/ns3/satcompute-ipv4-global-routing-helper.h","41","outside-protection","PUBLIC_SUBSTRATE","","公共路由/容量准入基础设施；不得作为 protection 算法开关","contrib/satcompute/routing/ns3/satcompute-ipv4-global-routing-helper.h","KEEP","contrib/satcompute/routing/ns3/satcompute-ipv4-global-routing.h [include:8]","contrib/satcompute/CMakeLists.txt:195 [build_reference]; contrib/satcompute/metrics/routing/ecmp-route-recorder.cc:9 [include]; contrib/satcompute/metrics/routing/ecmp-route-recorder.cc:9 [literal_code_reference]; contrib/satcompute/routing/ns3/satcompute-ipv4-global-routing-helper.cc:7 [include]; contrib/satcompute/routing/ns3/satcompute-ipv4-global-routing-helper.cc:7 [literal_code_reference]; contrib/satcompute/topology/online/online-topology-controller.cc:7 [include]; contrib/satcompute/topology/online/online-topology-controller.cc:7 [literal_code_reference]; contrib/satcompute/traffic/network-transfer-engine.cc:13 [include]; contrib/satcompute/traffic/network-transfer-engine.cc:13 [literal_code_reference]","","","现有合同不变","false","0"
"contrib/satcompute/routing/ns3/satcompute-ipv4-global-routing.cc","564","outside-protection","PUBLIC_SUBSTRATE","","公共路由/容量准入基础设施；不得作为 protection 算法开关","contrib/satcompute/routing/ns3/satcompute-ipv4-global-routing.cc","KEEP","contrib/satcompute/routing/algorithm/hrw-per-flow-policy.h [include:9]; contrib/satcompute/routing/ns3/satcompute-ipv4-global-routing.h [include:7]; contrib/satcompute/routing/routing-policy-factory.h [include:10]","contrib/satcompute/CMakeLists.txt:81 [build_reference]","","","现有合同不变","false","0"
"contrib/satcompute/routing/ns3/satcompute-ipv4-global-routing.h","124","outside-protection","PUBLIC_SUBSTRATE","","公共路由/容量准入基础设施；不得作为 protection 算法开关","contrib/satcompute/routing/ns3/satcompute-ipv4-global-routing.h","KEEP","contrib/satcompute/routing/algorithm/hash-per-flow-policy.h [include:8]; contrib/satcompute/routing/algorithm/hrw-per-flow-policy.h [include:9]; contrib/satcompute/routing/common/ecmp-flow-key.h [include:10]; contrib/satcompute/routing/common/ecmp-route-candidate.h [include:11]; contrib/satcompute/routing/common/routing-mode.h [include:12]; contrib/satcompute/routing/state/flow-route-registry.h [include:13]","contrib/satcompute/CMakeLists.txt:194 [build_reference]; contrib/satcompute/metrics/diagnostics/failure-diagnostics.h:10 [include]; contrib/satcompute/metrics/diagnostics/failure-diagnostics.h:10 [literal_code_reference]; contrib/satcompute/metrics/metrics.h:9 [include]; contrib/satcompute/metrics/metrics.h:9 [literal_code_reference]; contrib/satcompute/metrics/routing/ecmp-metrics.h:8 [include]; contrib/satcompute/metrics/routing/ecmp-metrics.h:8 [literal_code_reference]; contrib/satcompute/metrics/routing/ecmp-route-recorder.h:8 [include]; contrib/satcompute/metrics/routing/ecmp-route-recorder.h:8 [literal_code_reference]; contrib/satcompute/routing/ns3/satcompute-ipv4-global-routing-helper.h:8 [include]; contrib/satcompute/routing/ns3/satcompute-ipv4-global-routing-helper.h:8 [literal_code_reference]; contrib/satcompute/routing/ns3/satcompute-ipv4-global-routing.cc:7 [include]; contrib/satcompute/routing/ns3/satcompute-ipv4-global-routing.cc:7 [literal_code_reference]","","","现有合同不变","false","0"
"contrib/satcompute/routing/routing-policy-factory.cc","57","outside-protection","PUBLIC_SUBSTRATE","","公共路由/容量准入基础设施；不得作为 protection 算法开关","contrib/satcompute/routing/routing-policy-factory.cc","KEEP","contrib/satcompute/routing/algorithm/capacity-aware-hrw-policy.h [include:9]; contrib/satcompute/routing/algorithm/global-first-policy.h [include:10]; contrib/satcompute/routing/algorithm/hash-per-flow-policy.h [include:11]; contrib/satcompute/routing/algorithm/hrw-per-flow-policy.h [include:12]; contrib/satcompute/routing/algorithm/size-aware-hrw-policy.h [include:13]; contrib/satcompute/routing/routing-policy-factory.h [include:7]","contrib/satcompute/CMakeLists.txt:80 [build_reference]","","","现有合同不变","false","0"
"contrib/satcompute/routing/routing-policy-factory.h","43","outside-protection","PUBLIC_SUBSTRATE","","公共路由/容量准入基础设施；不得作为 protection 算法开关","contrib/satcompute/routing/routing-policy-factory.h","KEEP","contrib/satcompute/routing/algorithm/capacity-aware-path-view.h [include:8]; contrib/satcompute/routing/algorithm/next-hop-policy.h [include:9]; contrib/satcompute/routing/algorithm/path-policy.h [include:10]; contrib/satcompute/routing/common/routing-mode.h [include:11]; contrib/satcompute/routing/state/capacity-reservation-state.h [include:12]; contrib/satcompute/routing/state/flow-route-state.h [include:13]; contrib/satcompute/routing/state/size-aware-load-view.h [include:14]","contrib/satcompute/CMakeLists.txt:193 [build_reference]; contrib/satcompute/routing/ns3/satcompute-ipv4-global-routing.cc:10 [include]; contrib/satcompute/routing/ns3/satcompute-ipv4-global-routing.cc:10 [literal_code_reference]; contrib/satcompute/routing/routing-policy-factory.cc:7 [include]; contrib/satcompute/routing/routing-policy-factory.cc:7 [literal_code_reference]; contrib/satcompute/tests/unit/routing-policy-factory-test.cc:11 [include]; contrib/satcompute/tests/unit/routing-policy-factory-test.cc:11 [literal_code_reference]; contrib/satcompute/tests/unit/satellite-fault-execution-test.cc:14 [include]; contrib/satcompute/tests/unit/satellite-fault-execution-test.cc:14 [literal_code_reference]; contrib/satcompute/traffic/network-transfer-engine.cc:9 [include]; contrib/satcompute/traffic/network-transfer-engine.cc:9 [literal_code_reference]","","","现有合同不变","false","0"
"contrib/satcompute/routing/state/capacity-reservation-state.cc","151","outside-protection","PUBLIC_SUBSTRATE","","公共路由/容量准入基础设施；不得作为 protection 算法开关","contrib/satcompute/routing/state/capacity-reservation-state.cc","KEEP","contrib/satcompute/routing/state/capacity-reservation-state.h [include:7]","contrib/satcompute/CMakeLists.txt:83 [build_reference]","","","现有合同不变","false","0"
"contrib/satcompute/routing/state/capacity-reservation-state.h","61","outside-protection","PUBLIC_SUBSTRATE","","公共路由/容量准入基础设施；不得作为 protection 算法开关","contrib/satcompute/routing/state/capacity-reservation-state.h","KEEP","contrib/satcompute/routing/algorithm/capacity-aware-path-types.h [include:8]; contrib/satcompute/routing/algorithm/capacity-aware-path-view.h [include:9]","contrib/satcompute/CMakeLists.txt:196 [build_reference]; contrib/satcompute/metrics/metrics.h:10 [include]; contrib/satcompute/metrics/metrics.h:10 [literal_code_reference]; contrib/satcompute/metrics/routing/capacity-aware-metrics.h:8 [include]; contrib/satcompute/metrics/routing/capacity-aware-metrics.h:8 [literal_code_reference]; contrib/satcompute/routing/algorithm/capacity-aware-hrw-policy.h:10 [include]; contrib/satcompute/routing/algorithm/capacity-aware-hrw-policy.h:10 [literal_code_reference]; contrib/satcompute/routing/routing-policy-factory.h:12 [include]; contrib/satcompute/routing/routing-policy-factory.h:12 [literal_code_reference]; contrib/satcompute/routing/state/capacity-reservation-state.cc:7 [include]; contrib/satcompute/routing/state/capacity-reservation-state.cc:7 [literal_code_reference]; contrib/satcompute/tests/unit/routing-policy-factory-test.cc:6 [include]; contrib/satcompute/tests/unit/routing-policy-factory-test.cc:6 [literal_code_reference]; contrib/satcompute/tests/unit/satellite-fault-execution-test.cc:5 [include]; contrib/satcompute/tests/unit/satellite-fault-execution-test.cc:5 [literal_code_reference]; contrib/satcompute/traffic/network-transfer-engine.h:9 [include]; contrib/satcompute/traffic/network-transfer-engine.h:9 [literal_code_reference]","","","现有合同不变","false","0"
"contrib/satcompute/routing/state/flow-route-registry.cc","401","outside-protection","PUBLIC_SUBSTRATE","","公共路由/容量准入基础设施；不得作为 protection 算法开关","contrib/satcompute/routing/state/flow-route-registry.cc","KEEP","contrib/satcompute/routing/state/flow-route-registry.h [include:7]","contrib/satcompute/CMakeLists.txt:84 [build_reference]","","","现有合同不变","false","0"
"contrib/satcompute/routing/state/flow-route-registry.h","135","outside-protection","PUBLIC_SUBSTRATE","","公共路由/容量准入基础设施；不得作为 protection 算法开关","contrib/satcompute/routing/state/flow-route-registry.h","KEEP","contrib/satcompute/routing/common/ecmp-flow-key.h [include:8]; contrib/satcompute/routing/common/ecmp-route-candidate.h [include:9]; contrib/satcompute/routing/state/flow-route-state.h [include:10]; contrib/satcompute/routing/state/size-aware-load-state.h [include:11]","contrib/satcompute/CMakeLists.txt:197 [build_reference]; contrib/satcompute/metrics/metrics.h:11 [include]; contrib/satcompute/metrics/metrics.h:11 [literal_code_reference]; contrib/satcompute/metrics/routing/size-aware-metrics.h:8 [include]; contrib/satcompute/metrics/routing/size-aware-metrics.h:8 [literal_code_reference]; contrib/satcompute/routing/ns3/satcompute-ipv4-global-routing.h:13 [include]; contrib/satcompute/routing/ns3/satcompute-ipv4-global-routing.h:13 [literal_code_reference]; contrib/satcompute/routing/state/flow-route-registry.cc:7 [include]; contrib/satcompute/routing/state/flow-route-registry.cc:7 [literal_code_reference]; contrib/satcompute/tests/unit/routing-policy-factory-test.cc:7 [include]; contrib/satcompute/tests/unit/routing-policy-factory-test.cc:7 [literal_code_reference]; contrib/satcompute/topology/online/online-topology-controller.h:10 [include]; contrib/satcompute/topology/online/online-topology-controller.h:10 [literal_code_reference]; contrib/satcompute/topology/satellite-runtime-view.h:9 [include]; contrib/satcompute/topology/satellite-runtime-view.h:9 [literal_code_reference]","","","现有合同不变","false","0"
"contrib/satcompute/routing/state/flow-route-state.h","51","outside-protection","PUBLIC_SUBSTRATE","","公共路由/容量准入基础设施；不得作为 protection 算法开关","contrib/satcompute/routing/state/flow-route-state.h","KEEP","contrib/satcompute/routing/common/ecmp-flow-key.h [include:8]; contrib/satcompute/routing/common/ecmp-route-candidate.h [include:9]","contrib/satcompute/CMakeLists.txt:198 [build_reference]; contrib/satcompute/routing/algorithm/size-aware-hrw-policy.h:9 [include]; contrib/satcompute/routing/algorithm/size-aware-hrw-policy.h:9 [literal_code_reference]; contrib/satcompute/routing/routing-policy-factory.h:13 [include]; contrib/satcompute/routing/routing-policy-factory.h:13 [literal_code_reference]; contrib/satcompute/routing/state/flow-route-registry.h:10 [include]; contrib/satcompute/routing/state/flow-route-registry.h:10 [literal_code_reference]","","","现有合同不变","false","0"
"contrib/satcompute/routing/state/size-aware-load-state.cc","114","outside-protection","PUBLIC_SUBSTRATE","","公共路由/容量准入基础设施；不得作为 protection 算法开关","contrib/satcompute/routing/state/size-aware-load-state.cc","KEEP","contrib/satcompute/routing/state/size-aware-load-state.h [include:7]","contrib/satcompute/CMakeLists.txt:85 [build_reference]","","","现有合同不变","false","0"
"contrib/satcompute/routing/state/size-aware-load-state.h","61","outside-protection","PUBLIC_SUBSTRATE","","公共路由/容量准入基础设施；不得作为 protection 算法开关","contrib/satcompute/routing/state/size-aware-load-state.h","KEEP","contrib/satcompute/routing/common/ecmp-route-candidate.h [include:8]; contrib/satcompute/routing/state/size-aware-load-view.h [include:9]","contrib/satcompute/CMakeLists.txt:199 [build_reference]; contrib/satcompute/routing/state/flow-route-registry.h:11 [include]; contrib/satcompute/routing/state/flow-route-registry.h:11 [literal_code_reference]; contrib/satcompute/routing/state/size-aware-load-state.cc:7 [include]; contrib/satcompute/routing/state/size-aware-load-state.cc:7 [literal_code_reference]","","","现有合同不变","false","0"
"contrib/satcompute/routing/state/size-aware-load-view.h","28","outside-protection","PUBLIC_SUBSTRATE","","公共路由/容量准入基础设施；不得作为 protection 算法开关","contrib/satcompute/routing/state/size-aware-load-view.h","KEEP","contrib/satcompute/routing/common/ecmp-route-candidate.h [include:8]","contrib/satcompute/CMakeLists.txt:200 [build_reference]; contrib/satcompute/routing/algorithm/size-aware-hrw-policy.h:10 [include]; contrib/satcompute/routing/algorithm/size-aware-hrw-policy.h:10 [literal_code_reference]; contrib/satcompute/routing/routing-policy-factory.h:14 [include]; contrib/satcompute/routing/routing-policy-factory.h:14 [literal_code_reference]; contrib/satcompute/routing/state/size-aware-load-state.h:9 [include]; contrib/satcompute/routing/state/size-aware-load-state.h:9 [literal_code_reference]","","","现有合同不变","false","0"
"contrib/satcompute/satcompute.cc","895","outside-protection","COMPOSITION_ROOT","","参数与 CLI 校验、方案实例组装；保留默认值与外部枚举","contrib/satcompute/satcompute.cc","KEEP","contrib/satcompute/common/time-conversion.h [include:33]; contrib/satcompute/fault/fault-para.h [include:12]; contrib/satcompute/fault/runtime/fault-controller.h [include:11]; contrib/satcompute/fault/runtime/fault-model-engine.h [include:13]; contrib/satcompute/fault/runtime/fault-prediction-engine.h [include:14]; contrib/satcompute/fault/trace/fault-trace.h [include:15]; contrib/satcompute/metrics/core/flow-metrics.h [include:16]; contrib/satcompute/metrics/core/link-metrics-recorder.h [include:24]; contrib/satcompute/metrics/core/protection-metrics.h [include:23]; contrib/satcompute/metrics/metrics.h [include:28]; contrib/satcompute/metrics/routing/ecmp-route-recorder.h [include:10]; contrib/satcompute/para.h [include:26]; contrib/satcompute/protection/policy/baseline/checkbullet/cb-sat-controller.h [include:21]; contrib/satcompute/protection/policy/baseline/fa-least-recovery-load/fa-least-recovery-load-placement-policy.h [include:22]; contrib/satcompute/protection/runtime/fixed-protection-controller.h [include:17]; contrib/satcompute/protection/runtime/frequency-protection-controller.h [include:18]; contrib/satcompute/protection/runtime/one-plus-one-controller.h [include:20]; contrib/satcompute/protection/runtime/recompute-controller.h [include:19]; contrib/satcompute/task/compute-profile.h [include:7]; contrib/satcompute/task/task-coordinator.h [include:31]; contrib/satcompute/task/task-trace.h [include:32]; contrib/satcompute/tools/validation/compfrr-shadow/compfrr-shadow-evaluator.h [include:6]; contrib/satcompute/topology/export/topology-slice-exporter.h [include:34]; contrib/satcompute/topology/online/circular-orbit-topology-policy.h [include:9]; contrib/satcompute/topology/orbit/constellation-definition.h [include:8]; contrib/satcompute/topology/orbit/online-orbit-constellation.h [include:25]; contrib/satcompute/topology/satellite-topology.h [include:29]","contrib/satcompute/CMakeLists.txt:252 [build_reference]; contrib/satcompute/protection/policy/baseline/checkbullet/tools/analyze-cb-sat-matrix.py:58 [literal_code_reference]; contrib/satcompute/tests/integration/regression/run-n5c-rational-u.py:58 [literal_code_reference]; contrib/satcompute/tests/integration/regression/run-n5c-recent-u.py:23 [literal_code_reference]; contrib/satcompute/tests/integration/regression/run-n5c-u-audit.py:73 [literal_code_reference]; contrib/satcompute/tests/integration/regression/run-n5c-u-audit.py:74 [literal_code_reference]","RENAME (内部符号/注释); KEEP_AS_PUBLIC_TERM (CLI/CSV/导出头与类型兼容)","220: commandLine.AddValue(""placementMode"", ""ffp/lrl minimal, fa-ffp/fa-lrl feasibility-aware, n5c CompFRR V4"", config.placementMode); | 221: commandLine.AddValue(""n5cVariant"", ""N5C scoring: full/noR/noU/noM/recent-U/rational-U; hard constraints unchanged"", config.n5cVariant); | 383: RequireChoice(config.placementMode, ""placementMode"", {""ffp"", ""lrl"", ""fa-ffp"", ""fa-lrl"", ""n5c""}); | 388: RequireChoice(config.n5cVariant, ""n5cVariant"", {""full"", ""noR"", ""noU"", ""noM"", ""recent-U"", ""rational-U""}); | 389: if (config.placementMode == ""n5c"" && config.protectionMode != ""compfrr"") | 390: FailConfig(""placementMode"", ""n5c requires compfrr protection""); | 391: if (config.placementMode != ""n5c"" && config.n5cVariant != ""full"") | 392: FailConfig(""n5cVariant"", ""ablations require placementMode=n5c""); | 704: std::filesystem::remove(outputDirectory / ""n5c-placement-decisions.csv""); | 708: if (config.placementMode == ""n5c"") | 709: return std::make_unique<protection::N5cPlacementPolicy>(protection::ParseN5cVariant(config.n5cVariant)); | 740: true); // Read-only placement resource metrics for comparable baseline/N5C accounting.","现有合同不变","false","0"
"contrib/satcompute/task/compute-profile.cc","210","outside-protection","PUBLIC_SUBSTRATE","","任务/ComputeService/attempt/原始 deadline/完成处理公共合同","contrib/satcompute/task/compute-profile.cc","KEEP","contrib/satcompute/task/compute-profile.h [include:7]","contrib/satcompute/CMakeLists.txt:86 [build_reference]","","","现有合同不变","false","0"
"contrib/satcompute/task/compute-profile.h","46","outside-protection","PUBLIC_SUBSTRATE","","任务/ComputeService/attempt/原始 deadline/完成处理公共合同","contrib/satcompute/task/compute-profile.h","KEEP","contrib/satcompute/topology/satellite-endpoint-view.h [include:8]","contrib/satcompute/CMakeLists.txt:201 [build_reference]; contrib/satcompute/satcompute.cc:7 [include]; contrib/satcompute/satcompute.cc:7 [literal_code_reference]; contrib/satcompute/task/compute-profile.cc:7 [include]; contrib/satcompute/task/compute-profile.cc:7 [literal_code_reference]; contrib/satcompute/task/task-coordinator.h:8 [include]; contrib/satcompute/task/task-coordinator.h:8 [literal_code_reference]; contrib/satcompute/task/task-trace.h:8 [include]; contrib/satcompute/task/task-trace.h:8 [literal_code_reference]; contrib/satcompute/tests/unit/task-deadline-test.cc:7 [include]; contrib/satcompute/tests/unit/task-deadline-test.cc:7 [literal_code_reference]; contrib/satcompute/tests/unit/task-input-test.cc:6 [include]; contrib/satcompute/tests/unit/task-input-test.cc:6 [literal_code_reference]","","","现有合同不变","false","0"
"contrib/satcompute/task/compute-service.cc","594","outside-protection","PUBLIC_SUBSTRATE","","任务/ComputeService/attempt/原始 deadline/完成处理公共合同","contrib/satcompute/task/compute-service.cc","KEEP","contrib/satcompute/task/compute-service.h [include:7]","contrib/satcompute/CMakeLists.txt:87 [build_reference]","","","现有合同不变","false","0"
"contrib/satcompute/task/compute-service.h","179","outside-protection","PUBLIC_SUBSTRATE","","任务/ComputeService/attempt/原始 deadline/完成处理公共合同","contrib/satcompute/task/compute-service.h","KEEP","","contrib/satcompute/CMakeLists.txt:202 [build_reference]; contrib/satcompute/fault/runtime/fault-model-engine.cc:11 [include]; contrib/satcompute/fault/runtime/fault-model-engine.cc:11 [literal_code_reference]; contrib/satcompute/fault/runtime/fault-prediction-engine.cc:11 [include]; contrib/satcompute/fault/runtime/fault-prediction-engine.cc:11 [literal_code_reference]; contrib/satcompute/protection/policy/baseline/checkbullet/cb-sat-policy.cc:3 [include]; contrib/satcompute/protection/policy/baseline/checkbullet/cb-sat-policy.cc:3 [literal_code_reference]; contrib/satcompute/task/compute-service.cc:7 [include]; contrib/satcompute/task/compute-service.cc:7 [literal_code_reference]; contrib/satcompute/task/compute-task.cc:8 [include]; contrib/satcompute/task/compute-task.cc:8 [literal_code_reference]; contrib/satcompute/task/task-coordinator.h:9 [include]; contrib/satcompute/task/task-coordinator.h:9 [literal_code_reference]; contrib/satcompute/tests/unit/compute-service-test.cc:5 [include]; contrib/satcompute/tests/unit/compute-service-test.cc:5 [literal_code_reference]; contrib/satcompute/tests/unit/n5c-placement-test.cc:5 [include]; contrib/satcompute/tests/unit/n5c-placement-test.cc:5 [literal_code_reference]","","","现有合同不变","false","0"
"contrib/satcompute/task/compute-task.cc","308","outside-protection","PUBLIC_SUBSTRATE","","任务/ComputeService/attempt/原始 deadline/完成处理公共合同","contrib/satcompute/task/compute-task.cc","KEEP","contrib/satcompute/task/compute-service.h [include:8]; contrib/satcompute/task/compute-task.h [include:7]","contrib/satcompute/CMakeLists.txt:88 [build_reference]","","","现有合同不变","false","0"
"contrib/satcompute/task/compute-task.h","116","outside-protection","PUBLIC_SUBSTRATE","","任务/ComputeService/attempt/原始 deadline/完成处理公共合同","contrib/satcompute/task/compute-task.h","KEEP","","contrib/satcompute/CMakeLists.txt:203 [build_reference]; contrib/satcompute/protection/common/task-state-adapter.h:4 [include]; contrib/satcompute/protection/common/task-state-adapter.h:4 [literal_code_reference]; contrib/satcompute/task/compute-task.cc:7 [include]; contrib/satcompute/task/compute-task.cc:7 [literal_code_reference]; contrib/satcompute/task/task-coordinator.h:10 [include]; contrib/satcompute/task/task-coordinator.h:10 [literal_code_reference]; contrib/satcompute/task/task-trace.h:9 [include]; contrib/satcompute/task/task-trace.h:9 [literal_code_reference]; contrib/satcompute/tests/unit/task-input-test.cc:7 [include]; contrib/satcompute/tests/unit/task-input-test.cc:7 [literal_code_reference]; contrib/satcompute/tools/validation/compfrr-shadow/compfrr-shadow-model.h:5 [include]; contrib/satcompute/tools/validation/compfrr-shadow/compfrr-shadow-model.h:5 [literal_code_reference]","","","现有合同不变","false","0"
"contrib/satcompute/task/task-coordinator.cc","1211","outside-protection","PUBLIC_SUBSTRATE","","任务/ComputeService/attempt/原始 deadline/完成处理公共合同","contrib/satcompute/task/task-coordinator.cc","KEEP","contrib/satcompute/task/task-coordinator.h [include:7]","contrib/satcompute/CMakeLists.txt:89 [build_reference]","","","现有合同不变","false","0"
"contrib/satcompute/task/task-coordinator.h","212","outside-protection","PUBLIC_SUBSTRATE","","任务/ComputeService/attempt/原始 deadline/完成处理公共合同","contrib/satcompute/task/task-coordinator.h","KEEP","contrib/satcompute/fault/trace/fault-definition.h [include:17]; contrib/satcompute/task/compute-profile.h [include:8]; contrib/satcompute/task/compute-service.h [include:9]; contrib/satcompute/task/compute-task.h [include:10]; contrib/satcompute/task/task-trace.h [include:11]; contrib/satcompute/topology/satellite-runtime-view.h [include:13]; contrib/satcompute/traffic/network-transfer-engine.h [include:14]","contrib/satcompute/CMakeLists.txt:204 [build_reference]; contrib/satcompute/fault/runtime/fault-controller.cc:9 [include]; contrib/satcompute/fault/runtime/fault-controller.cc:9 [literal_code_reference]; contrib/satcompute/fault/runtime/fault-model-engine.cc:12 [include]; contrib/satcompute/fault/runtime/fault-model-engine.cc:12 [literal_code_reference]; contrib/satcompute/fault/runtime/fault-prediction-engine.cc:12 [include]; contrib/satcompute/fault/runtime/fault-prediction-engine.cc:12 [literal_code_reference]; contrib/satcompute/metrics/core/fault-metrics.cc:12 [include]; contrib/satcompute/metrics/core/fault-metrics.cc:12 [literal_code_reference]; contrib/satcompute/metrics/core/task-metrics.cc:10 [include]; contrib/satcompute/metrics/core/task-metrics.cc:10 [literal_code_reference]; contrib/satcompute/metrics/diagnostics/failure-diagnostics.cc:10 [include]; contrib/satcompute/metrics/diagnostics/failure-diagnostics.cc:10 [literal_code_reference]; contrib/satcompute/metrics/metrics.h:12 [include]; contrib/satcompute/metrics/metrics.h:12 [literal_code_reference]; contrib/satcompute/protection/mechanism/checkpoint/checkpoint-manager.h:4 [include]; contrib/satcompute/protection/mechanism/checkpoint/checkpoint-manager.h:4 [literal_code_reference]; contrib/satcompute/protection/policy/baseline/checkbullet/cb-sat-manager.h:10 [include]; contrib/satcompute/protection/policy/baseline/checkbullet/cb-sat-manager.h:10 [literal_code_reference]; contrib/satcompute/satcompute.cc:31 [include]; contrib/satcompute/satcompute.cc:31 [literal_code_reference]; contrib/satcompute/task/task-coordinator.cc:7 [include]; contrib/satcompute/task/task-coordinator.cc:7 [literal_code_reference]; contrib/satcompute/tests/unit/compute-fault-execution-test.cc:13 [include]; contrib/satcompute/tests/unit/compute-fault-execution-test.cc:13 [literal_code_reference]; contrib/satcompute/tests/unit/fault-risk-query-test.cc:9 [include]; contrib/satcompute/tests/unit/fault-risk-query-test.cc:9 [literal_code_reference]; contrib/satcompute/tests/unit/satellite-fault-execution-test.cc:17 [include]; contrib/satcompute/tests/unit/satellite-fault-execution-test.cc:17 [literal_code_reference]; contrib/satcompute/tests/unit/task-deadline-test.cc:12 [include]; contrib/satcompute/tests/unit/task-deadline-test.cc:12 [literal_code_reference]; contrib/satcompute/tools/validation/compfrr-shadow/compfrr-shadow-evaluator.h:6 [include]; contrib/satcompute/tools/validation/compfrr-shadow/compfrr-shadow-evaluator.h:6 [literal_code_reference]","","","现有合同不变","false","0"
"contrib/satcompute/task/task-trace.cc","278","outside-protection","PUBLIC_SUBSTRATE","","任务/ComputeService/attempt/原始 deadline/完成处理公共合同","contrib/satcompute/task/task-trace.cc","KEEP","contrib/satcompute/task/task-trace.h [include:7]","contrib/satcompute/CMakeLists.txt:90 [build_reference]","","","现有合同不变","false","0"
"contrib/satcompute/task/task-trace.h","38","outside-protection","PUBLIC_SUBSTRATE","","任务/ComputeService/attempt/原始 deadline/完成处理公共合同","contrib/satcompute/task/task-trace.h","KEEP","contrib/satcompute/task/compute-profile.h [include:8]; contrib/satcompute/task/compute-task.h [include:9]","contrib/satcompute/CMakeLists.txt:205 [build_reference]; contrib/satcompute/satcompute.cc:32 [include]; contrib/satcompute/satcompute.cc:32 [literal_code_reference]; contrib/satcompute/task/task-coordinator.h:11 [include]; contrib/satcompute/task/task-coordinator.h:11 [literal_code_reference]; contrib/satcompute/task/task-trace.cc:7 [include]; contrib/satcompute/task/task-trace.cc:7 [literal_code_reference]; contrib/satcompute/tests/unit/task-input-test.cc:8 [include]; contrib/satcompute/tests/unit/task-input-test.cc:8 [literal_code_reference]","","","现有合同不变","false","0"
"contrib/satcompute/tools/validation/compfrr-shadow/compfrr-shadow-evaluator.cc","582","outside-protection","VALIDATION_TOOL","","既有验证/标定工具；不并入生产 policy，不删除独立 reference","contrib/satcompute/tools/validation/compfrr-shadow/compfrr-shadow-evaluator.cc","KEEP","contrib/satcompute/tools/validation/compfrr-shadow/compfrr-shadow-evaluator.h [include:2]; contrib/satcompute/tools/validation/compfrr-shadow/compfrr-shadow-recorder.h [include:3]","contrib/satcompute/CMakeLists.txt:45 [build_reference]","","","现有合同不变","false","0"
"contrib/satcompute/tools/validation/compfrr-shadow/compfrr-shadow-evaluator.h","65","outside-protection","VALIDATION_TOOL","","既有验证/标定工具；不并入生产 policy，不删除独立 reference","contrib/satcompute/tools/validation/compfrr-shadow/compfrr-shadow-evaluator.h","KEEP","contrib/satcompute/fault/runtime/fault-model-engine.h [include:5]; contrib/satcompute/task/task-coordinator.h [include:6]; contrib/satcompute/tools/validation/compfrr-shadow/compfrr-shadow-task-state.h [include:4]","contrib/satcompute/CMakeLists.txt:150 [build_reference]; contrib/satcompute/satcompute.cc:6 [include]; contrib/satcompute/satcompute.cc:6 [literal_code_reference]; contrib/satcompute/tools/validation/compfrr-shadow/compfrr-shadow-evaluator.cc:2 [include]; contrib/satcompute/tools/validation/compfrr-shadow/compfrr-shadow-evaluator.cc:2 [literal_code_reference]","","","现有合同不变","false","0"
"contrib/satcompute/tools/validation/compfrr-shadow/compfrr-shadow-model.cc","233","outside-protection","VALIDATION_TOOL","","既有验证/标定工具；不并入生产 policy，不删除独立 reference","contrib/satcompute/tools/validation/compfrr-shadow/compfrr-shadow-model.cc","KEEP","contrib/satcompute/tools/validation/compfrr-shadow/compfrr-shadow-model.h [include:2]","contrib/satcompute/CMakeLists.txt:44 [build_reference]","","","现有合同不变","false","0"
"contrib/satcompute/tools/validation/compfrr-shadow/compfrr-shadow-model.h","106","outside-protection","VALIDATION_TOOL","","既有验证/标定工具；不并入生产 policy，不删除独立 reference","contrib/satcompute/tools/validation/compfrr-shadow/compfrr-shadow-model.h","KEEP","contrib/satcompute/task/compute-task.h [include:5]","contrib/satcompute/CMakeLists.txt:148 [build_reference]; contrib/satcompute/tests/unit/compfrr-shadow-model-test.cc:3 [include]; contrib/satcompute/tests/unit/compfrr-shadow-model-test.cc:3 [literal_code_reference]; contrib/satcompute/tests/unit/n5b-policy-test.cc:6 [include]; contrib/satcompute/tests/unit/n5b-policy-test.cc:6 [literal_code_reference]; contrib/satcompute/tests/unit/protection-contract-test.cc:5 [include]; contrib/satcompute/tests/unit/protection-contract-test.cc:5 [literal_code_reference]; contrib/satcompute/tools/validation/compfrr-shadow/compfrr-shadow-model.cc:2 [include]; contrib/satcompute/tools/validation/compfrr-shadow/compfrr-shadow-model.cc:2 [literal_code_reference]; contrib/satcompute/tools/validation/compfrr-shadow/compfrr-shadow-task-state.h:4 [include]; contrib/satcompute/tools/validation/compfrr-shadow/compfrr-shadow-task-state.h:4 [literal_code_reference]","","","现有合同不变","false","0"
"contrib/satcompute/tools/validation/compfrr-shadow/compfrr-shadow-recorder.cc","53","outside-protection","VALIDATION_TOOL","","既有验证/标定工具；不并入生产 policy，不删除独立 reference","contrib/satcompute/tools/validation/compfrr-shadow/compfrr-shadow-recorder.cc","KEEP","contrib/satcompute/tools/validation/compfrr-shadow/compfrr-shadow-recorder.h [include:2]","contrib/satcompute/CMakeLists.txt:46 [build_reference]","","","现有合同不变","false","0"
"contrib/satcompute/tools/validation/compfrr-shadow/compfrr-shadow-recorder.h","15","outside-protection","VALIDATION_TOOL","","既有验证/标定工具；不并入生产 policy，不删除独立 reference","contrib/satcompute/tools/validation/compfrr-shadow/compfrr-shadow-recorder.h","KEEP","","contrib/satcompute/CMakeLists.txt:151 [build_reference]; contrib/satcompute/tools/validation/compfrr-shadow/compfrr-shadow-evaluator.cc:3 [include]; contrib/satcompute/tools/validation/compfrr-shadow/compfrr-shadow-evaluator.cc:3 [literal_code_reference]; contrib/satcompute/tools/validation/compfrr-shadow/compfrr-shadow-recorder.cc:2 [include]; contrib/satcompute/tools/validation/compfrr-shadow/compfrr-shadow-recorder.cc:2 [literal_code_reference]","","","现有合同不变","false","0"
"contrib/satcompute/tools/validation/compfrr-shadow/compfrr-shadow-task-state.h","93","outside-protection","VALIDATION_TOOL","","既有验证/标定工具；不并入生产 policy，不删除独立 reference","contrib/satcompute/tools/validation/compfrr-shadow/compfrr-shadow-task-state.h","KEEP","contrib/satcompute/tools/validation/compfrr-shadow/compfrr-shadow-model.h [include:4]","contrib/satcompute/CMakeLists.txt:149 [build_reference]; contrib/satcompute/tests/unit/compfrr-shadow-model-test.cc:4 [include]; contrib/satcompute/tests/unit/compfrr-shadow-model-test.cc:4 [literal_code_reference]; contrib/satcompute/tools/validation/compfrr-shadow/compfrr-shadow-evaluator.h:4 [include]; contrib/satcompute/tools/validation/compfrr-shadow/compfrr-shadow-evaluator.h:4 [literal_code_reference]","ARCHIVE_ONLY (研发注释；工具仍保留)","85: /** @return v4 equation 17, charging initialization once only after ON. */","现有合同不变","false","0"
"contrib/satcompute/tools/validation/f1-calibration.cc","92","outside-protection","VALIDATION_TOOL","","既有验证/标定工具；不并入生产 policy，不删除独立 reference","contrib/satcompute/tools/validation/f1-calibration.cc","KEEP","contrib/satcompute/fault/fault-para.h [include:6]; contrib/satcompute/fault/model/f1-self-state-fault-model.h [include:8]; contrib/satcompute/fault/parameter/fault-parameter-validator.h [include:7]","contrib/satcompute/CMakeLists.txt:263 [build_reference]","","","现有合同不变","false","0"
"contrib/satcompute/tools/validation/f2-exposure-calibration.cc","720","outside-protection","VALIDATION_TOOL","","既有验证/标定工具；不并入生产 policy，不删除独立 reference","contrib/satcompute/tools/validation/f2-exposure-calibration.cc","KEEP","contrib/satcompute/fault/fault-para.h [include:9]; contrib/satcompute/fault/model/f2-radiation-fault-model.h [include:7]; contrib/satcompute/fault/parameter/fault-parameter-validator.h [include:8]; contrib/satcompute/topology/orbit/constellation-definition.h [include:6]; contrib/satcompute/topology/orbit/online-orbit-constellation.h [include:10]","contrib/satcompute/CMakeLists.txt:274 [build_reference]","","","现有合同不变","false","0"
"contrib/satcompute/tools/validation/f2-spatial-validation.cc","719","outside-protection","VALIDATION_TOOL","","既有验证/标定工具；不并入生产 policy，不删除独立 reference","contrib/satcompute/tools/validation/f2-spatial-validation.cc","KEEP","contrib/satcompute/fault/fault-para.h [include:9]; contrib/satcompute/fault/model/f2-radiation-fault-model.h [include:7]; contrib/satcompute/fault/parameter/fault-parameter-validator.h [include:8]; contrib/satcompute/topology/orbit/constellation-definition.h [include:6]; contrib/satcompute/topology/orbit/online-orbit-constellation.h [include:11]","contrib/satcompute/CMakeLists.txt:285 [build_reference]","","","现有合同不变","false","0"
"contrib/satcompute/topology/export/topology-slice-exporter.cc","259","outside-protection","PUBLIC_SUBSTRATE","","轨道拓扑/节点存活/路径数据公共接口；保持原位置","contrib/satcompute/topology/export/topology-slice-exporter.cc","KEEP","contrib/satcompute/topology/export/topology-slice-exporter.h [include:5]","contrib/satcompute/CMakeLists.txt:91 [build_reference]","","","现有合同不变","false","0"
"contrib/satcompute/topology/export/topology-slice-exporter.h","122","outside-protection","PUBLIC_SUBSTRATE","","轨道拓扑/节点存活/路径数据公共接口；保持原位置","contrib/satcompute/topology/export/topology-slice-exporter.h","KEEP","contrib/satcompute/topology/online/circular-orbit-topology-policy.h [include:8]; contrib/satcompute/topology/orbit/online-orbit-constellation.h [include:9]","contrib/satcompute/CMakeLists.txt:206 [build_reference]; contrib/satcompute/satcompute.cc:34 [include]; contrib/satcompute/satcompute.cc:34 [literal_code_reference]; contrib/satcompute/topology/export/topology-slice-exporter.cc:5 [include]; contrib/satcompute/topology/export/topology-slice-exporter.cc:5 [literal_code_reference]","","","现有合同不变","false","0"
"contrib/satcompute/topology/ipv4/satellite-ipv4-addressing.cc","91","outside-protection","PUBLIC_SUBSTRATE","","轨道拓扑/节点存活/路径数据公共接口；保持原位置","contrib/satcompute/topology/ipv4/satellite-ipv4-addressing.cc","KEEP","contrib/satcompute/topology/ipv4/satellite-ipv4-addressing.h [include:5]","contrib/satcompute/CMakeLists.txt:93 [build_reference]","","","现有合同不变","false","0"
"contrib/satcompute/topology/ipv4/satellite-ipv4-addressing.h","47","outside-protection","PUBLIC_SUBSTRATE","","轨道拓扑/节点存活/路径数据公共接口；保持原位置","contrib/satcompute/topology/ipv4/satellite-ipv4-addressing.h","KEEP","contrib/satcompute/topology/satellite-id-map.h [include:8]","contrib/satcompute/CMakeLists.txt:208 [build_reference]; contrib/satcompute/topology/ipv4/satellite-ipv4-addressing.cc:5 [include]; contrib/satcompute/topology/ipv4/satellite-ipv4-addressing.cc:5 [literal_code_reference]; contrib/satcompute/topology/online/online-topology-controller.h:11 [include]; contrib/satcompute/topology/online/online-topology-controller.h:11 [literal_code_reference]","","","现有合同不变","false","0"
"contrib/satcompute/topology/link/satellite-link-state.cc","411","outside-protection","PUBLIC_SUBSTRATE","","轨道拓扑/节点存活/路径数据公共接口；保持原位置","contrib/satcompute/topology/link/satellite-link-state.cc","KEEP","contrib/satcompute/topology/link/satellite-link-state.h [include:5]","contrib/satcompute/CMakeLists.txt:94 [build_reference]","","","现有合同不变","false","0"
"contrib/satcompute/topology/link/satellite-link-state.h","126","outside-protection","PUBLIC_SUBSTRATE","","轨道拓扑/节点存活/路径数据公共接口；保持原位置","contrib/satcompute/topology/link/satellite-link-state.h","KEEP","contrib/satcompute/topology/link/satellite-link.h [include:8]; contrib/satcompute/topology/satellite-id-map.h [include:9]","contrib/satcompute/CMakeLists.txt:209 [build_reference]; contrib/satcompute/metrics/diagnostics/failure-diagnostics.h:11 [include]; contrib/satcompute/metrics/diagnostics/failure-diagnostics.h:11 [literal_code_reference]; contrib/satcompute/metrics/metrics.h:13 [include]; contrib/satcompute/metrics/metrics.h:13 [literal_code_reference]; contrib/satcompute/topology/link/satellite-link-state.cc:5 [include]; contrib/satcompute/topology/link/satellite-link-state.cc:5 [literal_code_reference]; contrib/satcompute/topology/online/online-topology-controller.h:12 [include]; contrib/satcompute/topology/online/online-topology-controller.h:12 [literal_code_reference]; contrib/satcompute/topology/satellite-topology.h:8 [include]; contrib/satcompute/topology/satellite-topology.h:8 [literal_code_reference]","","","现有合同不变","false","0"
"contrib/satcompute/topology/link/satellite-link.h","26","outside-protection","PUBLIC_SUBSTRATE","","轨道拓扑/节点存活/路径数据公共接口；保持原位置","contrib/satcompute/topology/link/satellite-link.h","KEEP","","contrib/satcompute/CMakeLists.txt:210 [build_reference]; contrib/satcompute/topology/link/satellite-link-state.h:8 [include]; contrib/satcompute/topology/link/satellite-link-state.h:8 [literal_code_reference]; contrib/satcompute/topology/online/circular-orbit-topology-policy.h:8 [include]; contrib/satcompute/topology/online/circular-orbit-topology-policy.h:8 [literal_code_reference]","","","现有合同不变","false","0"
"contrib/satcompute/topology/online/circular-orbit-topology-policy.cc","187","outside-protection","PUBLIC_SUBSTRATE","","轨道拓扑/节点存活/路径数据公共接口；保持原位置","contrib/satcompute/topology/online/circular-orbit-topology-policy.cc","KEEP","contrib/satcompute/topology/online/circular-orbit-topology-policy.h [include:5]","contrib/satcompute/CMakeLists.txt:95 [build_reference]","","","现有合同不变","false","0"
"contrib/satcompute/topology/online/circular-orbit-topology-policy.h","95","outside-protection","PUBLIC_SUBSTRATE","","轨道拓扑/节点存活/路径数据公共接口；保持原位置","contrib/satcompute/topology/online/circular-orbit-topology-policy.h","KEEP","contrib/satcompute/topology/link/satellite-link.h [include:8]; contrib/satcompute/topology/online/plus-grid-candidate.h [include:10]; contrib/satcompute/topology/orbit/online-orbit-constellation.h [include:9]","contrib/satcompute/CMakeLists.txt:211 [build_reference]; contrib/satcompute/satcompute.cc:9 [include]; contrib/satcompute/satcompute.cc:9 [literal_code_reference]; contrib/satcompute/topology/export/topology-slice-exporter.h:8 [include]; contrib/satcompute/topology/export/topology-slice-exporter.h:8 [literal_code_reference]; contrib/satcompute/topology/online/circular-orbit-topology-policy.cc:5 [include]; contrib/satcompute/topology/online/circular-orbit-topology-policy.cc:5 [literal_code_reference]; contrib/satcompute/topology/online/online-topology-controller.h:15 [include]; contrib/satcompute/topology/online/online-topology-controller.h:15 [literal_code_reference]","","","现有合同不变","false","0"
"contrib/satcompute/topology/online/online-topology-controller.cc","438","outside-protection","PUBLIC_SUBSTRATE","","轨道拓扑/节点存活/路径数据公共接口；保持原位置","contrib/satcompute/topology/online/online-topology-controller.cc","KEEP","contrib/satcompute/common/time-conversion.h [include:8]; contrib/satcompute/routing/ns3/satcompute-ipv4-global-routing-helper.h [include:7]; contrib/satcompute/topology/online/online-topology-controller.h [include:5]","contrib/satcompute/CMakeLists.txt:96 [build_reference]","","","现有合同不变","false","0"
"contrib/satcompute/topology/online/online-topology-controller.h","104","outside-protection","PUBLIC_SUBSTRATE","","轨道拓扑/节点存活/路径数据公共接口；保持原位置","contrib/satcompute/topology/online/online-topology-controller.h","KEEP","contrib/satcompute/para.h [include:8]; contrib/satcompute/routing/common/routing-mode.h [include:9]; contrib/satcompute/routing/state/flow-route-registry.h [include:10]; contrib/satcompute/topology/ipv4/satellite-ipv4-addressing.h [include:11]; contrib/satcompute/topology/link/satellite-link-state.h [include:12]; contrib/satcompute/topology/online/circular-orbit-topology-policy.h [include:15]; contrib/satcompute/topology/orbit/online-orbit-constellation.h [include:13]; contrib/satcompute/topology/satellite-topology-controller.h [include:14]","contrib/satcompute/CMakeLists.txt:212 [build_reference]; contrib/satcompute/tests/unit/cb-sat-recovery-test.cc:13 [include]; contrib/satcompute/tests/unit/cb-sat-recovery-test.cc:13 [literal_code_reference]; contrib/satcompute/tests/unit/cb-sat-runtime-test.cc:10 [include]; contrib/satcompute/tests/unit/cb-sat-runtime-test.cc:10 [literal_code_reference]; contrib/satcompute/tests/unit/compute-fault-execution-test.cc:10 [include]; contrib/satcompute/tests/unit/compute-fault-execution-test.cc:10 [literal_code_reference]; contrib/satcompute/tests/unit/fault-lifecycle-test.cc:8 [include]; contrib/satcompute/tests/unit/fault-lifecycle-test.cc:8 [literal_code_reference]; contrib/satcompute/tests/unit/fault-risk-query-test.cc:6 [include]; contrib/satcompute/tests/unit/fault-risk-query-test.cc:6 [literal_code_reference]; contrib/satcompute/tests/unit/frequency-runtime-test.cc:10 [include]; contrib/satcompute/tests/unit/frequency-runtime-test.cc:10 [literal_code_reference]; contrib/satcompute/tests/unit/one-plus-one-baseline-test.cc:10 [include]; contrib/satcompute/tests/unit/one-plus-one-baseline-test.cc:10 [literal_code_reference]; contrib/satcompute/tests/unit/online-topology-controller-test.cc:9 [include]; contrib/satcompute/tests/unit/online-topology-controller-test.cc:9 [literal_code_reference]; contrib/satcompute/tests/unit/protection-path-test.cc:6 [include]; contrib/satcompute/tests/unit/protection-path-test.cc:6 [literal_code_reference]; contrib/satcompute/tests/unit/recompute-baseline-test.cc:9 [include]; contrib/satcompute/tests/unit/recompute-baseline-test.cc:9 [literal_code_reference]; contrib/satcompute/tests/unit/recovery-runtime-test.cc:11 [include]; contrib/satcompute/tests/unit/recovery-runtime-test.cc:11 [literal_code_reference]; contrib/satcompute/tests/unit/satellite-fault-execution-test.cc:12 [include]; contrib/satcompute/tests/unit/satellite-fault-execution-test.cc:12 [literal_code_reference]; contrib/satcompute/tests/unit/task-deadline-test.cc:10 [include]; contrib/satcompute/tests/unit/task-deadline-test.cc:10 [literal_code_reference]; contrib/satcompute/topology/online/online-topology-controller.cc:5 [include]; contrib/satcompute/topology/online/online-topology-controller.cc:5 [literal_code_reference]; contrib/satcompute/topology/satellite-topology.cc:7 [include]; contrib/satcompute/topology/satellite-topology.cc:7 [literal_code_reference]","","","现有合同不变","false","0"
"contrib/satcompute/topology/online/plus-grid-candidate.cc","161","outside-protection","PUBLIC_SUBSTRATE","","轨道拓扑/节点存活/路径数据公共接口；保持原位置","contrib/satcompute/topology/online/plus-grid-candidate.cc","KEEP","contrib/satcompute/topology/online/plus-grid-candidate.h [include:5]","contrib/satcompute/CMakeLists.txt:97 [build_reference]","","","现有合同不变","false","0"
"contrib/satcompute/topology/online/plus-grid-candidate.h","53","outside-protection","PUBLIC_SUBSTRATE","","轨道拓扑/节点存活/路径数据公共接口；保持原位置","contrib/satcompute/topology/online/plus-grid-candidate.h","KEEP","contrib/satcompute/topology/orbit/constellation-definition.h [include:8]; contrib/satcompute/topology/orbit/online-orbit-constellation.h [include:9]","contrib/satcompute/CMakeLists.txt:213 [build_reference]; contrib/satcompute/tests/unit/online-orbit-foundation-test.cc:8 [include]; contrib/satcompute/tests/unit/online-orbit-foundation-test.cc:8 [literal_code_reference]; contrib/satcompute/tests/unit/satellite-fault-execution-test.cc:13 [include]; contrib/satcompute/tests/unit/satellite-fault-execution-test.cc:13 [literal_code_reference]; contrib/satcompute/topology/online/circular-orbit-topology-policy.h:10 [include]; contrib/satcompute/topology/online/circular-orbit-topology-policy.h:10 [literal_code_reference]; contrib/satcompute/topology/online/plus-grid-candidate.cc:5 [include]; contrib/satcompute/topology/online/plus-grid-candidate.cc:5 [literal_code_reference]","","","现有合同不变","false","0"
"contrib/satcompute/topology/orbit/constellation-definition.cc","380","outside-protection","PUBLIC_SUBSTRATE","","轨道拓扑/节点存活/路径数据公共接口；保持原位置","contrib/satcompute/topology/orbit/constellation-definition.cc","KEEP","contrib/satcompute/topology/orbit/constellation-definition.h [include:5]","contrib/satcompute/CMakeLists.txt:92 [build_reference]","","","现有合同不变","false","0"
"contrib/satcompute/topology/orbit/constellation-definition.h","81","outside-protection","PUBLIC_SUBSTRATE","","轨道拓扑/节点存活/路径数据公共接口；保持原位置","contrib/satcompute/topology/orbit/constellation-definition.h","KEEP","","contrib/satcompute/CMakeLists.txt:207 [build_reference]; contrib/satcompute/satcompute.cc:8 [include]; contrib/satcompute/satcompute.cc:8 [literal_code_reference]; contrib/satcompute/tests/support/config-factory.h:8 [include]; contrib/satcompute/tests/support/config-factory.h:8 [literal_code_reference]; contrib/satcompute/tests/unit/constellation-definition-test.cc:6 [include]; contrib/satcompute/tests/unit/constellation-definition-test.cc:6 [literal_code_reference]; contrib/satcompute/tools/validation/f2-exposure-calibration.cc:6 [include]; contrib/satcompute/tools/validation/f2-exposure-calibration.cc:6 [literal_code_reference]; contrib/satcompute/tools/validation/f2-spatial-validation.cc:6 [include]; contrib/satcompute/tools/validation/f2-spatial-validation.cc:6 [literal_code_reference]; contrib/satcompute/topology/online/plus-grid-candidate.h:8 [include]; contrib/satcompute/topology/online/plus-grid-candidate.h:8 [literal_code_reference]; contrib/satcompute/topology/orbit/constellation-definition.cc:5 [include]; contrib/satcompute/topology/orbit/constellation-definition.cc:5 [literal_code_reference]; contrib/satcompute/topology/orbit/online-orbit-constellation.h:8 [include]; contrib/satcompute/topology/orbit/online-orbit-constellation.h:8 [literal_code_reference]","","","现有合同不变","false","0"
"contrib/satcompute/topology/orbit/online-orbit-constellation.cc","160","outside-protection","PUBLIC_SUBSTRATE","","轨道拓扑/节点存活/路径数据公共接口；保持原位置","contrib/satcompute/topology/orbit/online-orbit-constellation.cc","KEEP","contrib/satcompute/topology/orbit/online-orbit-constellation.h [include:5]","contrib/satcompute/CMakeLists.txt:98 [build_reference]","","","现有合同不变","false","0"
"contrib/satcompute/topology/orbit/online-orbit-constellation.h","74","outside-protection","PUBLIC_SUBSTRATE","","轨道拓扑/节点存活/路径数据公共接口；保持原位置","contrib/satcompute/topology/orbit/online-orbit-constellation.h","KEEP","contrib/satcompute/topology/orbit/constellation-definition.h [include:8]; contrib/satcompute/topology/satellite-id-map.h [include:9]","contrib/satcompute/CMakeLists.txt:214 [build_reference]; contrib/satcompute/fault/runtime/fault-model-engine.cc:13 [include]; contrib/satcompute/fault/runtime/fault-model-engine.cc:13 [literal_code_reference]; contrib/satcompute/fault/runtime/fault-prediction-engine.cc:13 [include]; contrib/satcompute/fault/runtime/fault-prediction-engine.cc:13 [literal_code_reference]; contrib/satcompute/satcompute.cc:25 [include]; contrib/satcompute/satcompute.cc:25 [literal_code_reference]; contrib/satcompute/tests/unit/online-orbit-foundation-test.cc:7 [include]; contrib/satcompute/tests/unit/online-orbit-foundation-test.cc:7 [literal_code_reference]; contrib/satcompute/tests/unit/satellite-fault-execution-test.cc:11 [include]; contrib/satcompute/tests/unit/satellite-fault-execution-test.cc:11 [literal_code_reference]; contrib/satcompute/tools/validation/f2-exposure-calibration.cc:10 [include]; contrib/satcompute/tools/validation/f2-exposure-calibration.cc:10 [literal_code_reference]; contrib/satcompute/tools/validation/f2-spatial-validation.cc:11 [include]; contrib/satcompute/tools/validation/f2-spatial-validation.cc:11 [literal_code_reference]; contrib/satcompute/topology/export/topology-slice-exporter.h:9 [include]; contrib/satcompute/topology/export/topology-slice-exporter.h:9 [literal_code_reference]; contrib/satcompute/topology/online/circular-orbit-topology-policy.h:9 [include]; contrib/satcompute/topology/online/circular-orbit-topology-policy.h:9 [literal_code_reference]; contrib/satcompute/topology/online/online-topology-controller.h:13 [include]; contrib/satcompute/topology/online/online-topology-controller.h:13 [literal_code_reference]; contrib/satcompute/topology/online/plus-grid-candidate.h:9 [include]; contrib/satcompute/topology/online/plus-grid-candidate.h:9 [literal_code_reference]; contrib/satcompute/topology/orbit/online-orbit-constellation.cc:5 [include]; contrib/satcompute/topology/orbit/online-orbit-constellation.cc:5 [literal_code_reference]","","","现有合同不变","false","0"
"contrib/satcompute/topology/satellite-endpoint-view.h","29","outside-protection","PUBLIC_SUBSTRATE","","轨道拓扑/节点存活/路径数据公共接口；保持原位置","contrib/satcompute/topology/satellite-endpoint-view.h","KEEP","","contrib/satcompute/CMakeLists.txt:215 [build_reference]; contrib/satcompute/task/compute-profile.h:8 [include]; contrib/satcompute/task/compute-profile.h:8 [literal_code_reference]; contrib/satcompute/topology/satellite-runtime-view.h:10 [include]; contrib/satcompute/topology/satellite-runtime-view.h:10 [literal_code_reference]","","","现有合同不变","false","0"
"contrib/satcompute/topology/satellite-id-map.cc","113","outside-protection","PUBLIC_SUBSTRATE","","轨道拓扑/节点存活/路径数据公共接口；保持原位置","contrib/satcompute/topology/satellite-id-map.cc","KEEP","contrib/satcompute/topology/satellite-id-map.h [include:5]","contrib/satcompute/CMakeLists.txt:99 [build_reference]","","","现有合同不变","false","0"
"contrib/satcompute/topology/satellite-id-map.h","56","outside-protection","PUBLIC_SUBSTRATE","","轨道拓扑/节点存活/路径数据公共接口；保持原位置","contrib/satcompute/topology/satellite-id-map.h","KEEP","","contrib/satcompute/CMakeLists.txt:216 [build_reference]; contrib/satcompute/metrics/routing/ecmp-route-recorder.cc:10 [include]; contrib/satcompute/metrics/routing/ecmp-route-recorder.cc:10 [literal_code_reference]; contrib/satcompute/tests/unit/compute-fault-execution-test.cc:11 [include]; contrib/satcompute/tests/unit/compute-fault-execution-test.cc:11 [literal_code_reference]; contrib/satcompute/tests/unit/satellite-fault-execution-test.cc:15 [include]; contrib/satcompute/tests/unit/satellite-fault-execution-test.cc:15 [literal_code_reference]; contrib/satcompute/topology/ipv4/satellite-ipv4-addressing.h:8 [include]; contrib/satcompute/topology/ipv4/satellite-ipv4-addressing.h:8 [literal_code_reference]; contrib/satcompute/topology/link/satellite-link-state.h:9 [include]; contrib/satcompute/topology/link/satellite-link-state.h:9 [literal_code_reference]; contrib/satcompute/topology/orbit/online-orbit-constellation.h:9 [include]; contrib/satcompute/topology/orbit/online-orbit-constellation.h:9 [literal_code_reference]; contrib/satcompute/topology/satellite-id-map.cc:5 [include]; contrib/satcompute/topology/satellite-id-map.cc:5 [literal_code_reference]; contrib/satcompute/topology/satellite-topology.cc:8 [include]; contrib/satcompute/topology/satellite-topology.cc:8 [literal_code_reference]; contrib/satcompute/topology/satellite-topology.h:9 [include]; contrib/satcompute/topology/satellite-topology.h:9 [literal_code_reference]","","","现有合同不变","false","0"
"contrib/satcompute/topology/satellite-runtime-view.h","40","outside-protection","PUBLIC_SUBSTRATE","","轨道拓扑/节点存活/路径数据公共接口；保持原位置","contrib/satcompute/topology/satellite-runtime-view.h","KEEP","contrib/satcompute/routing/algorithm/capacity-aware-path-view.h [include:8]; contrib/satcompute/routing/state/flow-route-registry.h [include:9]; contrib/satcompute/topology/satellite-endpoint-view.h [include:10]","contrib/satcompute/CMakeLists.txt:217 [build_reference]; contrib/satcompute/task/task-coordinator.h:13 [include]; contrib/satcompute/task/task-coordinator.h:13 [literal_code_reference]; contrib/satcompute/topology/satellite-topology-controller.h:8 [include]; contrib/satcompute/topology/satellite-topology-controller.h:8 [literal_code_reference]; contrib/satcompute/traffic/network-transfer-engine.h:10 [include]; contrib/satcompute/traffic/network-transfer-engine.h:10 [literal_code_reference]","","","现有合同不变","false","0"
"contrib/satcompute/topology/satellite-topology-controller.h","41","outside-protection","PUBLIC_SUBSTRATE","","轨道拓扑/节点存活/路径数据公共接口；保持原位置","contrib/satcompute/topology/satellite-topology-controller.h","KEEP","contrib/satcompute/topology/satellite-runtime-view.h [include:8]","contrib/satcompute/CMakeLists.txt:219 [build_reference]; contrib/satcompute/fault/runtime/fault-controller.cc:10 [include]; contrib/satcompute/fault/runtime/fault-controller.cc:10 [literal_code_reference]; contrib/satcompute/metrics/routing/ecmp-route-recorder.cc:12 [include]; contrib/satcompute/metrics/routing/ecmp-route-recorder.cc:12 [literal_code_reference]; contrib/satcompute/topology/online/online-topology-controller.h:14 [include]; contrib/satcompute/topology/online/online-topology-controller.h:14 [literal_code_reference]; contrib/satcompute/topology/satellite-topology.h:10 [include]; contrib/satcompute/topology/satellite-topology.h:10 [literal_code_reference]","","","现有合同不变","false","0"
"contrib/satcompute/topology/satellite-topology.cc","215","outside-protection","PUBLIC_SUBSTRATE","","轨道拓扑/节点存活/路径数据公共接口；保持原位置","contrib/satcompute/topology/satellite-topology.cc","KEEP","contrib/satcompute/topology/online/online-topology-controller.h [include:7]; contrib/satcompute/topology/satellite-id-map.h [include:8]; contrib/satcompute/topology/satellite-topology.h [include:5]","contrib/satcompute/CMakeLists.txt:100 [build_reference]","","","现有合同不变","false","0"
"contrib/satcompute/topology/satellite-topology.h","95","outside-protection","PUBLIC_SUBSTRATE","","轨道拓扑/节点存活/路径数据公共接口；保持原位置","contrib/satcompute/topology/satellite-topology.h","KEEP","contrib/satcompute/topology/link/satellite-link-state.h [include:8]; contrib/satcompute/topology/satellite-id-map.h [include:9]; contrib/satcompute/topology/satellite-topology-controller.h [include:10]","contrib/satcompute/CMakeLists.txt:218 [build_reference]; contrib/satcompute/metrics/core/link-metrics-recorder.h:9 [include]; contrib/satcompute/metrics/core/link-metrics-recorder.h:9 [literal_code_reference]; contrib/satcompute/metrics/routing/ecmp-route-recorder.cc:11 [include]; contrib/satcompute/metrics/routing/ecmp-route-recorder.cc:11 [literal_code_reference]; contrib/satcompute/satcompute.cc:29 [include]; contrib/satcompute/satcompute.cc:29 [literal_code_reference]; contrib/satcompute/topology/satellite-topology.cc:5 [include]; contrib/satcompute/topology/satellite-topology.cc:5 [literal_code_reference]","","","现有合同不变","false","0"
"contrib/satcompute/traffic/local-delivery.cc","30","outside-protection","PUBLIC_SUBSTRATE","","真实跨星传输与 LocalDelivery；实际已发送字节/失败部分/逻辑完成","contrib/satcompute/traffic/local-delivery.cc","KEEP","contrib/satcompute/traffic/local-delivery.h [include:2]","contrib/satcompute/CMakeLists.txt:7 [build_reference]","","","现有合同不变","false","0"
"contrib/satcompute/traffic/local-delivery.h","37","outside-protection","PUBLIC_SUBSTRATE","","真实跨星传输与 LocalDelivery；实际已发送字节/失败部分/逻辑完成","contrib/satcompute/traffic/local-delivery.h","KEEP","","contrib/satcompute/CMakeLists.txt:110 [build_reference]; contrib/satcompute/protection/mechanism/replication/replica-manager.h:6 [include]; contrib/satcompute/protection/mechanism/replication/replica-manager.h:6 [literal_code_reference]; contrib/satcompute/protection/policy/baseline/checkbullet/cb-sat-recovery.h:6 [include]; contrib/satcompute/protection/policy/baseline/checkbullet/cb-sat-recovery.h:6 [literal_code_reference]; contrib/satcompute/protection/runtime/recovery-controller.h:4 [include]; contrib/satcompute/protection/runtime/recovery-controller.h:4 [literal_code_reference]; contrib/satcompute/tests/unit/recovery-runtime-test.cc:9 [include]; contrib/satcompute/tests/unit/recovery-runtime-test.cc:9 [literal_code_reference]; contrib/satcompute/traffic/local-delivery.cc:2 [include]; contrib/satcompute/traffic/local-delivery.cc:2 [literal_code_reference]","","","现有合同不变","false","0"
"contrib/satcompute/traffic/network-transfer-application.cc","309","outside-protection","PUBLIC_SUBSTRATE","","真实跨星传输与 LocalDelivery；实际已发送字节/失败部分/逻辑完成","contrib/satcompute/traffic/network-transfer-application.cc","KEEP","contrib/satcompute/traffic/network-transfer-application.h [include:7]","contrib/satcompute/CMakeLists.txt:101 [build_reference]","","","现有合同不变","false","0"
"contrib/satcompute/traffic/network-transfer-application.h","73","outside-protection","PUBLIC_SUBSTRATE","","真实跨星传输与 LocalDelivery；实际已发送字节/失败部分/逻辑完成","contrib/satcompute/traffic/network-transfer-application.h","KEEP","contrib/satcompute/traffic/network-transfer-config.h [include:8]","contrib/satcompute/CMakeLists.txt:220 [build_reference]; contrib/satcompute/traffic/network-transfer-application.cc:7 [include]; contrib/satcompute/traffic/network-transfer-application.cc:7 [literal_code_reference]; contrib/satcompute/traffic/network-transfer-engine.h:11 [include]; contrib/satcompute/traffic/network-transfer-engine.h:11 [literal_code_reference]","","","现有合同不变","false","0"
"contrib/satcompute/traffic/network-transfer-config.cc","73","outside-protection","PUBLIC_SUBSTRATE","","真实跨星传输与 LocalDelivery；实际已发送字节/失败部分/逻辑完成","contrib/satcompute/traffic/network-transfer-config.cc","KEEP","contrib/satcompute/traffic/network-transfer-config.h [include:7]","contrib/satcompute/CMakeLists.txt:102 [build_reference]","","","现有合同不变","false","0"
"contrib/satcompute/traffic/network-transfer-config.h","52","outside-protection","PUBLIC_SUBSTRATE","","真实跨星传输与 LocalDelivery；实际已发送字节/失败部分/逻辑完成","contrib/satcompute/traffic/network-transfer-config.h","KEEP","contrib/satcompute/routing/common/ecmp-flow-key.h [include:8]","contrib/satcompute/CMakeLists.txt:221 [build_reference]; contrib/satcompute/tests/unit/satellite-fault-execution-test.cc:9 [include]; contrib/satcompute/tests/unit/satellite-fault-execution-test.cc:9 [literal_code_reference]; contrib/satcompute/traffic/network-transfer-application.h:8 [include]; contrib/satcompute/traffic/network-transfer-application.h:8 [literal_code_reference]; contrib/satcompute/traffic/network-transfer-config.cc:7 [include]; contrib/satcompute/traffic/network-transfer-config.cc:7 [literal_code_reference]; contrib/satcompute/traffic/network-transfer-engine.h:12 [include]; contrib/satcompute/traffic/network-transfer-engine.h:12 [literal_code_reference]; contrib/satcompute/traffic/network-transfer-receiver.h:8 [include]; contrib/satcompute/traffic/network-transfer-receiver.h:8 [literal_code_reference]","","","现有合同不变","false","0"
"contrib/satcompute/traffic/network-transfer-engine.cc","1130","outside-protection","PUBLIC_SUBSTRATE","","真实跨星传输与 LocalDelivery；实际已发送字节/失败部分/逻辑完成","contrib/satcompute/traffic/network-transfer-engine.cc","KEEP","contrib/satcompute/routing/ns3/satcompute-ipv4-global-routing-helper.h [include:13]; contrib/satcompute/routing/routing-policy-factory.h [include:9]; contrib/satcompute/traffic/network-transfer-engine.h [include:7]","contrib/satcompute/CMakeLists.txt:103 [build_reference]","","","现有合同不变","false","0"
"contrib/satcompute/traffic/network-transfer-engine.h","159","outside-protection","PUBLIC_SUBSTRATE","","真实跨星传输与 LocalDelivery；实际已发送字节/失败部分/逻辑完成","contrib/satcompute/traffic/network-transfer-engine.h","KEEP","contrib/satcompute/routing/algorithm/path-policy.h [include:8]; contrib/satcompute/routing/state/capacity-reservation-state.h [include:9]; contrib/satcompute/topology/satellite-runtime-view.h [include:10]; contrib/satcompute/traffic/network-transfer-application.h [include:11]; contrib/satcompute/traffic/network-transfer-config.h [include:12]; contrib/satcompute/traffic/network-transfer-receiver.h [include:13]; contrib/satcompute/traffic/network-transfer-records.h [include:14]","contrib/satcompute/CMakeLists.txt:222 [build_reference]; contrib/satcompute/metrics/core/link-metrics-recorder.h:10 [include]; contrib/satcompute/metrics/core/link-metrics-recorder.h:10 [literal_code_reference]; contrib/satcompute/metrics/metrics.h:14 [include]; contrib/satcompute/metrics/metrics.h:14 [literal_code_reference]; contrib/satcompute/protection/runtime/decision-path-snapshot.h:4 [include]; contrib/satcompute/protection/runtime/decision-path-snapshot.h:4 [literal_code_reference]; contrib/satcompute/task/task-coordinator.h:14 [include]; contrib/satcompute/task/task-coordinator.h:14 [literal_code_reference]; contrib/satcompute/tests/unit/fault-lifecycle-test.cc:7 [include]; contrib/satcompute/tests/unit/fault-lifecycle-test.cc:7 [literal_code_reference]; contrib/satcompute/tests/unit/satellite-fault-execution-test.cc:10 [include]; contrib/satcompute/tests/unit/satellite-fault-execution-test.cc:10 [literal_code_reference]; contrib/satcompute/traffic/network-transfer-engine.cc:7 [include]; contrib/satcompute/traffic/network-transfer-engine.cc:7 [literal_code_reference]","","","现有合同不变","false","0"
"contrib/satcompute/traffic/network-transfer-receiver.cc","316","outside-protection","PUBLIC_SUBSTRATE","","真实跨星传输与 LocalDelivery；实际已发送字节/失败部分/逻辑完成","contrib/satcompute/traffic/network-transfer-receiver.cc","KEEP","contrib/satcompute/traffic/network-transfer-receiver.h [include:7]","contrib/satcompute/CMakeLists.txt:104 [build_reference]","","","现有合同不变","false","0"
"contrib/satcompute/traffic/network-transfer-receiver.h","113","outside-protection","PUBLIC_SUBSTRATE","","真实跨星传输与 LocalDelivery；实际已发送字节/失败部分/逻辑完成","contrib/satcompute/traffic/network-transfer-receiver.h","KEEP","contrib/satcompute/traffic/network-transfer-config.h [include:8]","contrib/satcompute/CMakeLists.txt:223 [build_reference]; contrib/satcompute/metrics/core/run-summary.h:9 [include]; contrib/satcompute/metrics/core/run-summary.h:9 [literal_code_reference]; contrib/satcompute/traffic/network-transfer-engine.h:13 [include]; contrib/satcompute/traffic/network-transfer-engine.h:13 [literal_code_reference]; contrib/satcompute/traffic/network-transfer-receiver.cc:7 [include]; contrib/satcompute/traffic/network-transfer-receiver.cc:7 [literal_code_reference]","","","现有合同不变","false","0"
"contrib/satcompute/traffic/network-transfer-records.cc","66","outside-protection","PUBLIC_SUBSTRATE","","真实跨星传输与 LocalDelivery；实际已发送字节/失败部分/逻辑完成","contrib/satcompute/traffic/network-transfer-records.cc","KEEP","contrib/satcompute/traffic/network-transfer-records.h [include:5]","contrib/satcompute/CMakeLists.txt:105 [build_reference]","","","现有合同不变","false","0"
"contrib/satcompute/traffic/network-transfer-records.h","103","outside-protection","PUBLIC_SUBSTRATE","","真实跨星传输与 LocalDelivery；实际已发送字节/失败部分/逻辑完成","contrib/satcompute/traffic/network-transfer-records.h","KEEP","","contrib/satcompute/CMakeLists.txt:224 [build_reference]; contrib/satcompute/metrics/core/fault-metrics.h:8 [include]; contrib/satcompute/metrics/core/fault-metrics.h:8 [literal_code_reference]; contrib/satcompute/metrics/core/flow-metrics.h:8 [include]; contrib/satcompute/metrics/core/flow-metrics.h:8 [literal_code_reference]; contrib/satcompute/metrics/core/run-summary.h:10 [include]; contrib/satcompute/metrics/core/run-summary.h:10 [literal_code_reference]; contrib/satcompute/metrics/core/transfer-metrics.h:8 [include]; contrib/satcompute/metrics/core/transfer-metrics.h:8 [literal_code_reference]; contrib/satcompute/traffic/network-transfer-engine.h:14 [include]; contrib/satcompute/traffic/network-transfer-engine.h:14 [literal_code_reference]; contrib/satcompute/traffic/network-transfer-records.cc:5 [include]; contrib/satcompute/traffic/network-transfer-records.cc:5 [literal_code_reference]","","","现有合同不变","false","0"
"contrib/satcompute/CMakeLists.txt","","composition","BUILD_INTEGRATION","","sources/headers/test executables 导出；移动前后同步并保持目标名","contrib/satcompute/CMakeLists.txt","KEEP_UPDATE_ONLY_AFTER_APPROVAL","","","","","","false","0"
