section,scenario,candidate_name,candidate_value,elapsed_time_s,task_index,busy,temperature_c,depth_of_discharge,thermal_risk,energy_pressure,combined_risk,failure_intensity_per_s,step_failure_probability,run,fault_count,warned_fault_count,unannounced_fault_count,risk_only_episode_count,mean_fault_temperature_c,mean_warning_lead_time_s
heating_tau_search,continuous_load,heating_tau_s,39,1,1,true,17.455671553253261,0.25000294685990337,0,0,0,0,0,,,,,,,
heating_tau_search,continuous_load,heating_tau_s,39,2,1,true,17.899807741815177,0.25000589371980675,0,0,0,0,0,,,,,,,
heating_tau_search,continuous_load,heating_tau_s,39,3,1,true,18.332700584438314,0.25000884057971012,0,0,0,0,0,,,,,,,
heating_tau_search,continuous_load,heating_tau_s,39,4,1,true,18.754634707395322,0.2500117874396135,0,0,0,0,0,,,,,,,
heating_tau_search,continuous_load,heating_tau_s,39,5,1,true,19.1658875316202,0.25001473429951687,0,0,0,0,0,,,,,,,
heating_tau_search,continuous_load,heating_tau_s,39,6,1,true,19.566729455112061,0.25001768115942025,0,0,0,0,0,,,,,,,
heating_tau_search,continuous_load,heating_tau_s,39,7,1,true,19.957424030721334,0.25002062801932362,0,0,0,0,0,,,,,,,
heating_tau_search,continuous_load,heating_tau_s,39,8,1,true,20.338228139435302,0.250023574879227,0.0055955978522807441,0,0.0055955978522806982,2.797798926140349e-05,2.7977597881111956e-05,,,,,,,
heating_tau_search,continuous_load,heating_tau_s,39,9,1,true,20.709392159276884,0.25002652173913037,0.012426112659834291,0,0.012426112659834287,6.2130563299171444e-05,6.212863323569569e-05,,,,,,,
heating_tau_search,continuous_load,heating_tau_s,39,10,1,true,21.071160129927748,0.25002946859903374,0.019857205987585114,0,0.019857205987585114,9.9286029937925577e-05,9.928110124317335e-05,,,,,,,
heating_tau_search,continuous_load,heating_tau_s,39,11,2,true,21.423769913183957,0.25003241545893712,0.02791922567312961,0,0.027919225673129655,0.00013959612836564827,0.00013958638527949191,,,,,,,
heating_tau_search,continuous_load,heating_tau_s,39,12,2,true,21.767453349349687,0.25003536231884049,0.036642055968279651,0,0.03664205596827963,0.00018321027984139816,0.00018319349786297102,,,,,,,
heating_tau_search,continuous_load,heating_tau_s,39,13,2,true,22.102436409671803,0.25003830917874387,0.046054951089499432,0,0.046054951089499419,0.0002302747554474971,0.00023024824425099105,,,,,,,
heating_tau_search,continuous_load,heating_tau_s,39,14,2,true,22.428939344915555,0.25004125603864724,0.056186370340267487,0,0.056186370340267522,0.0002809318517013376,0.00028089239404374488,,,,,,,
heating_tau_search,continuous_load,heating_tau_s,39,15,2,true,22.747176830179072,0.25004420289855062,0.067063816312961363,0,0.067063816312961322,0.0003353190815648066,0.00033526286840486648,,,,,,,
heating_tau_search,continuous_load,heating_tau_s,39,16,2,true,23.057358106041839,0.25004714975845399,0.078713677620739317,0,0.078713677620739331,0.00039356838810369665,0.00039349095022500624,,,,,,,
heating_tau_search,continuous_load,heating_tau_s,39,17,2,true,23.359687116140027,0.25005009661835736,0.091161077534647347,0,0.091161077534647306,0.00045580538767323655,0.00045570152417863342,,,,,,,
heating_tau_search,continuous_load,heating_tau_s,39,18,2,true,23.654362641259048,0.25005304347826074,0.10442972980981767,0,0.10442972980981768,0.0005221486490490884,0.00052201235316650567,,,,,,,
heating_tau_search,continuous_load,heating_tau_s,39,19,2,true,23.941578430031591,0.25005599033816411,0.11854180287935479,0,0.11854180287935479,0.00059270901439677389,0.00059253339710726419,,,,,,,
heating_tau_search,continuous_load,heating_tau_s,39,20,2,true,24.221523326326974,0.25005893719806749,0.13351779347763451,0,0.13351779347763448,0.00066758896738817238,0.00066736617945316367,,,,,,,
heating_tau_search,continuous_load,heating_tau_s,39,21,3,true,24.494381393415676,0.25006188405797086,0.14937641062866505,0,0.14937641062866502,0.00074688205314332517,0.00074660320616892555,,,,,,,
heating_tau_search,continuous_load,heating_tau_s,39,22,3,true,24.760332034990601,0.25006483091787424,0.1661344708022551,0,0.16613447080225507,0.00083067235401127534,0.00083032744124119414,,,,,,,
heating_tau_search,continuous_load,heating_tau_s,39,23,3,true,25.019550113124684,0.25006777777777761,0.18380680490336848,0,0.18380680490336854,0.00091903402451684265,0.00091861184209097535,,,,,,,
heating_tau_search,continuous_load,heating_tau_s,39,24,3,true,25.272206063242393,0.25007072463768099,0.20240617762048116,0,0.20240617762048119,0.001012030888102406,0.0010115189575542419,,,,,,,
heating_tau_search,continuous_load,heating_tau_s,39,25,3,true,25.518466006180727,0.25007367149758436,0.22194321951914339,0,0.22194321951914342,0.0011097160975957171,0.0011091005903875579,,,,,,,
heating_tau_search,continuous_load,heating_tau_s,39,26,3,true,25.75849185741335,0.25007661835748773,0.24242637212929091,0,0.24242637212929097,0.0012121318606464549,0.0012113975255562787,,,,,,,
heating_tau_search,continuous_load,heating_tau_s,39,27,3,true,25.992441433509747,0.25007956521739111,0.26386184614095959,0,0.26386184614095964,0.0013193092307047982,0.0013184393248820031,,,,,,,
heating_tau_search,continuous_load,heating_tau_s,39,28,3,true,26.220468555899323,0.25008251207729448,0.2862535926945603,0,0.2862535926945603,0.0014312679634728015,0.0014302441879717794,,,,,,,
heating_tau_search,continuous_load,heating_tau_s,39,29,3,true,26.442723152008725,0.25008545893719786,0.30960328763017941,0,0.30960328763017941,0.001548016438150897,0.0015468188787314346,,,,,,,
heating_tau_search,continuous_load,heating_tau_s,39,30,3,true,26.659351353838858,0.25008840579710123,0.33391032844669344,0,0.33391032844669344,0.0016695516422334672,0.0016681587161855877,,,,,,,
heating_tau_search,continuous_load,heating_tau_s,39,31,4,true,26.87049559404641,0.25009135265700461,0.35917184361677079,0,0.35917184361677079,0.0017958592180838541,0.0017942476277923853,,,,,,,
heating_tau_search,continuous_load,heating_tau_s,39,32,4,true,27.076294699593085,0.25009429951690798,0.38538271380888922,0,0.38538271380888922,0.001926913569044446,0.0019250582629559839,,,,,,,
heating_tau_search,continuous_load,heating_tau_s,39,33,4,true,27.276883983024057,0.25009724637681136,0.41253560448282051,0,0.41253560448282056,0.0020626780224141028,0.0020605521640070417,,,,,,,
heating_tau_search,continuous_load,heating_tau_s,39,34,4,true,27.472395331435756,0.25010019323671473,0.44062100925102965,0,0.44062100925102965,0.0022031050462551485,0.0022006799915430635,,,,,,,
heating_tau_search,continuous_load,heating_tau_s,39,35,4,true,27.662957293191376,0.2501031400966181,0.4696273033352244,0,0.4696273033352244,0.0023481365166761223,0.0023453818006972213,,,,,,,
heating_tau_search,continuous_load,heating_tau_s,39,36,4,true,27.84869516244121,0.25010608695652148,0.49954080639491133,0,0.49954080639491139,0.002497704031974557,0.0024945873646364165,,,,,,,
heating_tau_search,continuous_load,heating_tau_s,39,37,4,true,28.02973106150332,0.25010903381642485,0.53034585396304801,0,0.53034585396304801,0.0026517292698152403,0.0026482165413759819,,,,,,,
heating_tau_search,continuous_load,heating_tau_s,39,38,4,true,28.206184021158748,0.25011198067632823,0.56202487669250467,0,0.56202487669250467,0.0028101243834625232,0.0028061796798383352,,,,,,,
heating_tau_search,continuous_load,heating_tau_s,39,39,4,true,28.378170058914051,0.2501149275362316,0.59455848659557464,0,0.59455848659557464,0.0029727924329778733,0.0029683780609737697,,,,,,,
heating_tau_search,continuous_load,heating_tau_s,39,40,4,true,28.545802255282585,0.25011787439613498,0.62792556944671463,0,0.62792556944671463,0.0031396278472335731,0.0031347043697008956,,,,,,,
heating_tau_search,continuous_load,heating_tau_s,39,41,5,true,28.709190828134755,0.25012082125603835,0.66210338251551037,0,0.66210338251551037,0.003310516912577552,0.0033050431934092844,,,,,,,
heating_tau_search,continuous_load,heating_tau_s,39,42,5,true,28.868443205166074,0.25012376811594172,0.69706765680173133,0,0.69706765680173133,0.0034853382840086566,0.0034792715427934494,,,,,,,
heating_tau_search,continuous_load,heating_tau_s,39,43,5,true,29.023664094530659,0.2501267149758451,0.7327927029567729,0,0.7327927029567729,0.0036639635147838645,0.0036572593908529242,,,,,,,
heating_tau_search,continuous_load,heating_tau_s,39,44,5,true,29.174955553686683,0.25012966183574847,0.76925152009483122,0,0.76925152009483122,0.0038462576004741561,0.0038388702259929287,,,,,,,
heating_tau_search,continuous_load,heating_tau_s,39,45,5,true,29.322417056498953,0.25013260869565185,0.80641590672219743,0,0.80641590672219743,0.004032079533610987,0.0040239616152908239,,,,,,,
heating_tau_search,continuous_load,heating_tau_s,39,46,5,true,29.466145558642808,0.25013555555555522,0.8442565730432765,0,0.8442565730432765,0.0042212828652163827,0.004212385774150949,,,,,,,
heating_tau_search,continuous_load,heating_tau_s,39,47,5,true,29.606235561352293,0.2501385024154586,0.88274325393655806,0,0.88274325393655806,0.0044137162696827907,0.0044039901387505475,,,,,,,
heating_tau_search,continuous_load,heating_tau_s,39,48,5,true,29.74277917355456,0.25014144927536197,0.92184482193213158,0,0.92184482193213158,0.0046092241096606576,0.0045986179378788563,,,,,,,
heating_tau_search,continuous_load,heating_tau_s,39,49,5,true,29.875866172431326,0.25014439613526535,0.96152939956360073,0,0.96152939956360073,0.0048076469978180041,0.0047961087609857227,,,,,,,
heating_tau_search,continuous_load,heating_tau_s,39,50,5,true,30.005584062447205,0.25014734299516872,1,0,1,0.0050000000000000001,1,,,,,,,
heating_tau_search,continuous_load,heating_tau_s,39,51,6,true,30.132018132883736,0.25015028985507209,1,0,1,0.0050000000000000001,1,,,,,,,
heating_tau_search,continuous_load,heating_tau_s,39,52,6,true,30.255251513916935,0.25015323671497547,1,0,1,0.0050000000000000001,1,,,,,,,
heating_tau_search,continuous_load,heating_tau_s,39,53,6,true,30.375365231275243,0.25015618357487884,1,0,1,0.0050000000000000001,1,,,,,,,
heating_tau_search,continuous_load,heating_tau_s,39,54,6,true,30.49243825951379,0.25015913043478222,1,0,1,0.0050000000000000001,1,,,,,,,
heating_tau_search,continuous_load,heating_tau_s,39,55,6,true,30.606547573940031,0.25016207729468559,1,0,1,0.0050000000000000001,1,,,,,,,
heating_tau_search,continuous_load,heating_tau_s,39,56,6,true,30.717768201224867,0.25016502415458897,1,0,1,0.0050000000000000001,1,,,,,,,
heating_tau_search,continuous_load,heating_tau_s,39,57,6,true,30.826173268732553,0.25016797101449234,1,0,1,0.0050000000000000001,1,,,,,,,
heating_tau_search,continuous_load,heating_tau_s,39,58,6,true,30.931834052601811,0.25017091787439572,1,0,1,0.0050000000000000001,1,,,,,,,
heating_tau_search,continuous_load,heating_tau_s,39,59,6,true,31.034820024609754,0.25017386473429909,1,0,1,0.0050000000000000001,1,,,,,,,
heating_tau_search,continuous_load,heating_tau_s,39,60,6,true,31.135198897849467,0.25017681159420246,1,0,1,0.0050000000000000001,1,,,,,,,
heating_tau_search,continuous_load,heating_tau_s,39,61,7,true,31.233036671251234,0.25017975845410584,1,0,1,0.0050000000000000001,1,,,,,,,
heating_tau_search,continuous_load,heating_tau_s,39,62,7,true,31.328397672976735,0.25018270531400921,1,0,1,0.0050000000000000001,1,,,,,,,
heating_tau_search,continuous_load,heating_tau_s,39,63,7,true,31.421344602714679,0.25018565217391259,1,0,1,0.0050000000000000001,1,,,,,,,
heating_tau_search,continuous_load,heating_tau_s,39,64,7,true,31.511938572905745,0.25018859903381596,1,0,1,0.0050000000000000001,1,,,,,,,
heating_tau_search,continuous_load,heating_tau_s,39,65,7,true,31.600239148923901,0.25019154589371934,1,0,1,0.0050000000000000001,1,,,,,,,
heating_tau_search,continuous_load,heating_tau_s,39,66,7,true,31.68630438824054,0.25019449275362271,1,0,1,0.0050000000000000001,1,,,,,,,
heating_tau_search,continuous_load,heating_tau_s,39,67,7,true,31.770190878597148,0.25019743961352608,1,0,1,0.0050000000000000001,1,,,,,,,
heating_tau_search,continuous_load,heating_tau_s,39,68,7,true,31.851953775211658,0.25020038647342946,1,0,1,0.0050000000000000001,1,,,,,,,
heating_tau_search,continuous_load,heating_tau_s,39,69,7,true,31.931646837042901,0.25020333333333283,1,0,1,0.0050000000000000001,1,,,,,,,
heating_tau_search,continuous_load,heating_tau_s,39,70,7,true,32.009322462137021,0.25020628019323621,1,0,1,0.0050000000000000001,1,,,,,,,
heating_tau_search,continuous_load,heating_tau_s,39,71,8,true,32.085031722079115,0.25020922705313958,1,0,1,0.0050000000000000001,1,,,,,,,
heating_tau_search,continuous_load,heating_tau_s,39,72,8,true,32.15882439557268,0.25021217391304296,1,0,1,0.0050000000000000001,1,,,,,,,
heating_tau_search,continuous_load,heating_tau_s,39,73,8,true,32.230749001169052,0.25021512077294633,1,0,1,0.0050000000000000001,1,,,,,,,
heating_tau_search,continuous_load,heating_tau_s,39,74,8,true,32.300852829168242,0.25021806763284971,1,0,1,0.0050000000000000001,1,,,,,,,
heating_tau_search,continuous_load,heating_tau_s,39,75,8,true,32.369181972712248,0.25022101449275308,1,0,1,0.0050000000000000001,1,,,,,,,
heating_tau_search,continuous_load,heating_tau_s,39,76,8,true,32.435781358091184,0.25022396135265645,1,0,1,0.0050000000000000001,1,,,,,,,
heating_tau_search,continuous_load,heating_tau_s,39,77,8,true,32.500694774282273,0.25022690821255983,1,0,1,0.0050000000000000001,1,,,,,,,
heating_tau_search,continuous_load,heating_tau_s,39,78,8,true,32.563964901740981,0.2502298550724632,1,0,1,0.0050000000000000001,1,,,,,,,
heating_tau_search,continuous_load,heating_tau_s,39,79,8,true,32.625633340463381,0.25023280193236658,1,0,1,0.0050000000000000001,1,,,,,,,
heating_tau_search,continuous_load,heating_tau_s,39,80,8,true,32.685740637338036,0.25023574879226995,1,0,1,0.0050000000000000001,1,,,,,,,
heating_tau_search,continuous_load,heating_tau_s,39,81,9,true,32.744326312805541,0.25023869565217333,1,0,1,0.0050000000000000001,1,,,,,,,
heating_tau_search,continuous_load,heating_tau_s,39,82,9,true,32.801428886843119,0.2502416425120767,1,0,1,0.0050000000000000001,1,,,,,,,
heating_tau_search,continuous_load,heating_tau_s,39,83,9,true,32.857085904291452,0.25024458937198008,1,0,1,0.0050000000000000001,1,,,,,,,
heating_tau_search,continuous_load,heating_tau_s,39,84,9,true,32.911333959540329,0.25024753623188345,1,0,1,0.0050000000000000001,1,,,,,,,
heating_tau_search,continuous_load,heating_tau_s,39,85,9,true,32.964208720589419,0.25025048309178682,1,0,1,0.0050000000000000001,1,,,,,,,
heating_tau_search,continuous_load,heating_tau_s,39,86,9,true,33.015744952499887,0.2502534299516902,1,0,1,0.0050000000000000001,1,,,,,,,
heating_tau_search,continuous_load,heating_tau_s,39,87,9,true,33.065976540252386,0.25025637681159357,1,0,1,0.0050000000000000001,1,,,,,,,
heating_tau_search,continuous_load,heating_tau_s,39,88,9,true,33.114936511026357,0.25025932367149695,1,0,1,0.0050000000000000001,1,,,,,,,
heating_tau_search,continuous_load,heating_tau_s,39,89,9,true,33.162657055915339,0.25026227053140032,1,0,1,0.0050000000000000001,1,,,,,,,
heating_tau_search,continuous_load,heating_tau_s,39,90,9,true,33.209169551092558,0.2502652173913037,1,0,1,0.0050000000000000001,1,,,,,,,
heating_tau_search,continuous_load,heating_tau_s,39,91,10,true,33.254504578440717,0.25026816425120707,1,0,1,0.0050000000000000001,1,,,,,,,
heating_tau_search,continuous_load,heating_tau_s,39,92,10,true,33.298691945659513,0.25027111111111044,1,0,1,0.0050000000000000001,1,,,,,,,
heating_tau_search,continuous_load,heating_tau_s,39,93,10,true,33.341760705864161,0.25027405797101382,1,0,1,0.0050000000000000001,1,,,,,,,
heating_tau_search,continuous_load,heating_tau_s,39,94,10,true,33.38373917668774,0.25027700483091719,1,0,1,0.0050000000000000001,1,,,,,,,
heating_tau_search,continuous_load,heating_tau_s,39,95,10,true,33.424654958900021,0.25027995169082057,1,0,1,0.0050000000000000001,1,,,,,,,
heating_tau_search,continuous_load,heating_tau_s,39,96,10,true,33.4645349545549,0.25028289855072394,1,0,1,0.0050000000000000001,1,,,,,,,
heating_tau_search,continuous_load,heating_tau_s,39,97,10,true,33.503405384678459,0.25028584541062732,1,0,1,0.0050000000000000001,1,,,,,,,
heating_tau_search,continuous_load,heating_tau_s,39,98,10,true,33.541291806509236,0.25028879227053069,1,0,1,0.0050000000000000001,1,,,,,,,
heating_tau_search,continuous_load,heating_tau_s,39,99,10,true,33.578219130302081,0.25029173913043407,1,0,1,0.0050000000000000001,1,,,,,,,
heating_tau_search,continuous_load,heating_tau_s,39,100,10,true,33.614211635706582,0.25029468599033744,1,0,1,0.0050000000000000001,1,,,,,,,
heating_tau_search,continuous_load,heating_tau_s,39,101,11,true,33.649292987730909,0.25029763285024081,1,0,1,0.0050000000000000001,1,,,,,,,
heating_tau_search,continuous_load,heating_tau_s,39,102,11,true,33.683486252301506,0.25030057971014419,1,0,1,0.0050000000000000001,1,,,,,,,
heating_tau_search,continuous_load,heating_tau_s,39,103,11,true,33.7168139114289,0.25030352657004756,1,0,1,0.0050000000000000001,1,,,,,,,
heating_tau_search,continuous_load,heating_tau_s,39,104,11,true,33.749297877989576,0.25030647342995094,1,0,1,0.0050000000000000001,1,,,,,,,
heating_tau_search,continuous_load,heating_tau_s,39,105,11,true,33.78095951013367,0.25030942028985431,1,0,1,0.0050000000000000001,1,,,,,,,
heating_tau_search,continuous_load,heating_tau_s,39,106,11,true,33.811819625327892,0.25031236714975769,1,0,1,0.0050000000000000001,1,,,,,,,
heating_tau_search,continuous_load,heating_tau_s,39,107,11,true,33.841898514042995,0.25031531400966106,1,0,1,0.0050000000000000001,1,,,,,,,
heating_tau_search,continuous_load,heating_tau_s,39,108,11,true,33.871215953094712,0.25031826086956444,1,0,1,0.0050000000000000001,1,,,,,,,
heating_tau_search,continuous_load,heating_tau_s,39,109,11,true,33.899791218646982,0.25032120772946781,1,0,1,0.0050000000000000001,1,,,,,,,
heating_tau_search,continuous_load,heating_tau_s,39,110,11,true,33.92764309888598,0.25032415458937118,1,0,1,0.0050000000000000001,1,,,,,,,
heating_tau_search,continuous_load,heating_tau_s,39,111,12,true,33.954789906373342,0.25032710144927456,1,0,1,0.0050000000000000001,1,,,,,,,
heating_tau_search,continuous_load,heating_tau_s,39,112,12,true,33.981249490086611,0.25033004830917793,1,0,1,0.0050000000000000001,1,,,,,,,
heating_tau_search,continuous_load,heating_tau_s,39,113,12,true,34.007039247154935,0.25033299516908131,1,0,1,0.0050000000000000001,1,,,,,,,
heating_tau_search,continuous_load,heating_tau_s,39,114,12,true,34.032176134297629,0.25033594202898468,1,0,1,0.0050000000000000001,1,,,,,,,
heating_tau_search,continuous_load,heating_tau_s,39,115,12,true,34.056676678973197,0.25033888888888806,1,0,1,0.0050000000000000001,1,,,,,,,
heating_tau_search,continuous_load,heating_tau_s,39,116,12,true,34.080556990246102,0.25034183574879143,1,0,1,0.0050000000000000001,1,,,,,,,
heating_tau_search,continuous_load,heating_tau_s,39,117,12,true,34.103832769378457,0.2503447826086948,1,0,1,0.0050000000000000001,1,,,,,,,
heating_tau_search,continuous_load,heating_tau_s,39,118,12,true,34.126519320153569,0.25034772946859818,1,0,1,0.0050000000000000001,1,,,,,,,
heating_tau_search,continuous_load,heating_tau_s,39,119,12,true,34.148631558938142,0.25035067632850155,1,0,1,0.0050000000000000001,1,,,,,,,
heating_tau_search,continuous_load,heating_tau_s,39,120,12,true,34.170184024489778,0.25035362318840493,1,0,1,0.0050000000000000001,1,,,,,,,
heating_tau_search,continuous_load,heating_tau_s,43,1,1,true,17.413774669386985,0.25000294685990337,0,0,0,0,0,,,,,,,
heating_tau_search,continuous_load,heating_tau_s,43,2,1,true,17.818037701161398,0.25000589371980675,0,0,0,0,0,,,,,,,
heating_tau_search,continuous_load,heating_tau_s,43,3,1,true,18.213007743918155,0.25000884057971012,0,0,0,0,0,,,,,,,
heating_tau_search,continuous_load,heating_tau_s,43,4,1,true,18.59889842007161,0.2500117874396135,0,0,0,0,0,,,,,,,
heating_tau_search,continuous_load,heating_tau_s,43,5,1,true,18.975918441394789,0.25001473429951687,0,0,0,0,0,,,,,,,
heating_tau_search,continuous_load,heating_tau_s,43,6,1,true,19.344271721902679,0.25001768115942025,0,0,0,0,0,,,,,,,
heating_tau_search,continuous_load,heating_tau_s,43,7,1,true,19.704157488140581,0.25002062801932362,0,0,0,0,0,,,,,,,
heating_tau_search,continuous_load,heating_tau_s,43,8,1,true,20.055770386937247,0.250023574879227,0.00088401312148766954,0,0.00088401312148767008,4.4200656074383502e-06,4.4200558389627558e-06,,,,,,,
heating_tau_search,continuous_load,heating_tau_s,43,9,1,true,20.399300590681037,0.25002652173913037,0.0066678921514051782,0,0.0066678921514051748,3.3339460757025877e-05,3.3338905003380285e-05,,,,,,,
heating_tau_search,continuous_load,heating_tau_s,43,10,1,true,20.734933900176021,0.25002946859903374,0.012924719067765766,0,0.012924719067765711,6.462359533882855e-05,6.4621507279270839e-05,,,,,,,
heating_tau_search,continuous_load,heating_tau_s,43,11,2,true,21.062851845133697,0.25003241545893712,0.019677340928924973,0,0.019677340928924925,9.8386704644624621e-05,9.8381864831524935e-05,,,,,,,
heating_tau_search,continuous_load,heating_tau_s,43,12,2,true,21.383231782354656,0.25003536231884049,0.026948395935390269,0,0.026948395935390224,0.00013474197967695112,0.00013473290238410953,,,,,,,
heating_tau_search,continuous_load,heating_tau_s,43,13,2,true,21.69624699165329,0.25003830917874387,0.034760211211355377,0,0.034760211211355418,0.0001738010560567771,0.00017378595352819168,,,,,,,
heating_tau_search,continuous_load,heating_tau_s,43,14,2,true,22.002066769577446,0.25004125603864724,0.043134700581557606,0,0.043134700581557661,0.00021567350290778832,0.0002156502470497809,,,,,,,
heating_tau_search,continuous_load,heating_tau_s,43,15,2,true,22.300856520973682,0.25004420289855062,0.052093263124853309,0,0.052093263124853295,0.00026046631562426646,0.00026043239721841035,,,,,,,
heating_tau_search,continuous_load,heating_tau_s,43,16,2,true,22.592777848447682,0.25004714975845399,0.061656683269935175,0,0.061656683269935231,0.00030828341634967616,0.00030823590190004241,,,,,,,
heating_tau_search,continuous_load,heating_tau_s,43,17,2,true,22.877988639768205,0.25005009661835736,0.071845033174253961,0,0.071845033174253947,0.00035922516587126975,0.00035916065223657711,,,,,,,
heating_tau_search,continuous_load,heating_tau_s,43,18,2,true,23.156643153261825,0.25005304347826074,0.082677578095116805,0,0.082677578095116777,0.00041338789047558387,0.00041330245747431618,,,,,,,
heating_tau_search,continuous_load,heating_tau_s,43,19,2,true,23.428892101244671,0.25005599033816411,0.094172685422841768,0,0.09417268542284174,0.00047086342711420871,0.00047075258832803804,,,,,,,
heating_tau_search,continuous_load,heating_tau_s,43,20,2,true,23.694882731536261,0.25005893719806749,0.10634773800056481,0,0.10634773800056485,0.00053173869000282422,0.00053159734204010487,,,,,,,
heating_tau_search,continuous_load,heating_tau_s,43,21,3,true,23.954758907099574,0.25006188405797086,0.11921905230467331,0,0.11921905230467333,0.0005960952615233667,0.00059591763203941251,,,,,,,
heating_tau_search,continuous_load,heating_tau_s,43,22,3,true,24.208661183850374,0.25006483091787424,0.13280180200476799,0,0.13280180200476799,0.00066400901002383996,0.00066378860482752152,,,,,,,
heating_tau_search,continuous_load,heating_tau_s,43,23,3,true,24.456726886677888,0.25006777777777761,0.14710994736343308,0,0.14710994736343308,0.00073554973681716539,0.00073527928642346907,,,,,,,
heating_tau_search,continuous_load,heating_tau_s,43,24,3,true,24.699090183717974,0.25007072463768099,0.16215617087482917,0,0.16215617087482914,0.00081078085437414574,0.00081045226038913975,,,,,,,
heating_tau_search,continuous_load,heating_tau_s,43,25,3,true,24.935882158918933,0.25007367149758436,0.17795181947809049,0,0.17795181947809047,0.00088975909739045231,0.00088936337913809776,,,,,,,
heating_tau_search,continuous_load,heating_tau_s,43,26,3,true,25.167230882939208,0.25007661835748773,0.19450685361756817,0,0.19450685361756814,0.00097253426808784071,0.00097206150990680187,,,,,,,
heating_tau_search,continuous_load,heating_tau_s,43,27,3,true,25.39326148241534,0.25007956521739111,0.21182980335792528,0,0.21182980335792534,0.0010591490167896267,0.001058588316442288,,,,,,,
heating_tau_search,continuous_load,heating_tau_s,43,28,3,true,25.614096207637608,0.25008251207729448,0.2299277316987178,0,0.22992773169871783,0.0011496386584935892,0.0011489780771385754,,,,,,,
heating_tau_search,continuous_load,heating_tau_s,43,29,3,true,25.829854498669988,0.25008545893719786,0.24880620517109633,0,0.24880620517109631,0.0012440310258554816,0.0012432575400388695,,,,,,,
heating_tau_search,continuous_load,heating_tau_s,43,30,3,true,26.040653049950176,0.25008840579710123,0.2684692717392646,0,0.2684692717392646,0.001342346358696323,0.0013414458148153074,,,,,,,
heating_tau_search,continuous_load,heating_tau_s,43,31,4,true,26.246605873404629,0.25009135265700461,0.28891944597190317,0,0.28891944597190311,0.0014445972298595155,0.001443554301545492,,,,,,,
heating_tau_search,continuous_load,heating_tau_s,43,32,4,true,26.44782436011274,0.25009429951690798,0.31015770139440779,0,0.31015770139440779,0.001550788506972039,0.0015495866558279546,,,,,,,
heating_tau_search,continuous_load,heating_tau_s,43,33,4,true,26.644417340553506,0.25009724637681136,0.33218346988190572,0,0.33218346988190572,0.0016609173494095287,0.0016595387895190496,,,,,,,
heating_tau_search,continuous_load,heating_tau_s,43,34,4,true,26.836491143467292,0.25010019323671473,0.35499464790597074,0,0.35499464790597068,0.0017749732395298534,0.0017733989061336404,,,,,,,
heating_tau_search,continuous_load,heating_tau_s,43,35,4,true,27.024149653364489,0.2501031400966181,0.37858760940498071,0,0.37858760940498071,0.0018929380470249035,0.0018911475697323532,,,,,,,
heating_tau_search,continuous_load,heating_tau_s,43,36,4,true,27.207494366712222,0.25010608695652148,0.40295722500941789,0,0.40295722500941789,0.0020147861250470896,0.0020127578059206757,,,,,,,
heating_tau_search,continuous_load,heating_tau_s,43,37,4,true,27.386624446829437,0.25010903381642485,0.42809688731915319,0,0.42809688731915319,0.0021404844365957658,0.0021381952334100108,,,,,,,
heating_tau_search,continuous_load,heating_tau_s,43,38,4,true,27.561636777520111,0.25011198067632823,0.45399854190001959,0,0.45399854190001965,0.0022699927095000982,0.0022674182244387235,,,,,,,
heating_tau_search,continuous_load,heating_tau_s,43,39,4,true,27.732626015473549,0.2501149275362316,0.48065272364172729,0,0.48065272364172729,0.0024032636182086363,0.0024003780922220745,,,,,,,
heating_tau_search,continuous_load,heating_tau_s,43,40,4,true,27.899684641460162,0.25011787439613498,0.50804859809837633,0,0.50804859809837633,0.0025402429904918815,0.0025370193034936765,,,,,,,
heating_tau_search,continuous_load,heating_tau_s,43,41,5,true,28.06290301035034,0.25012082125603835,0.536174007416375,0,0.536174007416375,0.002680870037081875,0.0026772797141170796,,,,,,,
heating_tau_search,continuous_load,heating_tau_s,43,42,5,true,28.222369399983549,0.25012376811594172,0.56501552044236625,0,0.56501552044236625,0.0028250776022118312,0.0028210908256839497,,,,,,,
heating_tau_search,continuous_load,heating_tau_s,43,43,5,true,28.378170058914044,0.2501267149758451,0.59455848659557287,0,0.59455848659557287,0.0029727924329778642,0.0029683780609737606,,,,,,,
heating_tau_search,continuous_load,heating_tau_s,43,44,5,true,28.530389253059028,0.25012966183574847,0.62478709308463276,0,0.62478709308463276,0.003123935465423164,0.0031190610561282152,,,,,,,
heating_tau_search,continuous_load,heating_tau_s,43,45,5,true,28.679109311274473,0.25013260869565185,0.65568442504825009,0,0.65568442504825009,0.0032784221252412506,0.0032730539673904557,,,,,,,
heating_tau_search,continuous_load,heating_tau_s,43,46,5,true,28.824410669883289,0.25013555555555522,0.68723252820160985,0,0.68723252820160985,0.0034361626410080491,0.0034302657902733126,,,,,,,
heating_tau_search,continuous_load,heating_tau_s,43,47,5,true,28.966371916179892,0.2501385024154586,0.71941247357617388,0,0.71941247357617388,0.0035970623678808697,0.0035906006890507607,,,,,,,
heating_tau_search,continuous_load,heating_tau_s,43,48,5,true,29.10506983093471,0.25014144927536197,0.75220442394897613,0,0.75220442394897613,0.0037610221197448808,0.0037539583345112858,,,,,,,
heating_tau_search,continuous_load,heating_tau_s,43,49,5,true,29.240579429921617,0.25014439613526535,0.78558770156852376,0,0.78558770156852376,0.0039279385078426193,0.0039202342479692552,,,,,,,
heating_tau_search,continuous_load,heating_tau_s,43,50,5,true,29.372974004490771,0.25014734299516872,0.81954085679766209,0,0.81954085679766209,0.0040977042839883109,0.0040893201495994106,,,,,,,
heating_tau_search,continuous_load,heating_tau_s,43,51,6,true,29.502325161208759,0.25015028985507209,0.8540417373088941,0,0.8540417373088941,0.0042702086865444707,0.0042611043092383961,,,,,,,
heating_tau_search,continuous_load,heating_tau_s,43,52,6,true,29.628702860587538,0.25015323671497547,0.88906755748451261,0,0.88906755748451261,0.0044453377874225635,0.0044354718978848965,,,,,,,
heating_tau_search,continuous_load,heating_tau_s,43,53,6,true,29.752175454923076,0.25015618357487884,0.92459496769207139,0,0.92459496769207139,0.0046229748384603569,0.0046123053382243579,,,,,,,
heating_tau_search,continuous_load,heating_tau_s,43,54,6,true,29.872809725264194,0.25015913043478222,0.96060012312510301,0,0.96060012312510301,0.004803000615625515,0.004791484652604895,,,,,,,
heating_tau_search,continuous_load,heating_tau_s,43,55,6,true,29.990670917531581,0.25016207729468559,0.99705875191915827,0,0.99705875191915827,0.0049852937595957917,0.0049728878069955455,,,,,,,
heating_tau_search,continuous_load,heating_tau_s,43,56,6,true,30.105822777806523,0.25016502415458897,1,0,1,0.0050000000000000001,1,,,,,,,
heating_tau_search,continuous_load,heating_tau_s,43,57,6,true,30.218327586808435,0.25016797101449234,1,0,1,0.0050000000000000001,1,,,,,,,
heating_tau_search,continuous_load,heating_tau_s,43,58,6,true,30.328246193579837,0.25017091787439572,1,0,1,0.0050000000000000001,1,,,,,,,
heating_tau_search,continuous_load,heating_tau_s,43,59,6,true,30.435638048396996,0.25017386473429909,1,0,1,0.0050000000000000001,1,,,,,,,
heating_tau_search,continuous_load,heating_tau_s,43,60,6,true,30.540561234924056,0.25017681159420246,1,0,1,0.0050000000000000001,1,,,,,,,
heating_tau_search,continuous_load,heating_tau_s,43,61,7,true,30.643072501627991,0.25017975845410584,1,0,1,0.0050000000000000001,1,,,,,,,
heating_tau_search,continuous_load,heating_tau_s,43,62,7,true,30.743227292471431,0.25018270531400921,1,0,1,0.0050000000000000001,1,,,,,,,
heating_tau_search,continuous_load,heating_tau_s,43,63,7,true,30.841079776899942,0.25018565217391259,1,0,1,0.0050000000000000001,1,,,,,,,
heating_tau_search,continuous_load,heating_tau_s,43,64,7,true,30.936682879139948,0.25018859903381596,1,0,1,0.0050000000000000001,1,,,,,,,
heating_tau_search,continuous_load,heating_tau_s,43,65,7,true,31.030088306823188,0.25019154589371934,1,0,1,0.0050000000000000001,1,,,,,,,
heating_tau_search,continuous_load,heating_tau_s,43,66,7,true,31.121346578953176,0.25019449275362271,1,0,1,0.0050000000000000001,1,,,,,,,
heating_tau_search,continuous_load,heating_tau_s,43,67,7,true,31.210507053228753,0.25019743961352608,1,0,1,0.0050000000000000001,1,,,,,,,
heating_tau_search,continuous_load,heating_tau_s,43,68,7,true,31.297617952739564,0.25020038647342946,1,0,1,0.0050000000000000001,1,,,,,,,
heating_tau_search,continuous_load,heating_tau_s,43,69,7,true,31.382726392047871,0.25020333333333283,1,0,1,0.0050000000000000001,1,,,,,,,
heating_tau_search,continuous_load,heating_tau_s,43,70,7,true,31.465878402670796,0.25020628019323621,1,0,1,0.0050000000000000001,1,,,,,,,
heating_tau_search,continuous_load,heating_tau_s,43,71,8,true,31.547118957976814,0.25020922705313958,1,0,1,0.0050000000000000001,1,,,,,,,
heating_tau_search,continuous_load,heating_tau_s,43,72,8,true,31.626491997509909,0.25021217391304296,1,0,1,0.0050000000000000001,1,,,,,,,
heating_tau_search,continuous_load,heating_tau_s,43,73,8,true,31.704040450754615,0.25021512077294633,1,0,1,0.0050000000000000001,1,,,,,,,
heating_tau_search,continuous_load,heating_tau_s,43,74,8,true,31.779806260354718,0.25021806763284971,1,0,1,0.0050000000000000001,1,,,,,,,
heating_tau_search,continuous_load,heating_tau_s,43,75,8,true,31.853830404798259,0.25022101449275308,1,0,1,0.0050000000000000001,1,,,,,,,
heating_tau_search,continuous_load,heating_tau_s,43,76,8,true,31.926152920581035,0.25022396135265645,1,0,1,0.0050000000000000001,1,,,,,,,
heating_tau_search,continuous_load,heating_tau_s,43,77,8,true,31.996812923860631,0.25022690821255983,1,0,1,0.0050000000000000001,1,,,,,,,
heating_tau_search,continuous_load,heating_tau_s,43,78,8,true,32.065848631612674,0.2502298550724632,1,0,1,0.0050000000000000001,1,,,,,,,
heating_tau_search,continuous_load,heating_tau_s,43,79,8,true,32.133297382300775,0.25023280193236658,1,0,1,0.0050000000000000001,1,,,,,,,
heating_tau_search,continuous_load,heating_tau_s,43,80,8,true,32.199195656071289,0.25023574879226995,1,0,1,0.0050000000000000001,1,,,,,,,
heating_tau_search,continuous_load,heating_tau_s,43,81,9,true,32.263579094483887,0.25023869565217333,1,0,1,0.0050000000000000001,1,,,,,,,
heating_tau_search,continuous_load,heating_tau_s,43,82,9,true,32.326482519788527,0.2502416425120767,1,0,1,0.0050000000000000001,1,,,,,,,
heating_tau_search,continuous_load,heating_tau_s,43,83,9,true,32.38793995375935,0.25024458937198008,1,0,1,0.0050000000000000001,1,,,,,,,
heating_tau_search,continuous_load,heating_tau_s,43,84,9,true,32.447984636095583,0.25024753623188345,1,0,1,0.0050000000000000001,1,,,,,,,
heating_tau_search,continuous_load,heating_tau_s,43,85,9,true,32.506649042399474,0.25025048309178682,1,0,1,0.0050000000000000001,1,,,,,,,
heating_tau_search,continuous_load,heating_tau_s,43,86,9,true,32.563964901740967,0.2502534299516902,1,0,1,0.0050000000000000001,1,,,,,,,
heating_tau_search,continuous_load,heating_tau_s,43,87,9,true,32.619963213818593,0.25025637681159357,1,0,1,0.0050000000000000001,1,,,,,,,
heating_tau_search,continuous_load,heating_tau_s,43,88,9,true,32.674674265725876,0.25025932367149695,1,0,1,0.0050000000000000001,1,,,,,,,
heating_tau_search,continuous_load,heating_tau_s,43,89,9,true,32.72812764833234,0.25026227053140032,1,0,1,0.0050000000000000001,1,,,,,,,
heating_tau_search,continuous_load,heating_tau_s,43,90,9,true,32.780352272287935,0.2502652173913037,1,0,1,0.0050000000000000001,1,,,,,,,
heating_tau_search,continuous_load,heating_tau_s,43,91,10,true,32.831376383659581,0.25026816425120707,1,0,1,0.0050000000000000001,1,,,,,,,
heating_tau_search,continuous_load,heating_tau_s,43,92,10,true,32.88122757920825,0.25027111111111044,1,0,1,0.0050000000000000001,1,,,,,,,
heating_tau_search,continuous_load,heating_tau_s,43,93,10,true,32.929932821314878,0.25027405797101382,1,0,1,0.0050000000000000001,1,,,,,,,
heating_tau_search,continuous_load,heating_tau_s,43,94,10,true,32.977518452563174,0.25027700483091719,1,0,1,0.0050000000000000001,1,,,,,,,
heating_tau_search,continuous_load,heating_tau_s,43,95,10,true,33.024010209987175,0.25027995169082057,1,0,1,0.0050000000000000001,1,,,,,,,
heating_tau_search,continuous_load,heating_tau_s,43,96,10,true,33.069433238991323,0.25028289855072394,1,0,1,0.0050000000000000001,1,,,,,,,
heating_tau_search,continuous_load,heating_tau_s,43,97,10,true,33.11381210695054,0.25028584541062732,1,0,1,0.0050000000000000001,1,,,,,,,
heating_tau_search,continuous_load,heating_tau_s,43,98,10,true,33.157170816497668,0.25028879227053069,1,0,1,0.0050000000000000001,1,,,,,,,
heating_tau_search,continuous_load,heating_tau_s,43,99,10,true,33.199532818505467,0.25029173913043407,1,0,1,0.0050000000000000001,1,,,,,,,
heating_tau_search,continuous_load,heating_tau_s,43,100,10,true,33.240921024770188,0.25029468599033744,1,0,1,0.0050000000000000001,1,,,,,,,
heating_tau_search,continuous_load,heating_tau_s,43,101,11,true,33.281357820403592,0.25029763285024081,1,0,1,0.0050000000000000001,1,,,,,,,
heating_tau_search,continuous_load,heating_tau_s,43,102,11,true,33.320865075940091,0.25030057971014419,1,0,1,0.0050000000000000001,1,,,,,,,
heating_tau_search,continuous_load,heating_tau_s,43,103,11,true,33.35946415916559,0.25030352657004756,1,0,1,0.0050000000000000001,1,,,,,,,
heating_tau_search,continuous_load,heating_tau_s,43,104,11,true,33.397175946674409,0.25030647342995094,1,0,1,0.0050000000000000001,1,,,,,,,
heating_tau_search,continuous_load,heating_tau_s,43,105,11,true,33.434020835160538,0.25030942028985431,1,0,1,0.0050000000000000001,1,,,,,,,
heating_tau_search,continuous_load,heating_tau_s,43,106,11,true,33.470018752449334,0.25031236714975769,1,0,1,0.0050000000000000001,1,,,,,,,
heating_tau_search,continuous_load,heating_tau_s,43,107,11,true,33.505189168275642,0.25031531400966106,1,0,1,0.0050000000000000001,1,,,,,,,
heating_tau_search,continuous_load,heating_tau_s,43,108,11,true,33.53955110481413,0.25031826086956444,1,0,1,0.0050000000000000001,1,,,,,,,
heating_tau_search,continuous_load,heating_tau_s,43,109,11,true,33.573123146967582,0.25032120772946781,1,0,1,0.0050000000000000001,1,,,,,,,
heating_tau_search,continuous_load,heating_tau_s,43,110,11,true,33.605923452418665,0.25032415458937118,1,0,1,0.0050000000000000001,1,,,,,,,
heating_tau_search,continuous_load,heating_tau_s,43,111,12,true,33.637969761450641,0.25032710144927456,1,0,1,0.0050000000000000001,1,,,,,,,
heating_tau_search,continuous_load,heating_tau_s,43,112,12,true,33.669279406542351,0.25033004830917793,1,0,1,0.0050000000000000001,1,,,,,,,
heating_tau_search,continuous_load,heating_tau_s,43,113,12,true,33.699869321742597,0.25033299516908131,1,0,1,0.0050000000000000001,1,,,,,,,
heating_tau_search,continuous_load,heating_tau_s,43,114,12,true,33.729756051829028,0.25033594202898468,1,0,1,0.0050000000000000001,1,,,,,,,
heating_tau_search,continuous_load,heating_tau_s,43,115,12,true,33.758955761256544,0.25033888888888806,1,0,1,0.0050000000000000001,1,,,,,,,
heating_tau_search,continuous_load,heating_tau_s,43,116,12,true,33.787484242899914,0.25034183574879143,1,0,1,0.0050000000000000001,1,,,,,,,
heating_tau_search,continuous_load,heating_tau_s,43,117,12,true,33.815356926595506,0.2503447826086948,1,0,1,0.0050000000000000001,1,,,,,,,
heating_tau_search,continuous_load,heating_tau_s,43,118,12,true,33.842588887486592,0.25034772946859818,1,0,1,0.0050000000000000001,1,,,,,,,
heating_tau_search,continuous_load,heating_tau_s,43,119,12,true,33.869194854176875,0.25035067632850155,1,0,1,0.0050000000000000001,1,,,,,,,
heating_tau_search,continuous_load,heating_tau_s,43,120,12,true,33.895189216696544,0.25035362318840493,1,0,1,0.0050000000000000001,1,,,,,,,
heating_tau_search,continuous_load,heating_tau_s,47,1,1,true,17.378933223950543,0.25000294685990337,0,0,0,0,0,,,,,,,
heating_tau_search,continuous_load,heating_tau_s,47,2,1,true,17.749889204111444,0.25000589371980675,0,0,0,0,0,,,,,,,
heating_tau_search,continuous_load,heating_tau_s,47,3,1,true,18.113035876188672,0.25000884057971012,0,0,0,0,0,,,,,,,
heating_tau_search,continuous_load,heating_tau_s,47,4,1,true,18.468537640531615,0.2500117874396135,0,0,0,0,0,,,,,,,
heating_tau_search,continuous_load,heating_tau_s,47,5,1,true,18.816555436558861,0.25001473429951687,0,0,0,0,0,,,,,,,
heating_tau_search,continuous_load,heating_tau_s,47,6,1,true,19.157246815617174,0.25001768115942025,0,0,0,0,0,,,,,,,
heating_tau_search,continuous_load,heating_tau_s,47,7,1,true,19.490766012306672,0.25002062801932362,0,0,0,0,0,,,,,,,
heating_tau_search,continuous_load,heating_tau_s,47,8,1,true,19.817264014304449,0.250023574879227,0,0,0,0,0,,,,,,,
heating_tau_search,continuous_load,heating_tau_s,47,9,1,true,20.13688863071831,0.25002652173913037,0.0021965053505420442,0,0.0021965053505420551,1.0982526752710275e-05,1.0982466444984116e-05,,,,,,,
heating_tau_search,continuous_load,heating_tau_s,47,10,1,true,20.449784559001525,0.25002946859903374,0.0075692296883732397,0,0.0075692296883732579,3.7846148441866292e-05,3.7845432285424966e-05,,,,,,,
heating_tau_search,continuous_load,heating_tau_s,47,11,2,true,20.756093450458888,0.25003241545893712,0.013340683098008335,0,0.013340683098008288,6.6703415490041435e-05,6.6701190866686019e-05,,,,,,,
heating_tau_search,continuous_load,heating_tau_s,47,12,2,true,21.055953974373772,0.25003536231884049,0.019528349990908408,0,0.019528349990908356,9.7641749954541782e-05,9.7636983154022195e-05,,,,,,,
heating_tau_search,continuous_load,heating_tau_s,47,13,2,true,21.349501880785176,0.25003830917874387,0.026149563902226402,0,0.026149563902226447,0.00013074781951113223,0.00013073927238748875,,,,,,,
heating_tau_search,continuous_load,heating_tau_s,47,14,2,true,21.636870061943227,0.25004125603864724,0.033221441947030174,0,0.033221441947030139,0.00016610720973515069,0.00016609341469641672,,,,,,,
heating_tau_search,continuous_load,heating_tau_s,47,15,2,true,21.918188612470885,0.25004420289855062,0.040760819264132817,0,0.040760819264132775,0.00020380409632066388,0.000203783329676625,,,,,,,
heating_tau_search,continuous_load,heating_tau_s,47,16,2,true,22.193584888259181,0.25004714975845399,0.048784183867390869,0,0.048784183867390918,0.00024392091933695458,0.00024389117304813936,,,,,,,
heating_tau_search,continuous_load,heating_tau_s,47,17,2,true,22.463183564122566,0.25005009661835736,0.057307612316926243,0,0.057307612316926271,0.00028653806158463136,0.00028649701347497188,,,,,,,
heating_tau_search,continuous_load,heating_tau_s,47,18,2,true,22.727106690240522,0.25005304347826074,0.066346706611522407,0,0.066346706611522421,0.00033173353305761212,0.00033167851557301773,,,,,,,
heating_tau_search,continuous_load,heating_tau_s,47,19,2,true,22.985473747410978,0.25005599033816411,0.075916532688687074,0,0.075916532688687033,0.00037958266344343517,0.00037951063105861157,,,,,,,
heating_tau_search,continuous_load,heating_tau_s,47,20,2,true,23.238401701140532,0.25005893719806749,0.086031560900861892,0,0.086031560900861948,0.00043015780450430976,0.00043006529990025636,,,,,,,
heating_tau_search,continuous_load,heating_tau_s,47,21,3,true,23.486005054595978,0.25006188405797086,0.096705608815318977,0,0.096705608815318977,0.00048352804407659491,0.00048341116323103855,,,,,,,
heating_tau_search,continuous_load,heating_tau_s,47,22,3,true,23.7283959004411,0.25006483091787424,0.10795178666174851,0,0.10795178666174854,0.00053975893330874267,0.00053961328966103126,,,,,,,
heating_tau_search,continuous_load,heating_tau_s,47,23,3,true,23.965683971582212,0.25006777777777761,0.1197824457257845,0,0.11978244572578456,0.00059891222862892282,0.00059873291649931778,,,,,,,
heating_tau_search,continuous_load,heating_tau_s,47,24,3,true,24.197976690845408,0.25007072463768099,0.13220912995909012,0,0.13220912995909018,0.00066104564979545092,0.00066082720725604241,,,,,,,
heating_tau_search,continuous_load,heating_tau_s,47,25,3,true,24.425379219608011,0.25007367149758436,0.14524253104751236,0,0.14524253104751239,0.00072621265523756197,0.00072594902664791623,,,,,,,
heating_tau_search,continuous_load,heating_tau_s,47,26,3,true,24.647994505406253,0.25007661835748773,0.15889244714858541,0,0.15889244714858541,0.00079446223574292704,0.00079414673417780701,,,,,,,
heating_tau_search,continuous_load,heating_tau_s,47,27,3,true,24.865923328540703,0.25007956521739111,0.17316774547866767,0,0.17316774547866765,0.00086583872739333823,0.00086546399720218489,,,,,,,
heating_tau_search,continuous_load,heating_tau_s,47,28,3,true,25.079264347700594,0.25008251207729448,0.18807632889860604,0,0.18807632889860604,0.00094038164449303024,0.00093993962424114823,,,,,,,
heating_tau_search,continuous_load,heating_tau_s,47,29,3,true,25.288114144627642,0.25008545893719786,0.20362510661534419,0,0.20362510661534416,0.0010181255330767209,0.001017607419126101,,,,,,,
heating_tau_search,continuous_load,heating_tau_s,47,30,3,true,25.49256726783964,0.25008840579710123,0.21981996908567633,0,0.21981996908567636,0.0010990998454283819,0.0010984960564216655,,,,,,,
heating_tau_search,continuous_load,heating_tau_s,47,31,4,true,25.692716275433554,0.25009135265700461,0.23666576717764812,0,0.23666576717764809,0.0011833288358882406,0.001182628978402386,,,,,,,
heating_tau_search,continuous_load,heating_tau_s,47,32,4,true,25.888651776987576,0.25009429951690798,0.25416629561524662,0,0.25416629561524662,0.0012708314780762332,0.0012700243137128996,,,,,,,
heating_tau_search,continuous_load,heating_tau_s,47,33,4,true,26.080462474581029,0.25009724637681136,0.27232428070317388,0,0.27232428070317383,0.0013616214035158691,0.0013606948176933574,,,,,,,
heating_tau_search,continuous_load,heating_tau_s,47,34,4,true,26.268235202950741,0.25010019323671473,0.29114137230095916,0,0.29114137230095916,0.0014557068615047959,0.0014546478342115775,,,,,,,
heating_tau_search,continuous_load,heating_tau_s,47,35,4,true,26.452054968802059,0.2501031400966181,0.31061813998955989,0,0.31061813998955989,0.0015530906999477994,0.001551885278710263,,,,,,,
heating_tau_search,continuous_load,heating_tau_s,47,36,4,true,26.632004989292273,0.25010608695652148,0.33075407334911666,0,0.33075407334911666,0.0016537703667455833,0.0016524036420527059,,,,,,,
heating_tau_search,continuous_load,heating_tau_s,47,37,4,true,26.808166729703913,0.25010903381642485,0.35154758624380872,0,0.35154758624380866,0.0017577379312190434,0.0017561940146343569,,,,,,,
heating_tau_search,continuous_load,heating_tau_s,47,38,4,true,26.980619940324949,0.25011198067632823,0.37299602498887907,0,0.37299602498887907,0.0018649801249443953,0.0018632421301210068,,,,,,,
heating_tau_search,continuous_load,heating_tau_s,47,39,4,true,27.149442692552583,0.2501149275362316,0.39509568025595693,0,0.39509568025595687,0.0019754784012797843,0.0019735284280774932,,,,,,,
heating_tau_search,continuous_load,heating_tau_s,47,40,4,true,27.314711414237003,0.25011787439613498,0.41784180255586695,0,0.417841802555867,0.0020892090127793352,0.0020870281346642493,,,,,,,
heating_tau_search,continuous_load,heating_tau_s,47,41,5,true,27.476500924281083,0.25012082125603835,0.44122862112317573,0,0.44122862112317573,0.0022061431056158787,0.002203711360502604,,,,,,,
heating_tau_search,continuous_load,heating_tau_s,47,42,5,true,27.6348844665117,0.25012376811594172,0.46524936601381395,0,0.46524936601381395,0.0023262468300690696,0.0023235432147437306,,,,,,,
heating_tau_search,continuous_load,heating_tau_s,47,43,5,true,27.789933742837974,0.2501267149758451,0.48989629321621803,0,0.48989629321621808,0.0024494814660810903,0.0024464839343204202,,,,,,,
heating_tau_search,continuous_load,heating_tau_s,47,44,5,true,27.941718945711497,0.25012966183574847,0.51516071256751583,0,0.51516071256751583,0.0025758035628375793,0.0025724890273153122,,,,,,,
heating_tau_search,continuous_load,heating_tau_s,47,45,5,true,28.090308789903197,0.25013260869565185,0.54103301825926609,0,0.54103301825926609,0.0027051650912963306,0.0027015094293434193,,,,,,,
heating_tau_search,continuous_load,heating_tau_s,47,46,5,true,28.235770543611238,0.25013555555555522,0.56750272171214067,0,0.56750272171214067,0.0028375136085607034,0.0028334916718207427,,,,,,,
heating_tau_search,continuous_load,heating_tau_s,47,47,5,true,28.378170058914051,0.2501385024154586,0.59455848659557464,0,0.59455848659557464,0.0029727924329778733,0.0029683780609737697,,,,,,,
heating_tau_search,continuous_load,heating_tau_s,47,48,5,true,28.517571801582271,0.25014144927536197,0.62218816576674119,0,0.62218816576674119,0.0031109408288337061,0.0031061068664363705,,,,,,,
heating_tau_search,continuous_load,heating_tau_s,47,49,5,true,28.654038880263066,0.25014439613526535,0.65037883990315537,0,0.65037883990315537,0.0032518941995157771,0.003246612518280676,,,,,,,
heating_tau_search,continuous_load,heating_tau_s,47,50,5,true,28.787633075050106,0.25014734299516872,0.67911685760461471,0,0.67911685760461471,0.0033955842880230738,0.0033898258113360864,,,,,,,
heating_tau_search,continuous_load,heating_tau_s,47,51,6,true,28.91841486545205,0.25015028985507209,0.70838787674299641,0,0.70838787674299641,0.0035419393837149821,0.0035356741156653926,,,,,,,
heating_tau_search,continuous_load,heating_tau_s,47,52,6,true,29.04644345777227,0.25015323671497547,0.73817690684248782,0,0.73817690684248782,0.0036908845342124392,0.0036840815920882622,,,,,,,
heating_tau_search,continuous_load,heating_tau_s,47,53,6,true,29.171776811912171,0.25015618357487884,0.76846835227803822,0,0.76846835227803822,0.0038423417613901913,0.0038349694116695575,,,,,,,
heating_tau_search,continuous_load,heating_tau_s,47,54,6,true,29.294471667610249,0.25015913043478222,0.7992460560860436,0,0.7992460560860436,0.003996230280430218,0.0039882559781224012,,,,,,,
heating_tau_search,continuous_load,heating_tau_s,47,55,6,true,29.414583570128784,0.25016207729468559,0.83049334418844978,0,0.83049334418844978,0.0041524667209422491,0.0041438571521132611,,,,,,,
heating_tau_search,continuous_load,heating_tau_s,47,56,6,true,29.532166895399751,0.25016502415458897,0.86219306983934574,0,0.86219306983934574,0.0043109653491967288,0.0043016864764973285,,,,,,,
heating_tau_search,continuous_load,heating_tau_s,47,57,6,true,29.647274874641401,0.25016797101449234,0.89432765811180293,0,0.89432765811180293,0.0044716382905590144,0.0044616554015576154,,,,,,,
heating_tau_search,continuous_load,heating_tau_s,47,58,6,true,29.759959618456577,0.25017091787439572,0.92687915025182688,0,0.92687915025182688,0.0046343957512591342,0.0046236735093684971,,,,,,,
heating_tau_search,continuous_load,heating_tau_s,47,59,6,true,29.870272140423758,0.25017386473429909,0.95982924773600331,0,0.95982924773600331,0.0047991462386800165,0.004787648736454847,,,,,,,
heating_tau_search,continuous_load,heating_tau_s,47,60,6,true,29.978262380191431,0.25017681159420246,0.99315935587937365,0,0.99315935587937365,0.004965796779396868,0.0049534875939695562,,,,,,,
heating_tau_search,continuous_load,heating_tau_s,47,61,7,true,30.083979226086306,0.25017975845410584,1,0,1,0.0050000000000000001,1,,,,,,,
heating_tau_search,continuous_load,heating_tau_s,47,62,7,true,30.187470537245581,0.25018270531400921,1,0,1,0.0050000000000000001,1,,,,,,,
heating_tau_search,continuous_load,heating_tau_s,47,63,7,true,30.288783165283277,0.25018565217391259,1,0,1,0.0050000000000000001,1,,,,,,,
heating_tau_search,continuous_load,heating_tau_s,47,64,7,true,30.387962975500461,0.25018859903381596,1,0,1,0.0050000000000000001,1,,,,,,,
heating_tau_search,continuous_load,heating_tau_s,47,65,7,true,30.485054867648955,0.25019154589371934,1,0,1,0.0050000000000000001,1,,,,,,,
heating_tau_search,continuous_load,heating_tau_s,47,66,7,true,30.580102796257933,0.25019449275362271,1,0,1,0.0050000000000000001,1,,,,,,,
heating_tau_search,continuous_load,heating_tau_s,47,67,7,true,30.673149790532598,0.25019743961352608,1,0,1,0.0050000000000000001,1,,,,,,,
heating_tau_search,continuous_load,heating_tau_s,47,68,7,true,30.764237973833964,0.25020038647342946,1,0,1,0.0050000000000000001,1,,,,,,,
heating_tau_search,continuous_load,heating_tau_s,47,69,7,true,30.853408582748543,0.25020333333333283,1,0,1,0.0050000000000000001,1,,,,,,,
heating_tau_search,continuous_load,heating_tau_s,47,70,7,true,30.940701985756583,0.25020628019323621,1,0,1,0.0050000000000000001,1,,,,,,,
heating_tau_search,continuous_load,heating_tau_s,47,71,8,true,31.026157701507323,0.25020922705313958,1,0,1,0.0050000000000000001,1,,,,,,,
heating_tau_search,continuous_load,heating_tau_s,47,72,8,true,31.109814416709483,0.25021217391304296,1,0,1,0.0050000000000000001,1,,,,,,,
heating_tau_search,continuous_load,heating_tau_s,47,73,8,true,31.191710003645159,0.25021512077294633,1,0,1,0.0050000000000000001,1,,,,,,,
heating_tau_search,continuous_load,heating_tau_s,47,74,8,true,31.271881537315011,0.25021806763284971,1,0,1,0.0050000000000000001,1,,,,,,,
heating_tau_search,continuous_load,heating_tau_s,47,75,8,true,31.350365312222497,0.25022101449275308,1,0,1,0.0050000000000000001,1,,,,,,,
heating_tau_search,continuous_load,heating_tau_s,47,76,8,true,31.427196858804788,0.25022396135265645,1,0,1,0.0050000000000000001,1,,,,,,,
heating_tau_search,continuous_load,heating_tau_s,47,77,8,true,31.502410959517771,0.25022690821255983,1,0,1,0.0050000000000000001,1,,,,,,,
heating_tau_search,continuous_load,heating_tau_s,47,78,8,true,31.576041664582441,0.2502298550724632,1,0,1,0.0050000000000000001,1,,,,,,,
heating_tau_search,continuous_load,heating_tau_s,47,79,8,true,31.648122307399781,0.25023280193236658,1,0,1,0.0050000000000000001,1,,,,,,,
heating_tau_search,continuous_load,heating_tau_s,47,80,8,true,31.718685519641166,0.25023574879226995,1,0,1,0.0050000000000000001,1,,,,,,,
heating_tau_search,continuous_load,heating_tau_s,47,81,9,true,31.787763246021054,0.25023869565217333,1,0,1,0.0050000000000000001,1,,,,,,,
heating_tau_search,continuous_load,heating_tau_s,47,82,9,true,31.855386758758701,0.2502416425120767,1,0,1,0.0050000000000000001,1,,,,,,,
heating_tau_search,continuous_load,heating_tau_s,47,83,9,true,31.92158667173543,0.25024458937198008,1,0,1,0.0050000000000000001,1,,,,,,,
heating_tau_search,continuous_load,heating_tau_s,47,84,9,true,31.986392954353853,0.25024753623188345,1,0,1,0.0050000000000000001,1,,,,,,,
heating_tau_search,continuous_load,heating_tau_s,47,85,9,true,32.049834945105339,0.25025048309178682,1,0,1,0.0050000000000000001,1,,,,,,,
heating_tau_search,continuous_load,heating_tau_s,47,86,9,true,32.111941364851866,0.2502534299516902,1,0,1,0.0050000000000000001,1,,,,,,,
heating_tau_search,continuous_load,heating_tau_s,47,87,9,true,32.172740329828251,0.25025637681159357,1,0,1,0.0050000000000000001,1,,,,,,,
heating_tau_search,continuous_load,heating_tau_s,47,88,9,true,32.23225936437067,0.25025932367149695,1,0,1,0.0050000000000000001,1,,,,,,,
heating_tau_search,continuous_load,heating_tau_s,47,89,9,true,32.290525413377225,0.25026227053140032,1,0,1,0.0050000000000000001,1,,,,,,,
heating_tau_search,continuous_load,heating_tau_s,47,90,9,true,32.347564854506174,0.2502652173913037,1,0,1,0.0050000000000000001,1,,,,,,,
heating_tau_search,continuous_load,heating_tau_s,47,91,10,true,32.403403510117379,0.25026816425120707,1,0,1,0.0050000000000000001,1,,,,,,,
heating_tau_search,continuous_load,heating_tau_s,47,92,10,true,32.458066658962373,0.25027111111111044,1,0,1,0.0050000000000000001,1,,,,,,,
heating_tau_search,continuous_load,heating_tau_s,47,93,10,true,32.511579047628302,0.25027405797101382,1,0,1,0.0050000000000000001,1,,,,,,,
heating_tau_search,continuous_load,heating_tau_s,47,94,10,true,32.563964901740988,0.25027700483091719,1,0,1,0.0050000000000000001,1,,,,,,,
heating_tau_search,continuous_load,heating_tau_s,47,95,10,true,32.6152479369321,0.25027995169082057,1,0,1,0.0050000000000000001,1,,,,,,,
heating_tau_search,continuous_load,heating_tau_s,47,96,10,true,32.665451369575493,0.25028289855072394,1,0,1,0.0050000000000000001,1,,,,,,,
heating_tau_search,continuous_load,heating_tau_s,47,97,10,true,32.714597927297497,0.25028584541062732,1,0,1,0.0050000000000000001,1,,,,,,,
heating_tau_search,continuous_load,heating_tau_s,47,98,10,true,32.762709859265968,0.25028879227053069,1,0,1,0.0050000000000000001,1,,,,,,,
heating_tau_search,continuous_load,heating_tau_s,47,99,10,true,32.809808946262699,0.25029173913043407,1,0,1,0.0050000000000000001,1,,,,,,,
heating_tau_search,continuous_load,heating_tau_s,47,100,10,true,32.855916510543828,0.25029468599033744,1,0,1,0.0050000000000000001,1,,,,,,,
heating_tau_search,continuous_load,heating_tau_s,47,101,11,true,32.901053425492648,0.25029763285024081,1,0,1,0.0050000000000000001,1,,,,,,,
heating_tau_search,continuous_load,heating_tau_s,47,102,11,true,32.945240125069205,0.25030057971014419,1,0,1,0.0050000000000000001,1,,,,,,,
heating_tau_search,continuous_load,heating_tau_s,47,103,11,true,32.988496613060967,0.25030352657004756,1,0,1,0.0050000000000000001,1,,,,,,,
heating_tau_search,continuous_load,heating_tau_s,47,104,11,true,33.030842472138758,0.25030647342995094,1,0,1,0.0050000000000000001,1,,,,,,,
heating_tau_search,continuous_load,heating_tau_s,47,105,11,true,33.072296872722035,0.25030942028985431,1,0,1,0.0050000000000000001,1,,,,,,,
heating_tau_search,continuous_load,heating_tau_s,47,106,11,true,33.112878581657533,0.25031236714975769,1,0,1,0.0050000000000000001,1,,,,,,,
heating_tau_search,continuous_load,heating_tau_s,47,107,11,true,33.152605970715236,0.25031531400966106,1,0,1,0.0050000000000000001,1,,,,,,,
heating_tau_search,continuous_load,heating_tau_s,47,108,11,true,33.191497024905452,0.25031826086956444,1,0,1,0.0050000000000000001,1,,,,,,,
heating_tau_search,continuous_load,heating_tau_s,47,109,11,true,33.229569350620828,0.25032120772946781,1,0,1,0.0050000000000000001,1,,,,,,,
heating_tau_search,continuous_load,heating_tau_s,47,110,11,true,33.266840183606945,0.25032415458937118,1,0,1,0.0050000000000000001,1,,,,,,,
heating_tau_search,continuous_load,heating_tau_s,47,111,12,true,33.303326396765129,0.25032710144927456,1,0,1,0.0050000000000000001,1,,,,,,,
heating_tau_search,continuous_load,heating_tau_s,47,112,12,true,33.339044507790994,0.25033004830917793,1,0,1,0.0050000000000000001,1,,,,,,,
heating_tau_search,continuous_load,heating_tau_s,47,113,12,true,33.37401068665217,0.25033299516908131,1,0,1,0.0050000000000000001,1,,,,,,,
heating_tau_search,continuous_load,heating_tau_s,47,114,12,true,33.408240762908619,0.25033594202898468,1,0,1,0.0050000000000000001,1,,,,,,,
heating_tau_search,continuous_load,heating_tau_s,47,115,12,true,33.441750232878846,0.25033888888888806,1,0,1,0.0050000000000000001,1,,,,,,,
heating_tau_search,continuous_load,heating_tau_s,47,116,12,true,33.474554266655254,0.25034183574879143,1,0,1,0.0050000000000000001,1,,,,,,,
heating_tau_search,continuous_load,heating_tau_s,47,117,12,true,33.506667714971805,0.2503447826086948,1,0,1,0.0050000000000000001,1,,,,,,,
heating_tau_search,continuous_load,heating_tau_s,47,118,12,true,33.538105115927088,0.25034772946859818,1,0,1,0.0050000000000000001,1,,,,,,,
heating_tau_search,continuous_load,heating_tau_s,47,119,12,true,33.568880701565895,0.25035067632850155,1,0,1,0.0050000000000000001,1,,,,,,,
heating_tau_search,continuous_load,heating_tau_s,47,120,12,true,33.599008404322198,0.25035362318840493,1,0,1,0.0050000000000000001,1,,,,,,,
cooling_tau_search,cool_from_critical,cooling_tau_s,20,1,,false,29.365982518509284,0.25,0.81771393374673873,0,0.81771393374673873,0.0040885696687336937,0.0040802228471608975,,,,,,,
cooling_tau_search,cool_from_critical,cooling_tau_s,20,2,,false,28.762886434467475,0.25,0.67370622323173657,0,0.67370622323173657,0.0033685311161586831,0.00336286398031208,,,,,,,
cooling_tau_search,cool_from_critical,cooling_tau_s,20,3,,false,28.189203693525752,0.25,0.55890291643875956,0,0.55890291643875956,0.0027945145821937976,0.0027906135609850409,,,,,,,
cooling_tau_search,cool_from_critical,cooling_tau_s,20,4,,false,27.643499790013763,0.25,0.4665890003773992,0,0.46658900037739914,0.0023329450018869957,0.0023302258006893985,,,,,,,
cooling_tau_search,cool_from_critical,cooling_tau_s,20,5,,false,27.124410179928262,0.25,0.39174771711848083,0,0.39174771711848089,0.0019587385855924047,0.0019568215090572708,,,,,,,
cooling_tau_search,cool_from_critical,cooling_tau_s,20,6,,false,26.630636868862332,0.25,0.33059684710863485,0,0.33059684710863491,0.0016529842355431745,0.0016516188095478685,,,,,,,
cooling_tau_search,cool_from_critical,cooling_tau_s,20,7,,false,26.160945166343275,0.25,0.28025999973633486,0,0.28025999973633486,0.0014012999986816744,0.0014003186362864203,,,,,,,
cooling_tau_search,cool_from_critical,cooling_tau_s,20,8,,false,25.714160598463309,0.25,0.23853137998452426,0,0.23853137998452423,0.0011926568999226211,0.0011919459673431247,,,,,,,
cooling_tau_search,cool_from_critical,cooling_tau_s,20,9,,false,25.289165971083051,0.25,0.20370590619889753,0,0.2037059061988975,0.0010185295309944875,0.0010180110058510652,,,,,,,
cooling_tau_search,cool_from_critical,cooling_tau_s,20,10,,false,24.884898576264234,0.25,0.17445544381717482,0,0.17445544381717482,0.00087227721908587409,0.00087189689590285986,,,,,,,
cooling_tau_search,cool_from_critical,cooling_tau_s,20,11,,false,24.500347534946329,0.25,0.14973787429808436,0,0.14973787429808438,0.00074868937149042195,0.00074840917353437037,,,,,,,
cooling_tau_search,cool_from_critical,cooling_tau_s,20,12,,false,24.134551269222346,0.25,0.12872974546346552,0,0.12872974546346549,0.00064364872731732749,0.00064344162991028281,,,,,,,
cooling_tau_search,cool_from_critical,cooling_tau_s,20,13,,false,23.786595097893212,0.25,0.11077599839531001,0,0.11077599839531005,0.00055387999197655023,0.00055372662877003836,,,,,,,
cooling_tau_search,cool_from_critical,cooling_tau_s,20,14,,false,23.455608949288326,0.25,0.095352159439113765,0,0.095352159439113793,0.00047676079719556895,0.00047664716482590148,,,,,,,
cooling_tau_search,cool_from_critical,cooling_tau_s,20,15,,false,23.140765185633192,0.25,0.082035701339132475,0,0.082035701339132516,0.00041017850669566262,0.00041009439499264906,,,,,,,
cooling_tau_search,cool_from_critical,cooling_tau_s,20,16,,false,22.841276533523882,0.25,0.07048419913238331,0,0.070484199132383352,0.00035242099566191678,0.00035235890267732979,,,,,,,
cooling_tau_search,cool_from_critical,cooling_tau_s,20,17,,false,22.556394115333447,0.25,0.060418557305238721,0,0.060418557305238707,0.00030209278652619352,0.00030204716109484482,,,,,,,
cooling_tau_search,cool_from_critical,cooling_tau_s,20,18,,false,22.285405576627788,0.25,0.051610047979654433,0,0.051610047979654405,0.00025805023989827205,0.00025801694779885591,,,,,,,
cooling_tau_search,cool_from_critical,cooling_tau_s,20,19,,false,22.027633304908516,0.25,0.043870232106215108,0,0.043870232106215101,0.0002193511605310755,0.00021932710482417691,,,,,,,
cooling_tau_search,cool_from_critical,cooling_tau_s,20,20,,false,21.782432735228753,0.25,0.037043075603165214,0,0.037043075603165221,0.0001852153780158261,0.00018519822670661108,,,,,,,
cooling_tau_search,cool_from_critical,cooling_tau_s,20,21,,false,21.54919073844502,0.25,0.030998746926467705,0,0.030998746926467757,0.00015499373463233879,0.00015498172372399767,,,,,,,
cooling_tau_search,cool_from_critical,cooling_tau_s,20,22,,false,21.327324088075034,0.25,0.025628710379812691,0,0.025628710379812736,0.00012814355189906369,0.00012813534186480844,,,,,,,
cooling_tau_search,cool_from_critical,cooling_tau_s,20,23,,false,21.116278001927693,0.25,0.020841823695362974,0,0.020841823695363026,0.00010420911847681513,0.00010420368889523387,,,,,,,
cooling_tau_search,cool_from_critical,cooling_tau_s,20,24,,false,20.91552475485863,0.25,0.016561218309221668,0,0.016561218309221637,8.2806091546108184e-05,8.2802663216339131e-05,,,,,,,
cooling_tau_search,cool_from_critical,cooling_tau_s,20,25,,false,20.724562359182475,0.25,0.012721792919703488,0,0.012721792919703434,6.3608964598517169e-05,6.3606941591222554e-05,,,,,,,
cooling_tau_search,cool_from_critical,cooling_tau_s,20,26,,false,20.542913309442167,0.25,0.009268190079494823,0,0.0092681900794948646,4.6340950397474323e-05,4.6339876672218331e-05,,,,,,,
cooling_tau_search,cool_from_critical,cooling_tau_s,20,27,,false,20.370123388396593,0.25,0.0061531551437311455,0,0.0061531551437311593,3.0765775718655795e-05,3.076530245703144e-05,,,,,,,
cooling_tau_search,cool_from_critical,cooling_tau_s,20,28,,false,20.205760531240887,0.25,0.0033361993482836552,0,0.0033361993482836638,1.6680996741418321e-05,1.668085761436577e-05,,,,,,,
cooling_tau_search,cool_from_critical,cooling_tau_s,20,29,,false,20.049413745219372,0.25,0.00078250593152315523,0,0.00078250593152318082,3.9125296576159045e-06,3.9125220036817257e-06,,,,,,,
cooling_tau_search,cool_from_critical,cooling_tau_s,20,30,,false,19.900692081929591,0.25,0,0,0,0,0,,,,,,,
cooling_tau_search,cool_from_critical,cooling_tau_s,20,31,,false,19.759223659747661,0.25,0,0,0,0,0,,,,,,,
cooling_tau_search,cool_from_critical,cooling_tau_s,20,32,,false,19.624654733930523,0.25,0,0,0,0,0,,,,,,,
cooling_tau_search,cool_from_critical,cooling_tau_s,20,33,,false,19.496648812069807,0.25,0,0,0,0,0,,,,,,,
cooling_tau_search,cool_from_critical,cooling_tau_s,20,34,,false,19.374885812685555,0.25,0,0,0,0,0,,,,,,,
cooling_tau_search,cool_from_critical,cooling_tau_s,20,35,,false,19.259061264855792,0.25,0,0,0,0,0,,,,,,,
cooling_tau_search,cool_from_critical,cooling_tau_s,20,36,,false,19.148885546880628,0.25,0,0,0,0,0,,,,,,,
cooling_tau_search,cool_from_critical,cooling_tau_s,20,37,,false,19.044083162077161,0.25,0,0,0,0,0,,,,,,,
cooling_tau_search,cool_from_critical,cooling_tau_s,20,38,,false,18.944392049894258,0.25,0,0,0,0,0,,,,,,,
cooling_tau_search,cool_from_critical,cooling_tau_s,20,39,,false,18.849562930624678,0.25,0,0,0,0,0,,,,,,,
cooling_tau_search,cool_from_critical,cooling_tau_s,20,40,,false,18.759358682075966,0.25,0,0,0,0,0,,,,,,,
cooling_tau_search,cool_from_critical,cooling_tau_s,20,41,,false,18.673553746641456,0.25,0,0,0,0,0,,,,,,,
cooling_tau_search,cool_from_critical,cooling_tau_s,20,42,,false,18.591933567288766,0.25,0,0,0,0,0,,,,,,,
cooling_tau_search,cool_from_critical,cooling_tau_s,20,43,,false,18.514294051055462,0.25,0,0,0,0,0,,,,,,,
cooling_tau_search,cool_from_critical,cooling_tau_s,20,44,,false,18.440441058710341,0.25,0,0,0,0,0,,,,,,,
cooling_tau_search,cool_from_critical,cooling_tau_s,20,45,,false,18.370189919304238,0.25,0,0,0,0,0,,,,,,,
cooling_tau_search,cool_from_critical,cooling_tau_s,20,46,,false,18.303364968396451,0.25,0,0,0,0,0,,,,,,,
cooling_tau_search,cool_from_critical,cooling_tau_s,20,47,,false,18.239799108802149,0.25,0,0,0,0,0,,,,,,,
cooling_tau_search,cool_from_critical,cooling_tau_s,20,48,,false,18.179333392762366,0.25,0,0,0,0,0,,,,,,,
cooling_tau_search,cool_from_critical,cooling_tau_s,20,49,,false,18.121816624491821,0.25,0,0,0,0,0,,,,,,,
cooling_tau_search,cool_from_critical,cooling_tau_s,20,50,,false,18.067104982110688,0.25,0,0,0,0,0,,,,,,,
cooling_tau_search,cool_from_critical,cooling_tau_s,20,51,,false,18.015061658014996,0.25,0,0,0,0,0,,,,,,,
cooling_tau_search,cool_from_critical,cooling_tau_s,20,52,,false,17.965556516786346,0.25,0,0,0,0,0,,,,,,,
cooling_tau_search,cool_from_critical,cooling_tau_s,20,53,,false,17.918465769785591,0.25,0,0,0,0,0,,,,,,,
cooling_tau_search,cool_from_critical,cooling_tau_s,20,54,,false,17.873671665616754,0.25,0,0,0,0,0,,,,,,,
cooling_tau_search,cool_from_critical,cooling_tau_s,20,55,,false,17.831062195687206,0.25,0,0,0,0,0,,,,,,,
cooling_tau_search,cool_from_critical,cooling_tau_s,20,56,,false,17.790530814127841,0.25,0,0,0,0,0,,,,,,,
cooling_tau_search,cool_from_critical,cooling_tau_s,20,57,,false,17.751976171372906,0.25,0,0,0,0,0,,,,,,,
cooling_tau_search,cool_from_critical,cooling_tau_s,20,58,,false,17.715301860733298,0.25,0,0,0,0,0,,,,,,,
cooling_tau_search,cool_from_critical,cooling_tau_s,20,59,,false,17.680416177329626,0.25,0,0,0,0,0,,,,,,,
cooling_tau_search,cool_from_critical,cooling_tau_s,20,60,,false,17.647231888782237,0.25,0,0,0,0,0,,,,,,,
cooling_tau_search,cool_from_critical,cooling_tau_s,20,61,,false,17.615666017084838,0.25,0,0,0,0,0,,,,,,,
cooling_tau_search,cool_from_critical,cooling_tau_s,20,62,,false,17.585639631116258,0.25,0,0,0,0,0,,,,,,,
cooling_tau_search,cool_from_critical,cooling_tau_s,20,63,,false,17.55707764927153,0.25,0,0,0,0,0,,,,,,,
cooling_tau_search,cool_from_critical,cooling_tau_s,20,64,,false,17.529908651718767,0.25,0,0,0,0,0,,,,,,,
cooling_tau_search,cool_from_critical,cooling_tau_s,20,65,,false,17.504064701812393,0.25,0,0,0,0,0,,,,,,,
cooling_tau_search,cool_from_critical,cooling_tau_s,20,66,,false,17.479481176216126,0.25,0,0,0,0,0,,,,,,,
cooling_tau_search,cool_from_critical,cooling_tau_s,20,67,,false,17.456096603310989,0.25,0,0,0,0,0,,,,,,,
cooling_tau_search,cool_from_critical,cooling_tau_s,20,68,,false,17.433852509484243,0.25,0,0,0,0,0,,,,,,,
cooling_tau_search,cool_from_critical,cooling_tau_s,20,69,,false,17.412693272914886,0.25,0,0,0,0,0,,,,,,,
cooling_tau_search,cool_from_critical,cooling_tau_s,20,70,,false,17.392565984490144,0.25,0,0,0,0,0,,,,,,,
cooling_tau_search,cool_from_critical,cooling_tau_s,20,71,,false,17.373420315505115,0.25,0,0,0,0,0,,,,,,,
cooling_tau_search,cool_from_critical,cooling_tau_s,20,72,,false,17.355208391814806,0.25,0,0,0,0,0,,,,,,,
cooling_tau_search,cool_from_critical,cooling_tau_s,20,73,,false,17.337884674123821,0.25,0,0,0,0,0,,,,,,,
cooling_tau_search,cool_from_critical,cooling_tau_s,20,74,,false,17.321405844114413,0.25,0,0,0,0,0,,,,,,,
cooling_tau_search,cool_from_critical,cooling_tau_s,20,75,,false,17.305730696128119,0.25,0,0,0,0,0,,,,,,,
cooling_tau_search,cool_from_critical,cooling_tau_s,20,76,,false,17.290820034130153,0.25,0,0,0,0,0,,,,,,,
cooling_tau_search,cool_from_critical,cooling_tau_s,20,77,,false,17.276636573698905,0.25,0,0,0,0,0,,,,,,,
cooling_tau_search,cool_from_critical,cooling_tau_s,20,78,,false,17.263144848795459,0.25,0,0,0,0,0,,,,,,,
cooling_tau_search,cool_from_critical,cooling_tau_s,20,79,,false,17.250311123080031,0.25,0,0,0,0,0,,,,,,,
cooling_tau_search,cool_from_critical,cooling_tau_s,20,80,,false,17.238103305553544,0.25,0,0,0,0,0,,,,,,,
cooling_tau_search,cool_from_critical,cooling_tau_s,20,81,,false,17.226490870313416,0.25,0,0,0,0,0,,,,,,,
cooling_tau_search,cool_from_critical,cooling_tau_s,20,82,,false,17.215444780222896,0.25,0,0,0,0,0,,,,,,,
cooling_tau_search,cool_from_critical,cooling_tau_s,20,83,,false,17.204937414303107,0.25,0,0,0,0,0,,,,,,,
cooling_tau_search,cool_from_critical,cooling_tau_s,20,84,,false,17.194942498666208,0.25,0,0,0,0,0,,,,,,,
cooling_tau_search,cool_from_critical,cooling_tau_s,20,85,,false,17.185435040816987,0.25,0,0,0,0,0,,,,,,,
cooling_tau_search,cool_from_critical,cooling_tau_s,20,86,,false,17.176391267158611,0.25,0,0,0,0,0,,,,,,,
cooling_tau_search,cool_from_critical,cooling_tau_s,20,87,,false,17.167788563546235,0.25,0,0,0,0,0,,,,,,,
cooling_tau_search,cool_from_critical,cooling_tau_s,20,88,,false,17.159605418739886,0.25,0,0,0,0,0,,,,,,,
cooling_tau_search,cool_from_critical,cooling_tau_s,20,89,,false,17.151821370615139,0.25,0,0,0,0,0,,,,,,,
cooling_tau_search,cool_from_critical,cooling_tau_s,20,90,,false,17.144416954997148,0.25,0,0,0,0,0,,,,,,,
cooling_tau_search,cool_from_critical,cooling_tau_s,20,91,,false,17.137373656990082,0.25,0,0,0,0,0,,,,,,,
cooling_tau_search,cool_from_critical,cooling_tau_s,20,92,,false,17.130673864680233,0.25,0,0,0,0,0,,,,,,,
cooling_tau_search,cool_from_critical,cooling_tau_s,20,93,,false,17.124300825097063,0.25,0,0,0,0,0,,,,,,,
cooling_tau_search,cool_from_critical,cooling_tau_s,20,94,,false,17.118238602322041,0.25,0,0,0,0,0,,,,,,,
cooling_tau_search,cool_from_critical,cooling_tau_s,20,95,,false,17.112472037640565,0.25,0,0,0,0,0,,,,,,,
cooling_tau_search,cool_from_critical,cooling_tau_s,20,96,,false,17.106986711637258,0.25,0,0,0,0,0,,,,,,,
cooling_tau_search,cool_from_critical,cooling_tau_s,20,97,,false,17.101768908139935,0.25,0,0,0,0,0,,,,,,,
cooling_tau_search,cool_from_critical,cooling_tau_s,20,98,,false,17.096805579922016,0.25,0,0,0,0,0,,,,,,,
cooling_tau_search,cool_from_critical,cooling_tau_s,20,99,,false,17.092084316077678,0.25,0,0,0,0,0,,,,,,,
cooling_tau_search,cool_from_critical,cooling_tau_s,20,100,,false,17.087593310988112,0.25,0,0,0,0,0,,,,,,,
cooling_tau_search,cool_from_critical,cooling_tau_s,20,101,,false,17.083321334801333,0.25,0,0,0,0,0,,,,,,,
cooling_tau_search,cool_from_critical,cooling_tau_s,20,102,,false,17.079257705351704,0.25,0,0,0,0,0,,,,,,,
cooling_tau_search,cool_from_critical,cooling_tau_s,20,103,,false,17.07539226144895,0.25,0,0,0,0,0,,,,,,,
cooling_tau_search,cool_from_critical,cooling_tau_s,20,104,,false,17.071715337469893,0.25,0,0,0,0,0,,,,,,,
cooling_tau_search,cool_from_critical,cooling_tau_s,20,105,,false,17.068217739189361,0.25,0,0,0,0,0,,,,,,,
cooling_tau_search,cool_from_critical,cooling_tau_s,20,106,,false,17.064890720789837,0.25,0,0,0,0,0,,,,,,,
cooling_tau_search,cool_from_critical,cooling_tau_s,20,107,,false,17.061725962992352,0.25,0,0,0,0,0,,,,,,,
cooling_tau_search,cool_from_critical,cooling_tau_s,20,108,,false,17.058715552253968,0.25,0,0,0,0,0,,,,,,,
cooling_tau_search,cool_from_critical,cooling_tau_s,20,109,,false,17.055851960979783,0.25,0,0,0,0,0,,,,,,,
cooling_tau_search,cool_from_critical,cooling_tau_s,20,110,,false,17.053128028700037,0.25,0,0,0,0,0,,,,,,,
cooling_tau_search,cool_from_critical,cooling_tau_s,20,111,,false,17.050536944165195,0.25,0,0,0,0,0,,,,,,,
cooling_tau_search,cool_from_critical,cooling_tau_s,20,112,,false,17.048072228314282,0.25,0,0,0,0,0,,,,,,,
cooling_tau_search,cool_from_critical,cooling_tau_s,20,113,,false,17.045727718073863,0.25,0,0,0,0,0,,,,,,,
cooling_tau_search,cool_from_critical,cooling_tau_s,20,114,,false,17.04349755094713,0.25,0,0,0,0,0,,,,,,,
cooling_tau_search,cool_from_critical,cooling_tau_s,20,115,,false,17.04137615035463,0.25,0,0,0,0,0,,,,,,,
cooling_tau_search,cool_from_critical,cooling_tau_s,20,116,,false,17.039358211689891,0.25,0,0,0,0,0,,,,,,,
cooling_tau_search,cool_from_critical,cooling_tau_s,20,117,,false,17.037438689055151,0.25,0,0,0,0,0,,,,,,,
cooling_tau_search,cool_from_critical,cooling_tau_s,20,118,,false,17.035612782643991,0.25,0,0,0,0,0,,,,,,,
cooling_tau_search,cool_from_critical,cooling_tau_s,20,119,,false,17.033875926739313,0.25,0,0,0,0,0,,,,,,,
cooling_tau_search,cool_from_critical,cooling_tau_s,20,120,,false,17.032223778296665,0.25,0,0,0,0,0,,,,,,,
cooling_tau_search,cool_from_critical,cooling_tau_s,30,1,,false,29.573809306266078,0.25,0.87369044140358776,0,0.87369044140358776,0.0043684522070179385,0.0043589243986497635,,,,,,,
cooling_tau_search,cool_from_critical,cooling_tau_s,30,2,,false,29.161590805411031,0.25,0.76596378299964241,0,0.76596378299964241,0.0038298189149982122,0.0038224945118999747,,,,,,,
cooling_tau_search,cool_from_critical,cooling_tau_s,30,3,,false,28.762886434467475,0.25,0.67370622323173657,0,0.67370622323173657,0.0033685311161586831,0.00336286398031208,,,,,,,
cooling_tau_search,cool_from_critical,cooling_tau_s,30,4,,false,28.377253147558317,0.25,0.59438055117821331,0,0.59438055117821331,0.0029719027558910665,0.0029674910243903205,,,,,,,
cooling_tau_search,cool_from_critical,cooling_tau_s,30,5,,false,28.004262423577984,0.25,0.52591033048678748,0,0.52591033048678748,0.0026295516524339375,0.0026260974098539654,,,,,,,
cooling_tau_search,cool_from_critical,cooling_tau_s,30,6,,false,27.643499790013763,0.25,0.4665890003773992,0,0.46658900037739914,0.0023329450018869957,0.0023302258006893985,,,,,,,
cooling_tau_search,cool_from_critical,cooling_tau_s,30,7,,false,27.294564362378161,0.25,0.41500820469479638,0,0.41500820469479638,0.002075041023473982,0.0020728896141942212,,,,,,,
cooling_tau_search,cool_from_critical,cooling_tau_s,30,8,,false,26.957068398740432,0.25,0.37000102871967538,0,0.37000102871967533,0.0018500051435983767,0.0018482949388744542,,,,,,,
cooling_tau_search,cool_from_critical,cooling_tau_s,30,9,,false,26.630636868862332,0.25,0.33059684710863485,0,0.33059684710863491,0.0016529842355431745,0.0016516188095478685,,,,,,,
cooling_tau_search,cool_from_critical,cooling_tau_s,30,10,,false,26.31490703745926,0.25,0.29598525567205708,0,0.29598525567205702,0.0014799262783602852,0.0014788317274837138,,,,,,,
cooling_tau_search,cool_from_critical,cooling_tau_s,30,11,,false,26.009528061123738,0.25,0.26548714066079648,0,0.26548714066079648,0.0013274357033039824,0.0013265550502439853,,,,,,,
cooling_tau_search,cool_from_critical,cooling_tau_s,30,12,,false,25.714160598463309,0.25,0.23853137998452426,0,0.23853137998452423,0.0011926568999226211,0.0011919459673431247,,,,,,,
cooling_tau_search,cool_from_critical,cooling_tau_s,30,13,,false,25.428476433019625,0.25,0.21463600668272576,0,0.21463600668272576,0.0010731800334136288,0.0010726043816659723,,,,,,,
cooling_tau_search,cool_from_critical,cooling_tau_s,30,14,,false,25.152158108549727,0.25,0.19339292209120504,0,0.19339292209120507,0.00096696461045602531,0.00096649725082929914,,,,,,,
cooling_tau_search,cool_from_critical,cooling_tau_s,30,15,,false,24.884898576264234,0.25,0.17445544381717482,0,0.17445544381717482,0.00087227721908587409,0.00087189689590285986,,,,,,,
cooling_tau_search,cool_from_critical,cooling_tau_s,30,16,,false,24.626400853630415,0.25,0.15752812624095991,0,0.15752812624095991,0.00078764063120479952,0.00078733052374592579,,,,,,,
cooling_tau_search,cool_from_critical,cooling_tau_s,30,17,,false,24.37637769436105,0.25,0.14235840956020593,0,0.14235840956020596,0.00071179204780102978,0.00071153878393533944,,,,,,,
cooling_tau_search,cool_from_critical,cooling_tau_s,30,18,,false,24.134551269222346,0.25,0.12872974546346552,0,0.12872974546346549,0.00064364872731732749,0.00064344162991028281,,,,,,,
cooling_tau_search,cool_from_critical,cooling_tau_s,30,19,,false,23.900652857306184,0.25,0.11645591945911864,0,0.1164559194591186,0.00058227959729559298,0.00058211010542969432,,,,,,,
cooling_tau_search,cool_from_critical,cooling_tau_s,30,20,,false,23.674422547423699,0.25,0.10537634630940454,0,0.10537634630940451,0.0005268817315470226,0.00052674295374173714,,,,,,,
cooling_tau_search,cool_from_critical,cooling_tau_s,30,21,,false,23.455608949288326,0.25,0.095352159439113765,0,0.095352159439113793,0.00047676079719556895,0.00047664716482590148,,,,,,,
cooling_tau_search,cool_from_critical,cooling_tau_s,30,22,,false,23.243968914167393,0.25,0.086262950285361711,0,0.086262950285361684,0.00043131475142680844,0.00043122174859105484,,,,,,,
cooling_tau_search,cool_from_critical,cooling_tau_s,30,23,,false,23.039267264691851,0.25,0.078004041384122827,0,0.078004041384122869,0.00039002020692061436,0.00038994415892678393,,,,,,,
cooling_tau_search,cool_from_critical,cooling_tau_s,30,24,,false,22.841276533523882,0.25,0.07048419913238331,0,0.070484199132383352,0.00035242099566191678,0.00035235890267732979,,,,,,,
cooling_tau_search,cool_from_critical,cooling_tau_s,30,25,,false,22.649776710592018,0.25,0.063623709843409218,0,0.06362370984340926,0.00031811854921704629,0.00031806795487650995,,,,,,,
cooling_tau_search,cool_from_critical,cooling_tau_s,30,26,,false,22.464554998612865,0.25,0.057352756873629576,0,0.057352756873629618,0.00028676378436814812,0.00028672267156411719,,,,,,,
cooling_tau_search,cool_from_critical,cooling_tau_s,30,27,,false,22.285405576627788,0.25,0.051610047979654433,0,0.051610047979654405,0.00025805023989827205,0.00025801694779885591,,,,,,,
cooling_tau_search,cool_from_critical,cooling_tau_s,30,28,,false,22.112129371291779,0.25,0.046341651238044887,0,0.046341651238044901,0.00023170825619022451,0.00023168141390546418,,,,,,,
cooling_tau_search,cool_from_critical,cooling_tau_s,30,29,,false,21.944533835660362,0.25,0.04150000527910154,0,0.041500005279101582,0.00020750002639550791,0.00020747849975398281,,,,,,,
cooling_tau_search,cool_from_critical,cooling_tau_s,30,30,,false,21.782432735228753,0.25,0.037043075603165214,0,0.037043075603165221,0.0001852153780158261,0.00018519822670661108,,,,,,,
cooling_tau_search,cool_from_critical,cooling_tau_s,30,31,,false,21.625645940985446,0.25,0.032933633642883361,0,0.032933633642883375,0.00016466816821441687,0.0001646546111557542,,,,,,,
cooling_tau_search,cool_from_critical,cooling_tau_s,30,32,,false,21.473999229250364,0.25,0.029138639228414243,0,0.029138639228414198,0.000145693196142071,0.00014568258340377747,,,,,,,
cooling_tau_search,cool_from_critical,cooling_tau_s,30,33,,false,21.327324088075038,0.25,0.025628710379812774,0,0.025628710379812736,0.00012814355189906369,0.00012813534186480844,,,,,,,
cooling_tau_search,cool_from_critical,cooling_tau_s,30,34,,false,21.18545752998979,0.25,0.022377667031342759,0,0.022377667031342807,0.00011188833515671404,0.00011188207589039045,,,,,,,
cooling_tau_search,cool_from_critical,cooling_tau_s,30,35,,false,21.048241910889772,0.25,0.019362137497496882,0,0.019362137497496934,9.6810687487484668e-05,9.6806001484098388e-05,,,,,,,
cooling_tau_search,cool_from_critical,cooling_tau_s,30,36,,false,20.91552475485863,0.25,0.016561218309221668,0,0.016561218309221637,8.2806091546108184e-05,8.2802663216339131e-05,,,,,,,
cooling_tau_search,cool_from_critical,cooling_tau_s,30,37,,false,20.787158584735128,0.25,0.013956179552797184,0,0.013956179552797154,6.9780897763985778e-05,6.9778463133769963e-05,,,,,,,
cooling_tau_search,cool_from_critical,cooling_tau_s,30,38,,false,20.663000758234464,0.25,0.011530209090639384,0,0.011530209090639398,5.7651045453196993e-05,5.764938366361086e-05,,,,,,,
cooling_tau_search,cool_from_critical,cooling_tau_s,30,39,,false,20.54291330944217,0.25,0.0092681900794948872,0,0.0092681900794948646,4.6340950397474323e-05,4.6339876672218331e-05,,,,,,,
cooling_tau_search,cool_from_critical,cooling_tau_s,30,40,,false,20.426762795504455,0.25,0.0071565070647559171,0,0.0071565070647559015,3.578253532377951e-05,3.5781895136498279e-05,,,,,,,
cooling_tau_search,cool_from_critical,cooling_tau_s,30,41,,false,20.314420148344638,0.25,0.0051828766505044839,0,0.005182876650504431,2.5914383252522155e-05,2.5914047477792947e-05,,,,,,,
cooling_tau_search,cool_from_critical,cooling_tau_s,30,42,,false,20.205760531240891,0.25,0.0033361993482837154,0,0.0033361993482836638,1.6680996741418321e-05,1.668085761436577e-05,,,,,,,
cooling_tau_search,cool_from_critical,cooling_tau_s,30,43,,false,20.100663200105938,0.25,0.0016064297137883912,0,0.0016064297137884376,8.0321485689421883e-06,8.0321163113232372e-06,,,,,,,
cooling_tau_search,cool_from_critical,cooling_tau_s,30,44,,false,19.999011369314523,0.25,0,0,0,0,0,,,,,,,
cooling_tau_search,cool_from_critical,cooling_tau_s,30,45,,false,19.900692081929595,0.25,0,0,0,0,0,,,,,,,
cooling_tau_search,cool_from_critical,cooling_tau_s,30,46,,false,19.805596084182973,0.25,0,0,0,0,0,,,,,,,
cooling_tau_search,cool_from_critical,cooling_tau_s,30,47,,false,19.713617704071041,0.25,0,0,0,0,0,,,,,,,
cooling_tau_search,cool_from_critical,cooling_tau_s,30,48,,false,19.624654733930527,0.25,0,0,0,0,0,,,,,,,
cooling_tau_search,cool_from_critical,cooling_tau_s,30,49,,false,19.538608316863922,0.25,0,0,0,0,0,,,,,,,
cooling_tau_search,cool_from_critical,cooling_tau_s,30,50,,false,19.455382836888312,0.25,0,0,0,0,0,,,,,,,
cooling_tau_search,cool_from_critical,cooling_tau_s,30,51,,false,19.374885812685559,0.25,0,0,0,0,0,,,,,,,
cooling_tau_search,cool_from_critical,cooling_tau_s,30,52,,false,19.297027794835767,0.25,0,0,0,0,0,,,,,,,
cooling_tau_search,cool_from_critical,cooling_tau_s,30,53,,false,19.221722266419832,0.25,0,0,0,0,0,,,,,,,
cooling_tau_search,cool_from_critical,cooling_tau_s,30,54,,false,19.148885546880635,0.25,0,0,0,0,0,,,,,,,
cooling_tau_search,cool_from_critical,cooling_tau_s,30,55,,false,19.078436699036029,0.25,0,0,0,0,0,,,,,,,
cooling_tau_search,cool_from_critical,cooling_tau_s,30,56,,false,19.01029743914032,0.25,0,0,0,0,0,,,,,,,
cooling_tau_search,cool_from_critical,cooling_tau_s,30,57,,false,18.944392049894262,0.25,0,0,0,0,0,,,,,,,
cooling_tau_search,cool_from_critical,cooling_tau_s,30,58,,false,18.880647296306943,0.25,0,0,0,0,0,,,,,,,
cooling_tau_search,cool_from_critical,cooling_tau_s,30,59,,false,18.81899234431603,0.25,0,0,0,0,0,,,,,,,
cooling_tau_search,cool_from_critical,cooling_tau_s,30,60,,false,18.759358682075973,0.25,0,0,0,0,0,,,,,,,
cooling_tau_search,cool_from_critical,cooling_tau_s,30,61,,false,18.701680043826684,0.25,0,0,0,0,0,,,,,,,
cooling_tau_search,cool_from_critical,cooling_tau_s,30,62,,false,18.645892336258093,0.25,0,0,0,0,0,,,,,,,
cooling_tau_search,cool_from_critical,cooling_tau_s,30,63,,false,18.59193356728877,0.25,0,0,0,0,0,,,,,,,
cooling_tau_search,cool_from_critical,cooling_tau_s,30,64,,false,18.539743777179453,0.25,0,0,0,0,0,,,,,,,
cooling_tau_search,cool_from_critical,cooling_tau_s,30,65,,false,18.489264971904944,0.25,0,0,0,0,0,,,,,,,
cooling_tau_search,cool_from_critical,cooling_tau_s,30,66,,false,18.440441058710345,0.25,0,0,0,0,0,,,,,,,
cooling_tau_search,cool_from_critical,cooling_tau_s,30,67,,false,18.393217783779992,0.25,0,0,0,0,0,,,,,,,
cooling_tau_search,cool_from_critical,cooling_tau_s,30,68,,false,18.347542671949867,0.25,0,0,0,0,0,,,,,,,
cooling_tau_search,cool_from_critical,cooling_tau_s,30,69,,false,18.303364968396455,0.25,0,0,0,0,0,,,,,,,
cooling_tau_search,cool_from_critical,cooling_tau_s,30,70,,false,18.260635582237271,0.25,0,0,0,0,0,,,,,,,
cooling_tau_search,cool_from_critical,cooling_tau_s,30,71,,false,18.219307031980396,0.25,0,0,0,0,0,,,,,,,
cooling_tau_search,cool_from_critical,cooling_tau_s,30,72,,false,18.179333392762366,0.25,0,0,0,0,0,,,,,,,
cooling_tau_search,cool_from_critical,cooling_tau_s,30,73,,false,18.140670245315832,0.25,0,0,0,0,0,,,,,,,
cooling_tau_search,cool_from_critical,cooling_tau_s,30,74,,false,18.103274626610233,0.25,0,0,0,0,0,,,,,,,
cooling_tau_search,cool_from_critical,cooling_tau_s,30,75,,false,18.067104982110692,0.25,0,0,0,0,0,,,,,,,
cooling_tau_search,cool_from_critical,cooling_tau_s,30,76,,false,18.032121119602024,0.25,0,0,0,0,0,,,,,,,
cooling_tau_search,cool_from_critical,cooling_tau_s,30,77,,false,17.998284164526591,0.25,0,0,0,0,0,,,,,,,
cooling_tau_search,cool_from_critical,cooling_tau_s,30,78,,false,17.965556516786346,0.25,0,0,0,0,0,,,,,,,
cooling_tau_search,cool_from_critical,cooling_tau_s,30,79,,false,17.933901808961078,0.25,0,0,0,0,0,,,,,,,
cooling_tau_search,cool_from_critical,cooling_tau_s,30,80,,false,17.903284865896424,0.25,0,0,0,0,0,,,,,,,
cooling_tau_search,cool_from_critical,cooling_tau_s,30,81,,false,17.873671665616751,0.25,0,0,0,0,0,,,,,,,
cooling_tau_search,cool_from_critical,cooling_tau_s,30,82,,false,17.845029301519453,0.25,0,0,0,0,0,,,,,,,
cooling_tau_search,cool_from_critical,cooling_tau_s,30,83,,false,17.81732594580868,0.25,0,0,0,0,0,,,,,,,
cooling_tau_search,cool_from_critical,cooling_tau_s,30,84,,false,17.790530814127838,0.25,0,0,0,0,0,,,,,,,
cooling_tau_search,cool_from_critical,cooling_tau_s,30,85,,false,17.764614131351593,0.25,0,0,0,0,0,,,,,,,
cooling_tau_search,cool_from_critical,cooling_tau_s,30,86,,false,17.739547098499322,0.25,0,0,0,0,0,,,,,,,
cooling_tau_search,cool_from_critical,cooling_tau_s,30,87,,false,17.715301860733298,0.25,0,0,0,0,0,,,,,,,
cooling_tau_search,cool_from_critical,cooling_tau_s,30,88,,false,17.691851476405983,0.25,0,0,0,0,0,,,,,,,
cooling_tau_search,cool_from_critical,cooling_tau_s,30,89,,false,17.669169887122113,0.25,0,0,0,0,0,,,,,,,
cooling_tau_search,cool_from_critical,cooling_tau_s,30,90,,false,17.647231888782233,0.25,0,0,0,0,0,,,,,,,
cooling_tau_search,cool_from_critical,cooling_tau_s,30,91,,false,17.626013103575556,0.25,0,0,0,0,0,,,,,,,
cooling_tau_search,cool_from_critical,cooling_tau_s,30,92,,false,17.605489952890988,0.25,0,0,0,0,0,,,,,,,
cooling_tau_search,cool_from_critical,cooling_tau_s,30,93,,false,17.585639631116255,0.25,0,0,0,0,0,,,,,,,
cooling_tau_search,cool_from_critical,cooling_tau_s,30,94,,false,17.566440080295983,0.25,0,0,0,0,0,,,,,,,
cooling_tau_search,cool_from_critical,cooling_tau_s,30,95,,false,17.547869965620595,0.25,0,0,0,0,0,,,,,,,
cooling_tau_search,cool_from_critical,cooling_tau_s,30,96,,false,17.529908651718763,0.25,0,0,0,0,0,,,,,,,
cooling_tau_search,cool_from_critical,cooling_tau_s,30,97,,false,17.5125361797271,0.25,0,0,0,0,0,,,,,,,
cooling_tau_search,cool_from_critical,cooling_tau_s,30,98,,false,17.495733245111591,0.25,0,0,0,0,0,,,,,,,
cooling_tau_search,cool_from_critical,cooling_tau_s,30,99,,false,17.479481176216122,0.25,0,0,0,0,0,,,,,,,
cooling_tau_search,cool_from_critical,cooling_tau_s,30,100,,false,17.463761913514283,0.25,0,0,0,0,0,,,,,,,
cooling_tau_search,cool_from_critical,cooling_tau_s,30,101,,false,17.448557989541357,0.25,0,0,0,0,0,,,,,,,
cooling_tau_search,cool_from_critical,cooling_tau_s,30,102,,false,17.43385250948424,0.25,0,0,0,0,0,,,,,,,
cooling_tau_search,cool_from_critical,cooling_tau_s,30,103,,false,17.419629132407678,0.25,0,0,0,0,0,,,,,,,
cooling_tau_search,cool_from_critical,cooling_tau_s,30,104,,false,17.405872053096001,0.25,0,0,0,0,0,,,,,,,
cooling_tau_search,cool_from_critical,cooling_tau_s,30,105,,false,17.39256598449014,0.25,0,0,0,0,0,,,,,,,
cooling_tau_search,cool_from_critical,cooling_tau_s,30,106,,false,17.379696140700432,0.25,0,0,0,0,0,,,,,,,
cooling_tau_search,cool_from_critical,cooling_tau_s,30,107,,false,17.367248220576339,0.25,0,0,0,0,0,,,,,,,
cooling_tau_search,cool_from_critical,cooling_tau_s,30,108,,false,17.355208391814802,0.25,0,0,0,0,0,,,,,,,
cooling_tau_search,cool_from_critical,cooling_tau_s,30,109,,false,17.343563275589599,0.25,0,0,0,0,0,,,,,,,
cooling_tau_search,cool_from_critical,cooling_tau_s,30,110,,false,17.332299931684595,0.25,0,0,0,0,0,,,,,,,
cooling_tau_search,cool_from_critical,cooling_tau_s,30,111,,false,17.321405844114413,0.25,0,0,0,0,0,,,,,,,
cooling_tau_search,cool_from_critical,cooling_tau_s,30,112,,false,17.31086890721647,0.25,0,0,0,0,0,,,,,,,
cooling_tau_search,cool_from_critical,cooling_tau_s,30,113,,false,17.300677412199018,0.25,0,0,0,0,0,,,,,,,
cooling_tau_search,cool_from_critical,cooling_tau_s,30,114,,false,17.290820034130157,0.25,0,0,0,0,0,,,,,,,
cooling_tau_search,cool_from_critical,cooling_tau_s,30,115,,false,17.281285819353414,0.25,0,0,0,0,0,,,,,,,
cooling_tau_search,cool_from_critical,cooling_tau_s,30,116,,false,17.272064173315893,0.25,0,0,0,0,0,,,,,,,
cooling_tau_search,cool_from_critical,cooling_tau_s,30,117,,false,17.263144848795459,0.25,0,0,0,0,0,,,,,,,
cooling_tau_search,cool_from_critical,cooling_tau_s,30,118,,false,17.254517934513871,0.25,0,0,0,0,0,,,,,,,
cooling_tau_search,cool_from_critical,cooling_tau_s,30,119,,false,17.246173844123241,0.25,0,0,0,0,0,,,,,,,
cooling_tau_search,cool_from_critical,cooling_tau_s,30,120,,false,17.238103305553548,0.25,0,0,0,0,0,,,,,,,
cooling_tau_search,cool_from_critical,cooling_tau_s,40,1,,false,29.679028856368326,0.25,0.90338942247931187,0,0.90338942247931187,0.0045169471123965594,0.004506761049195878,,,,,,,
cooling_tau_search,cool_from_critical,cooling_tau_s,40,2,,false,29.365982518509284,0.25,0.81771393374673873,0,0.81771393374673873,0.0040885696687336937,0.0040802228471608975,,,,,,,
cooling_tau_search,cool_from_critical,cooling_tau_s,40,3,,false,29.060665322271191,0.25,0.7415571376247877,0,0.7415571376247877,0.0037077856881239384,0.003700920338472228,,,,,,,
cooling_tau_search,cool_from_critical,cooling_tau_s,40,4,,false,28.762886434467475,0.25,0.67370622323173657,0,0.67370622323173657,0.0033685311161586831,0.00336286398031208,,,,,,,
cooling_tau_search,cool_from_critical,cooling_tau_s,40,5,,false,28.472459733599742,0.25,0.61312010411017914,0,0.61312010411017914,0.0030656005205508957,0.003060906365301859,,,,,,,
cooling_tau_search,cool_from_critical,cooling_tau_s,40,6,,false,28.189203693525752,0.25,0.55890291643875956,0,0.55890291643875956,0.0027945145821937976,0.0027906135609850409,,,,,,,
cooling_tau_search,cool_from_critical,cooling_tau_s,40,7,,false,27.912941269999695,0.25,0.51028191664508238,0,0.51028191664508238,0.0025514095832254121,0.002548157504177897,,,,,,,
cooling_tau_search,cool_from_critical,cooling_tau_s,40,8,,false,27.643499790013763,0.25,0.4665890003773992,0,0.46658900037739914,0.0023329450018869957,0.0023302258006893985,,,,,,,
cooling_tau_search,cool_from_critical,cooling_tau_s,40,9,,false,27.380710843871899,0.25,0.42724521030507873,0,0.42724521030507878,0.0021362260515253939,0.0021339459445507509,,,,,,,
cooling_tau_search,cool_from_critical,cooling_tau_s,40,10,,false,27.124410179928262,0.25,0.39174771711848083,0,0.39174771711848089,0.0019587385855924047,0.0019568215090572708,,,,,,,
cooling_tau_search,cool_from_critical,cooling_tau_s,40,11,,false,26.874437601924591,0.25,0.35965885227445926,0,0.35965885227445926,0.0017982942613722964,0.0017966782990507875,,,,,,,
cooling_tau_search,cool_from_critical,cooling_tau_s,40,12,,false,26.630636868862332,0.25,0.33059684710863485,0,0.33059684710863491,0.0016529842355431745,0.0016516188095478685,,,,,,,
cooling_tau_search,cool_from_critical,cooling_tau_s,40,13,,false,26.392855597346937,0.25,0.30422799455305422,0,0.30422799455305416,0.0015211399727652708,0.0015199836257531018,,,,,,,
cooling_tau_search,cool_from_critical,cooling_tau_s,40,14,,false,26.160945166343275,0.25,0.28025999973633486,0,0.28025999973633486,0.0014012999986816744,0.0014003186362864203,,,,,,,
cooling_tau_search,cool_from_critical,cooling_tau_s,40,15,,false,25.934760624282639,0.25,0.25843632648333437,0,0.25843632648333437,0.0012921816324166719,0.0012913471252147561,,,,,,,
cooling_tau_search,cool_from_critical,cooling_tau_s,40,16,,false,25.714160598463309,0.25,0.23853137998452426,0,0.23853137998452423,0.0011926568999226211,0.0011919459673431247,,,,,,,
cooling_tau_search,cool_from_critical,cooling_tau_s,40,17,,false,25.499007206688013,0.25,0.22034639311468288,0,0.22034639311468285,0.0011017319655734143,0.0011011252817328787,,,,,,,
cooling_tau_search,cool_from_critical,cooling_tau_s,40,18,,false,25.289165971083051,0.25,0.20370590619889753,0,0.2037059061988975,0.0010185295309944875,0.0010180110058510652,,,,,,,
cooling_tau_search,cool_from_critical,cooling_tau_s,40,19,,false,25.084505734045258,0.25,0.18845474837408244,0,0.18845474837408238,0.00094227374187041198,0.00094182994137289948,,,,,,,
cooling_tau_search,cool_from_critical,cooling_tau_s,40,20,,false,24.884898576264231,0.25,0.17445544381717451,0,0.17445544381717448,0.00087227721908587246,0.00087189689590285824,,,,,,,
cooling_tau_search,cool_from_critical,cooling_tau_s,40,21,,false,24.69021973676859,0.25,0.16158597860315604,0,0.16158597860315604,0.00080792989301578023,0.00080760360553815082,,,,,,,
cooling_tau_search,cool_from_critical,cooling_tau_s,40,22,,false,24.500347534946322,0.25,0.14973787429808399,0,0.14973787429808394,0.00074868937149041967,0.00074840917353436809,,,,,,,
cooling_tau_search,cool_from_critical,cooling_tau_s,40,23,,false,24.315163294490418,0.25,0.1388145229734164,0,0.13881452297341634,0.00069407261486708173,0.00069383180218677871,,,,,,,
cooling_tau_search,cool_from_critical,cooling_tau_s,40,24,,false,24.134551269222335,0.25,0.12872974546346497,0,0.12872974546346494,0.00064364872731732467,0.00064344162991027999,,,,,,,
cooling_tau_search,cool_from_critical,cooling_tau_s,40,25,,false,23.958398570746866,0.25,0.11940654063397357,0,0.1194065406339736,0.00059703270316986798,0.00059685451460877114,,,,,,,
cooling_tau_search,cool_from_critical,cooling_tau_s,40,26,,false,23.786595097893201,0.25,0.11077599839530949,0,0.11077599839530949,0.00055387999197654752,0.00055372662877003565,,,,,,,
cooling_tau_search,cool_from_critical,cooling_tau_s,40,27,,false,23.619033467898131,0.25,0.10277635334884441,0,0.10277635334884438,0.00051388176674422193,0.00051374975212339642,,,,,,,
cooling_tau_search,cool_from_critical,cooling_tau_s,40,28,,false,23.455608949288315,0.25,0.095352159439113307,0,0.095352159439113349,0.00047676079719556673,0.00047664716482589926,,,,,,,
cooling_tau_search,cool_from_critical,cooling_tau_s,40,29,,false,23.296219396419705,0.25,0.088453568911480401,0,0.088453568911480374,0.00044226784455740186,0.00044217005855063724,,,,,,,
cooling_tau_search,cool_from_critical,cooling_tau_s,40,30,,false,23.140765185633185,0.25,0.082035701339132183,0,0.082035701339132183,0.00041017850669566094,0.00041009439499264738,,,,,,,
cooling_tau_search,cool_from_critical,cooling_tau_s,40,31,,false,22.989149152986549,0.25,0.07605809056149701,0,0.076058090561497038,0.00038029045280748523,0.00038021815155868562,,,,,,,
cooling_tau_search,cool_from_critical,cooling_tau_s,40,32,,false,22.841276533523875,0.25,0.070484199132383046,0,0.070484199132383019,0.0003524209956619151,0.00035235890267732811,,,,,,,
cooling_tau_search,cool_from_critical,cooling_tau_s,40,33,,false,22.697054902044336,0.25,0.06528099136290226,0,0.065280991362902219,0.00032640495681451111,0.00032635169251199632,,,,,,,
cooling_tau_search,cool_from_critical,cooling_tau_s,40,34,,false,22.556394115333443,0.25,0.060418557305238603,0,0.060418557305238596,0.00030209278652619298,0.00030204716109484428,,,,,,,
cooling_tau_search,cool_from_critical,cooling_tau_s,40,35,,false,22.419206255820605,0.25,0.055869781094727823,0,0.055869781094727844,0.00027934890547363922,0.00027930989120109393,,,,,,,
cooling_tau_search,cool_from_critical,cooling_tau_s,40,36,,false,22.285405576627785,0.25,0.051610047979654315,0,0.051610047979654294,0.00025805023989827145,0.00025801694779885531,,,,,,,
cooling_tau_search,cool_from_critical,cooling_tau_s,40,37,,false,22.154908447974904,0.25,0.047616985145717515,0,0.04761698514571755,0.00023808492572858776,0.00023805658576180909,,,,,,,
cooling_tau_search,cool_from_critical,cooling_tau_s,40,38,,false,22.027633304908512,0.25,0.043870232106215004,0,0.04387023210621499,0.00021935116053107496,0.00021932710482417637,,,,,,,
cooling_tau_search,cool_from_critical,cooling_tau_s,40,39,,false,21.903500596321038,0.25,0.040351236997129759,0,0.040351236997129725,0.00020175618498564864,0.00020173583357525597,,,,,,,
cooling_tau_search,cool_from_critical,cooling_tau_s,40,40,,false,21.782432735228749,0.25,0.037043075603165117,0,0.03704307560316511,0.00018521537801582556,0.00018519822670661054,,,,,,,
cooling_tau_search,cool_from_critical,cooling_tau_s,40,41,,false,21.664354050277367,0.25,0.033930290358649022,0,0.033930290358649029,0.00016965145179324514,0.00016963706179946999,,,,,,,
cooling_tau_search,cool_from_critical,cooling_tau_s,40,42,,false,21.549190738445017,0.25,0.030998746926467612,0,0.030998746926467646,0.00015499373463233822,0.0001549817237239971,,,,,,,
cooling_tau_search,cool_from_critical,cooling_tau_s,40,43,,false,21.436870818912915,0.25,0.028235506267505459,0,0.028235506267505484,0.00014117753133752742,0.00014116756625880407,,,,,,,
cooling_tau_search,cool_from_critical,cooling_tau_s,40,44,,false,21.327324088075031,0.25,0.025628710379812614,0,0.025628710379812625,0.00012814355189906312,0.00012813534186480787,,,,,,,
cooling_tau_search,cool_from_critical,cooling_tau_s,40,45,,false,21.220482075658545,0.25,0.023167480117091754,0,0.023167480117091799,0.00011583740058545899,0.00011583069169282119,,,,,,,
cooling_tau_search,cool_from_critical,cooling_tau_s,40,46,,false,21.116278001927689,0.25,0.020841823695362891,0,0.020841823695362915,0.00010420911847681459,0.00010420368889523333,,,,,,,
cooling_tau_search,cool_from_critical,cooling_tau_s,40,47,,false,21.014646735944254,0.25,0.01864255466926976,0,0.018642554669269784,9.3212773346348929e-05,9.3208429170770068e-05,,,,,,,
cooling_tau_search,cool_from_critical,cooling_tau_s,40,48,,false,20.915524754858623,0.25,0.016561218309221522,0,0.016561218309221526,8.2806091546107629e-05,8.2802663216338576e-05,,,,,,,
cooling_tau_search,cool_from_critical,cooling_tau_s,40,49,,false,20.818850104205922,0.25,0.01459002544063609,0,0.014590025440636145,7.2950127203180726e-05,7.2947466407353431e-05,,,,,,,
cooling_tau_search,cool_from_critical,cooling_tau_s,40,50,,false,20.724562359182467,0.25,0.012721792919703351,0,0.012721792919703323,6.3608964598516613e-05,6.3606941591221999e-05,,,,,,,
cooling_tau_search,cool_from_critical,cooling_tau_s,40,51,,false,20.632602586878292,0.25,0.010949890018653119,0,0.010949890018653097,5.4749450093265488e-05,5.4747951369474292e-05,,,,,,,
cooling_tau_search,cool_from_critical,cooling_tau_s,40,52,,false,20.542913309442159,0.25,0.0092681900794946894,0,0.0092681900794946426,4.6340950397473211e-05,4.633987667221722e-05,,,,,,,
cooling_tau_search,cool_from_critical,cooling_tau_s,40,53,,false,20.455438468156043,0.25,0.0076710268702932585,0,0.0076710268702933071,3.8355134351466538e-05,3.8354398802705031e-05,,,,,,,
cooling_tau_search,cool_from_critical,cooling_tau_s,40,54,,false,20.370123388396586,0.25,0.0061531551437310206,0,0.0061531551437310483,3.0765775718655239e-05,3.0765302457030884e-05,,,,,,,
cooling_tau_search,cool_from_critical,cooling_tau_s,40,55,,false,20.286914745461701,0.25,0.0047097149552220493,0,0.0047097149552220996,2.3548574776110498e-05,2.3548297510599912e-05,,,,,,,
cooling_tau_search,cool_from_critical,cooling_tau_s,40,56,,false,20.20576053124088,0.25,0.0033361993482835376,0,0.0033361993482835528,1.6680996741417765e-05,1.6680857614365215e-05,,,,,,,
cooling_tau_search,cool_from_critical,cooling_tau_s,40,57,,false,20.126610021708444,0.25,0.0020284250591481607,0,0.0020284250591481312,1.0142125295740656e-05,1.0142073864561772e-05,,,,,,,
cooling_tau_search,cool_from_critical,cooling_tau_s,40,58,,false,20.049413745219365,0.25,0.00078250593152304193,0,0.0007825059315230698,3.9125296576153488e-06,3.91252200368117e-06,,,,,,,
cooling_tau_search,cool_from_critical,cooling_tau_s,40,59,,false,19.974123451587886,0.25,0,0,0,0,0,,,,,,,
cooling_tau_search,cool_from_critical,cooling_tau_s,40,60,,false,19.900692081929581,0.25,0,0,0,0,0,,,,,,,
cooling_tau_search,cool_from_critical,cooling_tau_s,40,61,,false,19.82907373924802,0.25,0,0,0,0,0,,,,,,,
cooling_tau_search,cool_from_critical,cooling_tau_s,40,62,,false,19.759223659747654,0.25,0,0,0,0,0,,,,,,,
cooling_tau_search,cool_from_critical,cooling_tau_s,40,63,,false,19.69109818485498,0.25,0,0,0,0,0,,,,,,,
cooling_tau_search,cool_from_critical,cooling_tau_s,40,64,,false,19.624654733930516,0.25,0,0,0,0,0,,,,,,,
cooling_tau_search,cool_from_critical,cooling_tau_s,40,65,,false,19.559851777654519,0.25,0,0,0,0,0,,,,,,,
cooling_tau_search,cool_from_critical,cooling_tau_s,40,66,,false,19.4966488120698,0.25,0,0,0,0,0,,,,,,,
cooling_tau_search,cool_from_critical,cooling_tau_s,40,67,,false,19.435006333265438,0.25,0,0,0,0,0,,,,,,,
cooling_tau_search,cool_from_critical,cooling_tau_s,40,68,,false,19.374885812685548,0.25,0,0,0,0,0,,,,,,,
cooling_tau_search,cool_from_critical,cooling_tau_s,40,69,,false,19.316249673047679,0.25,0,0,0,0,0,,,,,,,
cooling_tau_search,cool_from_critical,cooling_tau_s,40,70,,false,19.259061264855784,0.25,0,0,0,0,0,,,,,,,
cooling_tau_search,cool_from_critical,cooling_tau_s,40,71,,false,19.203284843493108,0.25,0,0,0,0,0,,,,,,,
cooling_tau_search,cool_from_critical,cooling_tau_s,40,72,,false,19.148885546880621,0.25,0,0,0,0,0,,,,,,,
cooling_tau_search,cool_from_critical,cooling_tau_s,40,73,,false,19.095829373687092,0.25,0,0,0,0,0,,,,,,,
cooling_tau_search,cool_from_critical,cooling_tau_s,40,74,,false,19.044083162077154,0.25,0,0,0,0,0,,,,,,,
cooling_tau_search,cool_from_critical,cooling_tau_s,40,75,,false,18.993614568984064,0.25,0,0,0,0,0,,,,,,,
cooling_tau_search,cool_from_critical,cooling_tau_s,40,76,,false,18.944392049894251,0.25,0,0,0,0,0,,,,,,,
cooling_tau_search,cool_from_critical,cooling_tau_s,40,77,,false,18.896384839130953,0.25,0,0,0,0,0,,,,,,,
cooling_tau_search,cool_from_critical,cooling_tau_s,40,78,,false,18.849562930624671,0.25,0,0,0,0,0,,,,,,,
cooling_tau_search,cool_from_critical,cooling_tau_s,40,79,,false,18.803897059158412,0.25,0,0,0,0,0,,,,,,,
cooling_tau_search,cool_from_critical,cooling_tau_s,40,80,,false,18.759358682075959,0.25,0,0,0,0,0,,,,,,,
cooling_tau_search,cool_from_critical,cooling_tau_s,40,81,,false,18.715919961441788,0.25,0,0,0,0,0,,,,,,,
cooling_tau_search,cool_from_critical,cooling_tau_s,40,82,,false,18.673553746641449,0.25,0,0,0,0,0,,,,,,,
cooling_tau_search,cool_from_critical,cooling_tau_s,40,83,,false,18.63223355741156,0.25,0,0,0,0,0,,,,,,,
cooling_tau_search,cool_from_critical,cooling_tau_s,40,84,,false,18.591933567288763,0.25,0,0,0,0,0,,,,,,,
cooling_tau_search,cool_from_critical,cooling_tau_s,40,85,,false,18.552628587467353,0.25,0,0,0,0,0,,,,,,,
cooling_tau_search,cool_from_critical,cooling_tau_s,40,86,,false,18.514294051055458,0.25,0,0,0,0,0,,,,,,,
cooling_tau_search,cool_from_critical,cooling_tau_s,40,87,,false,18.476905997719925,0.25,0,0,0,0,0,,,,,,,
cooling_tau_search,cool_from_critical,cooling_tau_s,40,88,,false,18.440441058710338,0.25,0,0,0,0,0,,,,,,,
cooling_tau_search,cool_from_critical,cooling_tau_s,40,89,,false,18.404876442252778,0.25,0,0,0,0,0,,,,,,,
cooling_tau_search,cool_from_critical,cooling_tau_s,40,90,,false,18.370189919304234,0.25,0,0,0,0,0,,,,,,,
cooling_tau_search,cool_from_critical,cooling_tau_s,40,91,,false,18.33635980965872,0.25,0,0,0,0,0,,,,,,,
cooling_tau_search,cool_from_critical,cooling_tau_s,40,92,,false,18.303364968396444,0.25,0,0,0,0,0,,,,,,,
cooling_tau_search,cool_from_critical,cooling_tau_s,40,93,,false,18.271184772667546,0.25,0,0,0,0,0,,,,,,,
cooling_tau_search,cool_from_critical,cooling_tau_s,40,94,,false,18.239799108802139,0.25,0,0,0,0,0,,,,,,,
cooling_tau_search,cool_from_critical,cooling_tau_s,40,95,,false,18.209188359738619,0.25,0,0,0,0,0,,,,,,,
cooling_tau_search,cool_from_critical,cooling_tau_s,40,96,,false,18.179333392762356,0.25,0,0,0,0,0,,,,,,,
cooling_tau_search,cool_from_critical,cooling_tau_s,40,97,,false,18.150215547547127,0.25,0,0,0,0,0,,,,,,,
cooling_tau_search,cool_from_critical,cooling_tau_s,40,98,,false,18.12181662449181,0.25,0,0,0,0,0,,,,,,,
cooling_tau_search,cool_from_critical,cooling_tau_s,40,99,,false,18.094118873345028,0.25,0,0,0,0,0,,,,,,,
cooling_tau_search,cool_from_critical,cooling_tau_s,40,100,,false,18.067104982110678,0.25,0,0,0,0,0,,,,,,,
cooling_tau_search,cool_from_critical,cooling_tau_s,40,101,,false,18.040758066227362,0.25,0,0,0,0,0,,,,,,,
cooling_tau_search,cool_from_critical,cooling_tau_s,40,102,,false,18.015061658014986,0.25,0,0,0,0,0,,,,,,,
cooling_tau_search,cool_from_critical,cooling_tau_s,40,103,,false,17.989999696381929,0.25,0,0,0,0,0,,,,,,,
cooling_tau_search,cool_from_critical,cooling_tau_s,40,104,,false,17.965556516786336,0.25,0,0,0,0,0,,,,,,,
cooling_tau_search,cool_from_critical,cooling_tau_s,40,105,,false,17.941716841445263,0.25,0,0,0,0,0,,,,,,,
cooling_tau_search,cool_from_critical,cooling_tau_s,40,106,,false,17.91846576978558,0.25,0,0,0,0,0,,,,,,,
cooling_tau_search,cool_from_critical,cooling_tau_s,40,107,,false,17.895788769130608,0.25,0,0,0,0,0,,,,,,,
cooling_tau_search,cool_from_critical,cooling_tau_s,40,108,,false,17.87367166561674,0.25,0,0,0,0,0,,,,,,,
cooling_tau_search,cool_from_critical,cooling_tau_s,40,109,,false,17.85210063533431,0.25,0,0,0,0,0,,,,,,,
cooling_tau_search,cool_from_critical,cooling_tau_s,40,110,,false,17.831062195687192,0.25,0,0,0,0,0,,,,,,,
cooling_tau_search,cool_from_critical,cooling_tau_s,40,111,,false,17.81054319696575,0.25,0,0,0,0,0,,,,,,,
cooling_tau_search,cool_from_critical,cooling_tau_s,40,112,,false,17.790530814127827,0.25,0,0,0,0,0,,,,,,,
cooling_tau_search,cool_from_critical,cooling_tau_s,40,113,,false,17.771012538782696,0.25,0,0,0,0,0,,,,,,,
cooling_tau_search,cool_from_critical,cooling_tau_s,40,114,,false,17.751976171372892,0.25,0,0,0,0,0,,,,,,,
cooling_tau_search,cool_from_critical,cooling_tau_s,40,115,,false,17.733409813549098,0.25,0,0,0,0,0,,,,,,,
cooling_tau_search,cool_from_critical,cooling_tau_s,40,116,,false,17.715301860733287,0.25,0,0,0,0,0,,,,,,,
cooling_tau_search,cool_from_critical,cooling_tau_s,40,117,,false,17.697640994865484,0.25,0,0,0,0,0,,,,,,,
cooling_tau_search,cool_from_critical,cooling_tau_s,40,118,,false,17.680416177329615,0.25,0,0,0,0,0,,,,,,,
cooling_tau_search,cool_from_critical,cooling_tau_s,40,119,,false,17.663616642054002,0.25,0,0,0,0,0,,,,,,,
cooling_tau_search,cool_from_critical,cooling_tau_s,40,120,,false,17.647231888782226,0.25,0,0,0,0,0,,,,,,,
cooling_tau_search,cool_from_critical,cooling_tau_s,60,1,,false,29.785128899681027,0.25,0.93430143020900536,0,0.93430143020900536,0.0046715071510450273,0.0046606126327227776,,,,,,,
cooling_tau_search,cool_from_critical,cooling_tau_s,60,2,,false,29.573809306266078,0.25,0.87369044140358776,0,0.87369044140358776,0.0043684522070179385,0.0043589243986497635,,,,,,,
cooling_tau_search,cool_from_critical,cooling_tau_s,60,3,,false,29.365982518509284,0.25,0.81771393374673873,0,0.81771393374673873,0.0040885696687336937,0.0040802228471608975,,,,,,,
cooling_tau_search,cool_from_critical,cooling_tau_s,60,4,,false,29.161590805411031,0.25,0.76596378299964241,0,0.76596378299964241,0.0038298189149982122,0.0038224945118999747,,,,,,,
cooling_tau_search,cool_from_critical,cooling_tau_s,60,5,,false,28.9605773901812,0.25,0.71807196030735809,0,0.71807196030735809,0.0035903598015367905,0.00358392216656442,,,,,,,
cooling_tau_search,cool_from_critical,cooling_tau_s,60,6,,false,28.762886434467472,0.25,0.6737062232317359,0,0.6737062232317359,0.0033685311161586796,0.0033628639803120765,,,,,,,
cooling_tau_search,cool_from_critical,cooling_tau_s,60,7,,false,28.568463022844305,0.25,0.63256630659602153,0,0.63256630659602153,0.0031628315329801076,0.0031578350503927667,,,,,,,
cooling_tau_search,cool_from_critical,cooling_tau_s,60,8,,false,28.377253147558314,0.25,0.59438055117821265,0,0.59438055117821265,0.0029719027558910635,0.0029674910243903175,,,,,,,
cooling_tau_search,cool_from_critical,cooling_tau_s,60,9,,false,28.189203693525748,0.25,0.558902916438759,0,0.558902916438759,0.002794514582193795,0.0027906135609850383,,,,,,,
cooling_tau_search,cool_from_critical,cooling_tau_s,60,10,,false,28.004262423577977,0.25,0.52591033048678648,0,0.52591033048678648,0.0026295516524339323,0.0026260974098539602,,,,,,,
cooling_tau_search,cool_from_critical,cooling_tau_s,60,11,,false,27.822377963950828,0.25,0.49520033654212953,0,0.49520033654212958,0.0024760016827106478,0.0024729389188685481,,,,,,,
cooling_tau_search,cool_from_critical,cooling_tau_s,60,12,,false,27.643499790013756,0.25,0.46658900037739781,0,0.46658900037739781,0.0023329450018869892,0.002330225800689392,,,,,,,
cooling_tau_search,cool_from_critical,cooling_tau_s,60,13,,false,27.467578212234908,0.25,0.43990904774358214,0,0.43990904774358208,0.0021995452387179103,0.0021971280116808677,,,,,,,
cooling_tau_search,cool_from_critical,cooling_tau_s,60,14,,false,27.294564362378154,0.25,0.4150082046947951,0,0.41500820469479516,0.0020750410234739759,0.0020728896141942151,,,,,,,
cooling_tau_search,cool_from_critical,cooling_tau_s,60,15,,false,27.124410179928255,0.25,0.39174771711847972,0,0.39174771711847978,0.001958738585592399,0.0019568215090572652,,,,,,,
cooling_tau_search,cool_from_critical,cooling_tau_s,60,16,,false,26.957068398740425,0.25,0.37000102871967427,0,0.37000102871967422,0.0018500051435983711,0.0018482949388744486,,,,,,,
cooling_tau_search,cool_from_critical,cooling_tau_s,60,17,,false,26.792492533910533,0.25,0.34965259926415504,0,0.34965259926415504,0.0017482629963207752,0.0017467356747515395,,,,,,,
cooling_tau_search,cool_from_critical,cooling_tau_s,60,18,,false,26.630636868862325,0.25,0.33059684710863407,0,0.33059684710863402,0.0016529842355431702,0.0016516188095478642,,,,,,,
cooling_tau_search,cool_from_critical,cooling_tau_s,60,19,,false,26.471456442648101,0.25,0.31273720198232302,0,0.31273720198232302,0.001563686009911615,0.0015624640899255316,,,,,,,
cooling_tau_search,cool_from_critical,cooling_tau_s,60,20,,false,26.314907037459253,0.25,0.29598525567205625,0,0.29598525567205625,0.0014799262783602813,0.0014788317274837099,,,,,,,
cooling_tau_search,cool_from_critical,cooling_tau_s,60,21,,false,26.160945166343268,0.25,0.2802599997363342,0,0.2802599997363342,0.0014012999986816709,0.0014003186362864168,,,,,,,
cooling_tau_search,cool_from_critical,cooling_tau_s,60,22,,false,26.009528061123731,0.25,0.26548714066079571,0,0.26548714066079571,0.0013274357033039785,0.0013265550502439814,,,,,,,
cooling_tau_search,cool_from_critical,cooling_tau_s,60,23,,false,25.860613660520016,0.25,0.2515984839935318,0,0.2515984839935318,0.0012579924199676591,0.001257201479203906,,,,,,,
cooling_tau_search,cool_from_critical,cooling_tau_s,60,24,,false,25.714160598463302,0.25,0.23853137998452356,0,0.23853137998452356,0.0011926568999226178,0.0011919459673431214,,,,,,,
cooling_tau_search,cool_from_critical,cooling_tau_s,60,25,,false,25.570128192605758,0.25,0.22622822411773338,0,0.22622822411773336,0.0011311411205886669,0.0011305016216152455,,,,,,,
cooling_tau_search,cool_from_critical,cooling_tau_s,60,26,,false,25.428476433019615,0.25,0.21463600668272478,0,0.21463600668272476,0.0010731800334136238,0.0010726043816659673,,,,,,,
cooling_tau_search,cool_from_critical,cooling_tau_s,60,27,,false,25.289165971083044,0.25,0.20370590619889706,0,0.20370590619889706,0.0010185295309944854,0.001018011005851063,,,,,,,
cooling_tau_search,cool_from_critical,cooling_tau_s,60,28,,false,25.15215810854972,0.25,0.19339292209120454,0,0.19339292209120451,0.0009669646104560226,0.00096649725082929643,,,,,,,
cooling_tau_search,cool_from_critical,cooling_tau_s,60,29,,false,25.01741478679908,0.25,0.18365554253189939,0,0.18365554253189942,0.00091827771265949707,0.0009178562247049171,,,,,,,
cooling_tau_search,cool_from_critical,cooling_tau_s,60,30,,false,24.884898576264224,0.25,0.17445544381717409,0,0.17445544381717415,0.00087227721908587073,0.0008718968959028565,,,,,,,
cooling_tau_search,cool_from_critical,cooling_tau_s,60,31,,false,24.754572666034576,0.25,0.16575721804833751,0,0.16575721804833754,0.00082878609024168769,0.00082844274191065637,,,,,,,
cooling_tau_search,cool_from_critical,cooling_tau_s,60,32,,false,24.6264008536304,0.25,0.15752812624095897,0,0.15752812624095891,0.00078764063120479453,0.0007873305237459208,,,,,,,
cooling_tau_search,cool_from_critical,cooling_tau_s,60,33,,false,24.500347534946314,0.25,0.14973787429808355,0,0.1497378742980835,0.0007486893714904175,0.00074840917353436592,,,,,,,
cooling_tau_search,cool_from_critical,cooling_tau_s,60,34,,false,24.376377694361036,0.25,0.14235840956020518,0,0.14235840956020518,0.00071179204780102588,0.00071153878393533554,,,,,,,
cooling_tau_search,cool_from_critical,cooling_tau_s,60,35,,false,24.254456895010598,0.25,0.13536373588957656,0,0.13536373588957651,0.00067681867944788254,0.0006765896893499633,,,,,,,
cooling_tau_search,cool_from_critical,cooling_tau_s,60,36,,false,24.134551269222328,0.25,0.12872974546346458,0,0.12872974546346461,0.00064364872731732304,0.00064344162991027837,,,,,,,
cooling_tau_search,cool_from_critical,cooling_tau_s,60,37,,false,24.01662750910695,0.25,0.12243406564348891,0,0.12243406564348891,0.00061217032821744453,0.00061198299019161323,,,,,,,
cooling_tau_search,cool_from_critical,cooling_tau_s,60,38,,false,23.900652857306167,0.25,0.11645591945911773,0,0.11645591945911771,0.00058227959729558853,0.00058211010542968988,,,,,,,
cooling_tau_search,cool_from_critical,cooling_tau_s,60,39,,false,23.786595097893194,0.25,0.11077599839530912,0,0.11077599839530916,0.00055387999197654579,0.00055372662877003391,,,,,,,
cooling_tau_search,cool_from_critical,cooling_tau_s,60,40,,false,23.674422547423681,0.25,0.10537634630940371,0,0.10537634630940373,0.00052688173154701869,0.00052674295374173323,,,,,,,
cooling_tau_search,cool_from_critical,cooling_tau_s,60,41,,false,23.564104046134553,0.25,0.10024025342267302,0,0.10024025342267306,0.00050120126711336534,0.00050107568673951109,,,,,,,
cooling_tau_search,cool_from_critical,cooling_tau_s,60,42,,false,23.455608949288312,0.25,0.095352159439113168,0,0.095352159439113127,0.00047676079719556565,0.00047664716482589817,,,,,,,
cooling_tau_search,cool_from_critical,cooling_tau_s,60,43,,false,23.348907118660421,0.25,0.090697564939664493,0,0.090697564939664521,0.00045348782469832263,0.00045338501463637224,,,,,,,
cooling_tau_search,cool_from_critical,cooling_tau_s,60,44,,false,23.243968914167382,0.25,0.08626295028536124,0,0.08626295028536124,0.00043131475142680622,0.00043122174859105261,,,,,,,
cooling_tau_search,cool_from_critical,cooling_tau_s,60,45,,false,23.140765185633182,0.25,0.082035701339132044,0,0.082035701339132072,0.00041017850669566039,0.00041009439499264683,,,,,,,
cooling_tau_search,cool_from_critical,cooling_tau_s,60,46,,false,23.039267264691841,0.25,0.078004041384122411,0,0.078004041384122424,0.00039002020692061214,0.00038994415892678171,,,,,,,
cooling_tau_search,cool_from_critical,cooling_tau_s,60,47,,false,22.939446956823787,0.25,0.074156968677383653,0,0.074156968677383639,0.00037078484338691823,0.00037071611118209125,,,,,,,
cooling_tau_search,cool_from_critical,cooling_tau_s,60,48,,false,22.841276533523871,0.25,0.070484199132382921,0,0.070484199132382908,0.00035242099566191456,0.00035235890267732757,,,,,,,
cooling_tau_search,cool_from_critical,cooling_tau_s,60,49,,false,22.744728724598819,0.25,0.066976113672728876,0,0.066976113672728932,0.00033488056836364469,0.00033482450212478354,,,,,,,
cooling_tau_search,cool_from_critical,cooling_tau_s,60,50,,false,22.649776710592008,0.25,0.063623709843408843,0,0.063623709843408816,0.00031811854921704407,0.00031806795487650773,,,,,,,
cooling_tau_search,cool_from_critical,cooling_tau_s,60,51,,false,22.55639411533344,0.25,0.060418557305238464,0,0.060418557305238485,0.00030209278652619244,0.00030204716109484374,,,,,,,
cooling_tau_search,cool_from_critical,cooling_tau_s,60,52,,false,22.464554998612858,0.25,0.057352756873629333,0,0.057352756873629285,0.00028676378436814643,0.00028672267156411551,,,,,,,
cooling_tau_search,cool_from_critical,cooling_tau_s,60,53,,false,22.374233848973972,0.25,0.054418902794607517,0,0.054418902794607482,0.00027209451397303743,0.00027205749961798075,,,,,,,
cooling_tau_search,cool_from_critical,cooling_tau_s,60,54,,false,22.285405576627781,0.25,0.051610047979654204,0,0.051610047979654183,0.00025805023989827091,0.00025801694779885477,,,,,,,
cooling_tau_search,cool_from_critical,cooling_tau_s,60,55,,false,22.198045506483009,0.25,0.048919671946725328,0,0.048919671946725307,0.00024459835973362652,0.00024456844799367153,,,,,,,
cooling_tau_search,cool_from_critical,cooling_tau_s,60,56,,false,22.112129371291772,0.25,0.046341651238044665,0,0.046341651238044679,0.0002317082561902234,0.00023168141390546307,,,,,,,
cooling_tau_search,cool_from_critical,cooling_tau_s,60,57,,false,22.027633304908512,0.25,0.043870232106215004,0,0.04387023210621499,0.00021935116053107496,0.00021932710482417637,,,,,,,
cooling_tau_search,cool_from_critical,cooling_tau_s,60,58,,false,21.944533835660359,0.25,0.041500005279101457,0,0.041500005279101471,0.00020750002639550736,0.00020747849975398226,,,,,,,
cooling_tau_search,cool_from_critical,cooling_tau_s,60,59,,false,21.862807879827074,0.25,0.039225882631016513,0,0.039225882631016562,0.00019612941315508281,0.00019611018103907896,,,,,,,
cooling_tau_search,cool_from_critical,cooling_tau_s,60,60,,false,21.782432735228749,0.25,0.037043075603165117,0,0.03704307560316511,0.00018521537801582556,0.00018519822670661054,,,,,,,
cooling_tau_search,cool_from_critical,cooling_tau_s,60,61,,false,21.703386074919514,0.25,0.0349470752302651,0,0.034947075230265079,0.00017473537615132539,0.00017472011081463043,,,,,,,
cooling_tau_search,cool_from_critical,cooling_tau_s,60,62,,false,21.625645940985446,0.25,0.032933633642883361,0,0.032933633642883375,0.00016466816821441687,0.0001646546111557542,,,,,,,
cooling_tau_search,cool_from_critical,cooling_tau_s,60,63,,false,21.54919073844502,0.25,0.030998746926467705,0,0.030998746926467757,0.00015499373463233879,0.00015498172372399767,,,,,,,
cooling_tau_search,cool_from_critical,cooling_tau_s,60,64,,false,21.47399922925036,0.25,0.029138639228414157,0,0.029138639228414198,0.000145693196142071,0.00014568258340377747,,,,,,,
cooling_tau_search,cool_from_critical,cooling_tau_s,60,65,,false,21.400050526387648,0.25,0.027349748013909221,0,0.027349748013909214,0.00013674874006954608,0.00013673939038678142,,,,,,,
cooling_tau_search,cool_from_critical,cooling_tau_s,60,66,,false,21.327324088075034,0.25,0.025628710379812691,0,0.025628710379812736,0.00012814355189906369,0.00012813534186480844,,,,,,,
cooling_tau_search,cool_from_critical,cooling_tau_s,60,67,,false,21.255799712056458,0.25,0.02397235034359068,0,0.023972350343590687,0.00011986175171795344,0.00011985456858518815,,,,,,,
cooling_tau_search,cool_from_critical,cooling_tau_s,60,68,,false,21.185457529989787,0.25,0.022377667031342675,0,0.022377667031342696,0.00011188833515671348,0.00011188207589038989,,,,,,,
cooling_tau_search,cool_from_critical,cooling_tau_s,60,69,,false,21.116278001927693,0.25,0.020841823695362974,0,0.020841823695363026,0.00010420911847681513,0.00010420368889523387,,,,,,,
cooling_tau_search,cool_from_critical,cooling_tau_s,60,70,,false,21.048241910889772,0.25,0.019362137497496882,0,0.019362137497496934,9.6810687487484668e-05,9.6806001484098388e-05,,,,,,,
cooling_tau_search,cool_from_critical,cooling_tau_s,60,71,,false,20.981330357524367,0.25,0.017936069999848384,0,0.017936069999848425,8.9680349999242122e-05,8.9676328836861441e-05,,,,,,,
cooling_tau_search,cool_from_critical,cooling_tau_s,60,72,,false,20.91552475485863,0.25,0.016561218309221668,0,0.016561218309221637,8.2806091546108184e-05,8.2802663216339131e-05,,,,,,,
cooling_tau_search,cool_from_critical,cooling_tau_s,60,73,,false,20.85080682313535,0.25,0.01523530682607767,0,0.015235306826077655,7.6176534130388272e-05,7.6173632771884495e-05,,,,,,,
cooling_tau_search,cool_from_critical,cooling_tau_s,60,74,,false,20.787158584735128,0.25,0.013956179552797184,0,0.013956179552797154,6.9780897763985778e-05,6.9778463133769963e-05,,,,,,,
cooling_tau_search,cool_from_critical,cooling_tau_s,60,75,,false,20.724562359182475,0.25,0.012721792919703488,0,0.012721792919703434,6.3608964598517169e-05,6.3606941591222554e-05,,,,,,,
cooling_tau_search,cool_from_critical,cooling_tau_s,60,76,,false,20.66300075823446,0.25,0.011530209090639313,0,0.011530209090639287,5.7651045453196438e-05,5.7649383663610305e-05,,,,,,,
cooling_tau_search,cool_from_critical,cooling_tau_s,60,77,,false,20.602456681050533,0.25,0.010379589712947349,0,0.01037958971294739,5.1897948564736952e-05,5.1896601889501001e-05,,,,,,,
cooling_tau_search,cool_from_critical,cooling_tau_s,60,78,,false,20.542913309442167,0.25,0.009268190079494823,0,0.0092681900794948646,4.6340950397474323e-05,4.6339876672218331e-05,,,,,,,
cooling_tau_search,cool_from_critical,cooling_tau_s,60,79,,false,20.484354103201046,0.25,0.0081943536729377642,0,0.0081943536729377486,4.0971768364688747e-05,4.0970929033250282e-05,,,,,,,
cooling_tau_search,cool_from_critical,cooling_tau_s,60,80,,false,20.426762795504452,0.25,0.0071565070647558538,0,0.0071565070647559015,3.578253532377951e-05,3.5781895136498279e-05,,,,,,,
cooling_tau_search,cool_from_critical,cooling_tau_s,60,81,,false,20.370123388396593,0.25,0.0061531551437311455,0,0.0061531551437311593,3.0765775718655795e-05,3.076530245703144e-05,,,,,,,
cooling_tau_search,cool_from_critical,cooling_tau_s,60,82,,false,20.314420148344631,0.25,0.0051828766505043608,0,0.00518287665050432,2.59143832525216e-05,2.5914047477792391e-05,,,,,,,
cooling_tau_search,cool_from_critical,cooling_tau_s,60,83,,false,20.259637601868157,0.25,0.0042443199966403283,0,0.0042443199966403222,2.1221599983201612e-05,2.122137480664156e-05,,,,,,,
cooling_tau_search,cool_from_critical,cooling_tau_s,60,84,,false,20.205760531240887,0.25,0.0033361993482836552,0,0.0033361993482836638,1.6680996741418321e-05,1.668085761436577e-05,,,,,,,
cooling_tau_search,cool_from_critical,cooling_tau_s,60,85,,false,20.152773970263436,0.25,0.0024572909560001549,0,0.0024572909560001133,1.2286454780000567e-05,1.2286379301824155e-05,,,,,,,
cooling_tau_search,cool_from_critical,cooling_tau_s,60,86,,false,20.100663200105934,0.25,0.0016064297137883335,0,0.0016064297137883266,8.0321485689416327e-06,8.0321163113226816e-06,,,,,,,
cooling_tau_search,cool_from_critical,cooling_tau_s,60,87,,false,20.049413745219372,0.25,0.00078250593152315523,0,0.00078250593152318082,3.9125296576159045e-06,3.9125220036817257e-06,,,,,,,
cooling_tau_search,cool_from_critical,cooling_tau_s,60,88,,false,19.99901136931452,0.25,0,0,0,0,0,,,,,,,
cooling_tau_search,cool_from_critical,cooling_tau_s,60,89,,false,19.949442071407312,0.25,0,0,0,0,0,,,,,,,
cooling_tau_search,cool_from_critical,cooling_tau_s,60,90,,false,19.900692081929591,0.25,0,0,0,0,0,,,,,,,
cooling_tau_search,cool_from_critical,cooling_tau_s,60,91,,false,19.852747858904149,0.25,0,0,0,0,0,,,,,,,
cooling_tau_search,cool_from_critical,cooling_tau_s,60,92,,false,19.805596084182969,0.25,0,0,0,0,0,,,,,,,
cooling_tau_search,cool_from_critical,cooling_tau_s,60,93,,false,19.759223659747661,0.25,0,0,0,0,0,,,,,,,
cooling_tau_search,cool_from_critical,cooling_tau_s,60,94,,false,19.713617704071037,0.25,0,0,0,0,0,,,,,,,
cooling_tau_search,cool_from_critical,cooling_tau_s,60,95,,false,19.668765548538822,0.25,0,0,0,0,0,,,,,,,
cooling_tau_search,cool_from_critical,cooling_tau_s,60,96,,false,19.624654733930523,0.25,0,0,0,0,0,,,,,,,
cooling_tau_search,cool_from_critical,cooling_tau_s,60,97,,false,19.58127300695844,0.25,0,0,0,0,0,,,,,,,
cooling_tau_search,cool_from_critical,cooling_tau_s,60,98,,false,19.538608316863915,0.25,0,0,0,0,0,,,,,,,
cooling_tau_search,cool_from_critical,cooling_tau_s,60,99,,false,19.496648812069804,0.25,0,0,0,0,0,,,,,,,
cooling_tau_search,cool_from_critical,cooling_tau_s,60,100,,false,19.455382836888305,0.25,0,0,0,0,0,,,,,,,
cooling_tau_search,cool_from_critical,cooling_tau_s,60,101,,false,19.41479892828319,0.25,0,0,0,0,0,,,,,,,
cooling_tau_search,cool_from_critical,cooling_tau_s,60,102,,false,19.374885812685552,0.25,0,0,0,0,0,,,,,,,
cooling_tau_search,cool_from_critical,cooling_tau_s,60,103,,false,19.335632402862192,0.25,0,0,0,0,0,,,,,,,
cooling_tau_search,cool_from_critical,cooling_tau_s,60,104,,false,19.297027794835756,0.25,0,0,0,0,0,,,,,,,
cooling_tau_search,cool_from_critical,cooling_tau_s,60,105,,false,19.259061264855784,0.25,0,0,0,0,0,,,,,,,
cooling_tau_search,cool_from_critical,cooling_tau_s,60,106,,false,19.221722266419821,0.25,0,0,0,0,0,,,,,,,
cooling_tau_search,cool_from_critical,cooling_tau_s,60,107,,false,19.185000427343759,0.25,0,0,0,0,0,,,,,,,
cooling_tau_search,cool_from_critical,cooling_tau_s,60,108,,false,19.148885546880621,0.25,0,0,0,0,0,,,,,,,
cooling_tau_search,cool_from_critical,cooling_tau_s,60,109,,false,19.113367592886945,0.25,0,0,0,0,0,,,,,,,
cooling_tau_search,cool_from_critical,cooling_tau_s,60,110,,false,19.078436699036015,0.25,0,0,0,0,0,,,,,,,
cooling_tau_search,cool_from_critical,cooling_tau_s,60,111,,false,19.044083162077154,0.25,0,0,0,0,0,,,,,,,
cooling_tau_search,cool_from_critical,cooling_tau_s,60,112,,false,19.010297439140309,0.25,0,0,0,0,0,,,,,,,
cooling_tau_search,cool_from_critical,cooling_tau_s,60,113,,false,18.977070145085193,0.25,0,0,0,0,0,,,,,,,
cooling_tau_search,cool_from_critical,cooling_tau_s,60,114,,false,18.944392049894251,0.25,0,0,0,0,0,,,,,,,
cooling_tau_search,cool_from_critical,cooling_tau_s,60,115,,false,18.912254076108695,0.25,0,0,0,0,0,,,,,,,
cooling_tau_search,cool_from_critical,cooling_tau_s,60,116,,false,18.880647296306933,0.25,0,0,0,0,0,,,,,,,
cooling_tau_search,cool_from_critical,cooling_tau_s,60,117,,false,18.849562930624675,0.25,0,0,0,0,0,,,,,,,
cooling_tau_search,cool_from_critical,cooling_tau_s,60,118,,false,18.818992344316019,0.25,0,0,0,0,0,,,,,,,
cooling_tau_search,cool_from_critical,cooling_tau_s,60,119,,false,18.788927045354868,0.25,0,0,0,0,0,,,,,,,
cooling_tau_search,cool_from_critical,cooling_tau_s,60,120,,false,18.759358682075963,0.25,0,0,0,0,0,,,,,,,
failure_intensity_search,representative_66sat_1000s,max_failure_intensity_per_s,0.0050000000000000001,,,,,,,,,,1,1,0,1,8,27.028044048417954,
failure_intensity_search,representative_66sat_1000s,max_failure_intensity_per_s,0.0050000000000000001,,,,,,,,,,2,0,0,0,9,,
failure_intensity_search,representative_66sat_1000s,max_failure_intensity_per_s,0.0050000000000000001,,,,,,,,,,3,2,1,1,7,27.759793165348484,1
failure_intensity_search,representative_66sat_1000s,max_failure_intensity_per_s,0.0050000000000000001,,,,,,,,,,4,1,0,1,8,26.250878973684586,
failure_intensity_search,representative_66sat_1000s,max_failure_intensity_per_s,0.0050000000000000001,,,,,,,,,,5,2,0,2,8,26.26169790346318,
failure_intensity_search,representative_66sat_1000s,max_failure_intensity_per_s,0.0050000000000000001,,,,,,,,,,6,0,0,0,9,,
failure_intensity_search,representative_66sat_1000s,max_failure_intensity_per_s,0.0050000000000000001,,,,,,,,,,7,0,0,0,9,,
failure_intensity_search,representative_66sat_1000s,max_failure_intensity_per_s,0.0050000000000000001,,,,,,,,,,8,2,1,1,8,24.921440714725833,4
failure_intensity_search,representative_66sat_1000s,max_failure_intensity_per_s,0.0050000000000000001,,,,,,,,,,9,1,1,0,8,28.682195633655386,1
failure_intensity_search,representative_66sat_1000s,max_failure_intensity_per_s,0.0050000000000000001,,,,,,,,,,10,1,0,1,8,27.736174480410455,
failure_intensity_search,representative_66sat_1000s,max_failure_intensity_per_s,0.0050000000000000001,,,,,,,,,,11,0,0,0,9,,
failure_intensity_search,representative_66sat_1000s,max_failure_intensity_per_s,0.0050000000000000001,,,,,,,,,,12,2,0,2,7,25.525210566088258,
failure_intensity_search,representative_66sat_1000s,max_failure_intensity_per_s,0.0050000000000000001,,,,,,,,,,13,0,0,0,9,,
failure_intensity_search,representative_66sat_1000s,max_failure_intensity_per_s,0.0050000000000000001,,,,,,,,,,14,2,0,2,7,27.370080904313753,
failure_intensity_search,representative_66sat_1000s,max_failure_intensity_per_s,0.0050000000000000001,,,,,,,,,,15,2,0,2,8,24.061362939167587,
failure_intensity_search,representative_66sat_1000s,max_failure_intensity_per_s,0.0050000000000000001,,,,,,,,,,16,1,1,0,8,28.769536941654053,8
failure_intensity_search,representative_66sat_1000s,max_failure_intensity_per_s,0.0050000000000000001,,,,,,,,,,17,0,0,0,9,,
failure_intensity_search,representative_66sat_1000s,max_failure_intensity_per_s,0.0050000000000000001,,,,,,,,,,18,2,1,1,8,26.993597390019687,9
failure_intensity_search,representative_66sat_1000s,max_failure_intensity_per_s,0.0050000000000000001,,,,,,,,,,19,0,0,0,9,,
failure_intensity_search,representative_66sat_1000s,max_failure_intensity_per_s,0.0050000000000000001,,,,,,,,,,20,2,2,0,7,28.870733895964204,5.5
failure_intensity_search,representative_66sat_1000s,max_failure_intensity_per_s,0.0050000000000000001,,,,,,,,,,21,0,0,0,9,,
failure_intensity_search,representative_66sat_1000s,max_failure_intensity_per_s,0.0050000000000000001,,,,,,,,,,22,0,0,0,9,,
failure_intensity_search,representative_66sat_1000s,max_failure_intensity_per_s,0.0050000000000000001,,,,,,,,,,23,0,0,0,9,,
failure_intensity_search,representative_66sat_1000s,max_failure_intensity_per_s,0.0050000000000000001,,,,,,,,,,24,1,0,1,8,28.381402604251981,
failure_intensity_search,representative_66sat_1000s,max_failure_intensity_per_s,0.0050000000000000001,,,,,,,,,,25,0,0,0,9,,
failure_intensity_search,representative_66sat_1000s,max_failure_intensity_per_s,0.0050000000000000001,,,,,,,,,,26,0,0,0,9,,
failure_intensity_search,representative_66sat_1000s,max_failure_intensity_per_s,0.0050000000000000001,,,,,,,,,,27,2,1,1,7,28.743124101697525,4
failure_intensity_search,representative_66sat_1000s,max_failure_intensity_per_s,0.0050000000000000001,,,,,,,,,,28,0,0,0,9,,
failure_intensity_search,representative_66sat_1000s,max_failure_intensity_per_s,0.0050000000000000001,,,,,,,,,,29,3,1,2,6,25.180521627244314,0
failure_intensity_search,representative_66sat_1000s,max_failure_intensity_per_s,0.0050000000000000001,,,,,,,,,,30,1,1,0,8,28.969317975890498,3
failure_intensity_search,representative_66sat_1000s,max_failure_intensity_per_s,0.01,,,,,,,,,,1,2,0,2,8,27.080213679140158,
failure_intensity_search,representative_66sat_1000s,max_failure_intensity_per_s,0.01,,,,,,,,,,2,0,0,0,9,,
failure_intensity_search,representative_66sat_1000s,max_failure_intensity_per_s,0.01,,,,,,,,,,3,3,2,1,6,28.14080644188768,0.5
failure_intensity_search,representative_66sat_1000s,max_failure_intensity_per_s,0.01,,,,,,,,,,4,2,0,2,8,27.224447445173464,
failure_intensity_search,representative_66sat_1000s,max_failure_intensity_per_s,0.01,,,,,,,,,,5,4,2,2,6,27.591427504502569,7.5
failure_intensity_search,representative_66sat_1000s,max_failure_intensity_per_s,0.01,,,,,,,,,,6,1,0,1,8,27.732626015473549,
failure_intensity_search,representative_66sat_1000s,max_failure_intensity_per_s,0.01,,,,,,,,,,7,0,0,0,9,,
failure_intensity_search,representative_66sat_1000s,max_failure_intensity_per_s,0.01,,,,,,,,,,8,3,1,2,8,25.414378169793068,4
failure_intensity_search,representative_66sat_1000s,max_failure_intensity_per_s,0.01,,,,,,,,,,9,3,1,2,7,25.390128932578875,1
failure_intensity_search,representative_66sat_1000s,max_failure_intensity_per_s,0.01,,,,,,,,,,10,1,0,1,8,27.736174480410455,
failure_intensity_search,representative_66sat_1000s,max_failure_intensity_per_s,0.01,,,,,,,,,,11,0,0,0,9,,
failure_intensity_search,representative_66sat_1000s,max_failure_intensity_per_s,0.01,,,,,,,,,,12,5,1,4,5,27.305831104507469,2
failure_intensity_search,representative_66sat_1000s,max_failure_intensity_per_s,0.01,,,,,,,,,,13,2,0,2,8,26.443828574508451,
failure_intensity_search,representative_66sat_1000s,max_failure_intensity_per_s,0.01,,,,,,,,,,14,3,1,2,6,27.757572607487148,0
failure_intensity_search,representative_66sat_1000s,max_failure_intensity_per_s,0.01,,,,,,,,,,15,3,0,3,8,25.001646584304794,
failure_intensity_search,representative_66sat_1000s,max_failure_intensity_per_s,0.01,,,,,,,,,,16,2,2,0,7,28.651542215987217,4
failure_intensity_search,representative_66sat_1000s,max_failure_intensity_per_s,0.01,,,,,,,,,,17,0,0,0,9,,
failure_intensity_search,representative_66sat_1000s,max_failure_intensity_per_s,0.01,,,,,,,,,,18,2,1,1,8,26.993597390019687,9
failure_intensity_search,representative_66sat_1000s,max_failure_intensity_per_s,0.01,,,,,,,,,,19,2,0,2,9,22.967855482022269,
failure_intensity_search,representative_66sat_1000s,max_failure_intensity_per_s,0.01,,,,,,,,,,20,4,2,2,6,27.102908752604314,5.5
failure_intensity_search,representative_66sat_1000s,max_failure_intensity_per_s,0.01,,,,,,,,,,21,0,0,0,9,,
failure_intensity_search,representative_66sat_1000s,max_failure_intensity_per_s,0.01,,,,,,,,,,22,2,0,2,8,26.658275571948195,
failure_intensity_search,representative_66sat_1000s,max_failure_intensity_per_s,0.01,,,,,,,,,,23,0,0,0,9,,
failure_intensity_search,representative_66sat_1000s,max_failure_intensity_per_s,0.01,,,,,,,,,,24,1,0,1,8,28.381402604251981,
failure_intensity_search,representative_66sat_1000s,max_failure_intensity_per_s,0.01,,,,,,,,,,25,2,2,0,7,29.007770745630733,6.5
failure_intensity_search,representative_66sat_1000s,max_failure_intensity_per_s,0.01,,,,,,,,,,26,0,0,0,9,,
failure_intensity_search,representative_66sat_1000s,max_failure_intensity_per_s,0.01,,,,,,,,,,27,2,1,1,7,28.743124101697525,4
failure_intensity_search,representative_66sat_1000s,max_failure_intensity_per_s,0.01,,,,,,,,,,28,0,0,0,9,,
failure_intensity_search,representative_66sat_1000s,max_failure_intensity_per_s,0.01,,,,,,,,,,29,3,1,2,6,25.180521627244314,0
failure_intensity_search,representative_66sat_1000s,max_failure_intensity_per_s,0.01,,,,,,,,,,30,1,1,0,8,28.969317975890498,3
failure_intensity_search,representative_66sat_1000s,max_failure_intensity_per_s,0.02,,,,,,,,,,1,3,0,3,8,27.452814241045093,
failure_intensity_search,representative_66sat_1000s,max_failure_intensity_per_s,0.02,,,,,,,,,,2,1,1,0,8,29.372974004490771,6
failure_intensity_search,representative_66sat_1000s,max_failure_intensity_per_s,0.02,,,,,,,,,,3,4,2,2,6,27.378323032992721,0.5
failure_intensity_search,representative_66sat_1000s,max_failure_intensity_per_s,0.02,,,,,,,,,,4,2,1,1,7,27.510207957669319,8
failure_intensity_search,representative_66sat_1000s,max_failure_intensity_per_s,0.02,,,,,,,,,,5,4,2,2,6,27.531776934885833,3.5
failure_intensity_search,representative_66sat_1000s,max_failure_intensity_per_s,0.02,,,,,,,,,,6,4,0,4,6,26.329855861737975,
failure_intensity_search,representative_66sat_1000s,max_failure_intensity_per_s,0.02,,,,,,,,,,7,0,0,0,9,,
failure_intensity_search,representative_66sat_1000s,max_failure_intensity_per_s,0.02,,,,,,,,,,8,3,1,2,8,25.414378169793068,4
failure_intensity_search,representative_66sat_1000s,max_failure_intensity_per_s,0.02,,,,,,,,,,9,3,1,2,7,25.390128932578875,1
failure_intensity_search,representative_66sat_1000s,max_failure_intensity_per_s,0.02,,,,,,,,,,10,2,2,0,7,29.17557205003617,4.5
failure_intensity_search,representative_66sat_1000s,max_failure_intensity_per_s,0.02,,,,,,,,,,11,6,1,5,5,26.10168177435061,4
failure_intensity_search,representative_66sat_1000s,max_failure_intensity_per_s,0.02,,,,,,,,,,12,5,1,4,5,27.305831104507469,2
failure_intensity_search,representative_66sat_1000s,max_failure_intensity_per_s,0.02,,,,,,,,,,13,2,0,2,8,26.035761235279171,
failure_intensity_search,representative_66sat_1000s,max_failure_intensity_per_s,0.02,,,,,,,,,,14,3,1,2,6,27.757572607487148,0
failure_intensity_search,representative_66sat_1000s,max_failure_intensity_per_s,0.02,,,,,,,,,,15,4,0,4,7,26.275807712436247,
failure_intensity_search,representative_66sat_1000s,max_failure_intensity_per_s,0.02,,,,,,,,,,16,2,2,0,7,28.651542215987217,4
failure_intensity_search,representative_66sat_1000s,max_failure_intensity_per_s,0.02,,,,,,,,,,17,2,1,1,7,28.421937957704614,4
failure_intensity_search,representative_66sat_1000s,max_failure_intensity_per_s,0.02,,,,,,,,,,18,3,1,2,8,27.395070232233905,9
failure_intensity_search,representative_66sat_1000s,max_failure_intensity_per_s,0.02,,,,,,,,,,19,2,0,2,9,22.967855482022269,
failure_intensity_search,representative_66sat_1000s,max_failure_intensity_per_s,0.02,,,,,,,,,,20,4,2,2,6,27.102908752604314,5.5
failure_intensity_search,representative_66sat_1000s,max_failure_intensity_per_s,0.02,,,,,,,,,,21,1,0,1,9,27.649517417765097,
failure_intensity_search,representative_66sat_1000s,max_failure_intensity_per_s,0.02,,,,,,,,,,22,4,2,2,5,28.274657861588096,5
failure_intensity_search,representative_66sat_1000s,max_failure_intensity_per_s,0.02,,,,,,,,,,23,0,0,0,9,,
failure_intensity_search,representative_66sat_1000s,max_failure_intensity_per_s,0.02,,,,,,,,,,24,3,1,2,6,26.969548180065186,2
failure_intensity_search,representative_66sat_1000s,max_failure_intensity_per_s,0.02,,,,,,,,,,25,3,1,2,7,28.060488348646633,8
failure_intensity_search,representative_66sat_1000s,max_failure_intensity_per_s,0.02,,,,,,,,,,26,1,0,1,8,27.903150766612022,
failure_intensity_search,representative_66sat_1000s,max_failure_intensity_per_s,0.02,,,,,,,,,,27,4,2,2,6,27.604794650652103,2
failure_intensity_search,representative_66sat_1000s,max_failure_intensity_per_s,0.02,,,,,,,,,,28,2,0,2,7,27.648947250151117,
failure_intensity_search,representative_66sat_1000s,max_failure_intensity_per_s,0.02,,,,,,,,,,29,4,1,3,5,25.497347310461421,0
failure_intensity_search,representative_66sat_1000s,max_failure_intensity_per_s,0.02,,,,,,,,,,30,2,2,0,7,28.824213643582485,2
failure_intensity_search,representative_66sat_1000s,max_failure_intensity_per_s,0.050000000000000003,,,,,,,,,,1,6,2,4,7,25.991432402941665,1
failure_intensity_search,representative_66sat_1000s,max_failure_intensity_per_s,0.050000000000000003,,,,,,,,,,2,7,1,6,3,26.066335005623472,6
failure_intensity_search,representative_66sat_1000s,max_failure_intensity_per_s,0.050000000000000003,,,,,,,,,,3,9,2,7,5,25.358368299380306,4.5
failure_intensity_search,representative_66sat_1000s,max_failure_intensity_per_s,0.050000000000000003,,,,,,,,,,4,5,1,4,6,25.98547963002116,8
failure_intensity_search,representative_66sat_1000s,max_failure_intensity_per_s,0.050000000000000003,,,,,,,,,,5,10,1,9,1,25.938508524382978,1
failure_intensity_search,representative_66sat_1000s,max_failure_intensity_per_s,0.050000000000000003,,,,,,,,,,6,7,0,7,6,25.254066623040575,
failure_intensity_search,representative_66sat_1000s,max_failure_intensity_per_s,0.050000000000000003,,,,,,,,,,7,4,1,3,6,26.829968351328798,7
failure_intensity_search,representative_66sat_1000s,max_failure_intensity_per_s,0.050000000000000003,,,,,,,,,,8,5,1,4,7,25.680722715712591,3
failure_intensity_search,representative_66sat_1000s,max_failure_intensity_per_s,0.050000000000000003,,,,,,,,,,9,6,1,5,6,25.849239049058241,4
failure_intensity_search,representative_66sat_1000s,max_failure_intensity_per_s,0.050000000000000003,,,,,,,,,,10,6,3,3,4,27.9210251003549,3.6666666666666665
failure_intensity_search,representative_66sat_1000s,max_failure_intensity_per_s,0.050000000000000003,,,,,,,,,,11,7,1,6,5,26.423023513039738,4
failure_intensity_search,representative_66sat_1000s,max_failure_intensity_per_s,0.050000000000000003,,,,,,,,,,12,8,1,7,3,25.797114639225903,2
failure_intensity_search,representative_66sat_1000s,max_failure_intensity_per_s,0.050000000000000003,,,,,,,,,,13,8,1,7,3,26.549763112753169,4
failure_intensity_search,representative_66sat_1000s,max_failure_intensity_per_s,0.050000000000000003,,,,,,,,,,14,6,1,5,5,27.129064886480162,0
failure_intensity_search,representative_66sat_1000s,max_failure_intensity_per_s,0.050000000000000003,,,,,,,,,,15,6,0,6,4,26.658004725953258,
failure_intensity_search,representative_66sat_1000s,max_failure_intensity_per_s,0.050000000000000003,,,,,,,,,,16,7,3,4,4,27.230073672002618,3.6666666666666665
failure_intensity_search,representative_66sat_1000s,max_failure_intensity_per_s,0.050000000000000003,,,,,,,,,,17,7,1,6,5,26.259536550638405,3
failure_intensity_search,representative_66sat_1000s,max_failure_intensity_per_s,0.050000000000000003,,,,,,,,,,18,7,0,7,5,26.175910340199902,
failure_intensity_search,representative_66sat_1000s,max_failure_intensity_per_s,0.050000000000000003,,,,,,,,,,19,6,1,5,5,26.053091343843533,6
failure_intensity_search,representative_66sat_1000s,max_failure_intensity_per_s,0.050000000000000003,,,,,,,,,,20,9,1,8,3,25.999008329824321,6
failure_intensity_search,representative_66sat_1000s,max_failure_intensity_per_s,0.050000000000000003,,,,,,,,,,21,6,1,5,5,27.134754326973546,9
failure_intensity_search,representative_66sat_1000s,max_failure_intensity_per_s,0.050000000000000003,,,,,,,,,,22,9,3,6,3,26.903620518976194,4.333333333333333
failure_intensity_search,representative_66sat_1000s,max_failure_intensity_per_s,0.050000000000000003,,,,,,,,,,23,4,1,3,7,27.10571868959185,5
failure_intensity_search,representative_66sat_1000s,max_failure_intensity_per_s,0.050000000000000003,,,,,,,,,,24,7,3,4,4,27.112487306914041,4.333333333333333
failure_intensity_search,representative_66sat_1000s,max_failure_intensity_per_s,0.050000000000000003,,,,,,,,,,25,5,1,4,7,26.832496515245975,8
failure_intensity_search,representative_66sat_1000s,max_failure_intensity_per_s,0.050000000000000003,,,,,,,,,,26,11,4,7,1,26.649917133292128,4
failure_intensity_search,representative_66sat_1000s,max_failure_intensity_per_s,0.050000000000000003,,,,,,,,,,27,7,2,5,5,25.905910432463823,2
failure_intensity_search,representative_66sat_1000s,max_failure_intensity_per_s,0.050000000000000003,,,,,,,,,,28,5,0,5,5,27.542675309946798,
failure_intensity_search,representative_66sat_1000s,max_failure_intensity_per_s,0.050000000000000003,,,,,,,,,,29,9,2,7,1,27.499929131791632,1
failure_intensity_search,representative_66sat_1000s,max_failure_intensity_per_s,0.050000000000000003,,,,,,,,,,30,7,4,3,3,27.492094301576206,2.5
