event_id,time_s,time_ns,node_id,longitude_deg,latitude_deg,spatial_risk,step_failure_probability,random_value,risk_active,recovery_time_s
1,410,410000000000,19,-85.213137873108764,-26.486216279020102,0.37195632368289733,0.00055612374346664464,0.0003037352727672404,false,418
2,456,456000000000,19,-85.193997187764893,-23.741153750848746,0.35256807914978139,0.00052714340349123716,0.00030003838762826865,false,464
3,1746,1746000000000,27,-61.93074481456194,-39.258687888588881,0.64025748168250318,0.00095707733598971389,0.00045131614754762473,true,1754
4,2284,2284000000000,27,-61.677470315626159,-7.1543191193406006,0.22021074356877726,0.00032928145386024936,0.00015744847076695458,false,2292
5,2350,2350000000000,38,-31.359649967211713,2.2296714493644876,0.011809162094679505,1.7661009672722491e-05,1.3413141199837758e-05,false,2358
6,3019,3019000000000,25,-66.252775724937706,-28.594114343189855,0.94029578485043652,0.0014052689154688534,0.00071383271098071806,true,3027
7,3276,3276000000000,24,-69.079795827173953,-45.892595616062025,0.28971984244398374,0.00043319599783662977,0.00022802875550230529,false,3284
8,3466,3466000000000,24,-68.634353843055109,-34.565830815274296,0.76740740533595375,0.0011470360580022238,0.0011381081390954772,true,3474
9,3819,3819000000000,23,-71.374242540330158,-46.136970902857712,0.26136515092534174,0.00039080767441353561,0.00022754283792546728,false,3827
10,4064,4064000000000,24,-68.570827446888458,1.1258119586849369,0.046939592840261286,7.0197937792322671e-05,8.6447693868801074e-06,false,4072
11,4701,4701000000000,33,-42.659820957021125,-20.724185996418235,0.52318204587819728,0.00078213769475821084,2.7041883586140301e-05,true,4709
12,5069,5069000000000,43,-45.031056952367948,-31.411609208924421,0.67963502556812172,0.0010159102369626488,0.00078936716639166024,true,5077
13,5381,5381000000000,32,-75.316830675395479,-18.234406396020386,0.49998358790702596,0.00074746982788178153,0.00051690873399307417,false,5389
14,6082,6082000000000,30,-80.262484922546619,-41.691948748939133,0.27678100667631239,0.0004138535467815855,0.00025227224744684703,false,6090
15,6467,6467000000000,40,-52.378952967009582,-45.918122161975482,0.29986625216019575,0.00044836374932424769,6.45746508220973e-05,false,6475
16,7037,7037000000000,39,-54.580477417649526,-44.553837943478534,0.36905209727449406,0.00055178274028347819,0.00018601050569913008,false,7045
17,7156,7156000000000,50,-23.779963131557562,-32.021558982033049,0.12484537750225481,0.00018669479198324344,0.0001746993596519965,false,7164
18,7728,7728000000000,49,-26.035248079350076,-30.536204487449737,0.16487162266486327,0.00024654298522540103,1.9141473803070039e-05,false,7736
19,7855,7855000000000,49,-25.964686889208657,-22.958002499732878,0.1532126941891277,0.00022911064800777936,0.00012860424508100447,false,7863
20,7948,7948000000000,38,-56.344146804761721,-22.849603626650712,0.89339041793731144,0.0013352158216494295,0.00017834898016801755,true,7956
21,8218,8218000000000,37,-58.910218211459465,-39.38035375713401,0.6366541119516913,0.00095169346774208344,1.1116499619612453e-05,true,8226
22,8422,8422000000000,37,-58.653864863326142,-27.211996013529994,0.99505974656781793,0.0014870525907327815,0.00079974186754466704,true,8430
23,10214,10214000000000,44,-37.926313079627761,-45.413531622007284,0.16450552887691897,0.00024599560932490292,0.00022207527565575611,false,10222
24,10382,10382000000000,44,-37.529127365189993,-35.398391468496357,0.37935425041340004,0.00056718148193870145,0.00024341210970415709,false,10390
25,10580,10580000000000,33,-67.792385456758495,-29.026371441899851,0.90722622636799355,0.0013558800913886046,0.0010081625566114233,true,10588
26,11440,11440000000000,54,-39.684521065760869,-4.9076352956248739,0.083034472703329087,0.00012417430736173118,1.1632219520281457e-05,false,11448
27,11856,11856000000000,42,-72.29200403526275,-18.177142538596623,0.56654521676009684,0.00084693656264593338,1.2552831929872987e-05,true,11864
28,11969,11969000000000,52,-44.461813171883385,-38.636876069690345,0.46512766567669761,0.00069537873923614199,0.00024117786673945291,false,11977
29,12790,12790000000000,40,-76.895934372316617,-27.738052382588787,0.64353273363207208,0.00096197093159356751,0.00028318074971940278,true,12798
30,13846,13846000000000,38,-81.483128295744294,-30.017508135101696,0.48366500345166563,0.00072308255043101132,0.0005058399646577222,false,13854
31,14910,14910000000000,47,-55.621389873087594,-26.37902408028582,0.9620294149475197,0.0014377263928376603,0.0005684970222058196,true,14918
32,15633,15633000000000,46,-57.871427052238417,-15.880891310851849,0.59632646931495137,0.00089143713450010942,9.8575144192117743e-05,true,15641
33,16801,16801000000000,65,-34.599671180769612,-38.680673981695861,0.24864153195743277,0.00037178615049273002,0.00018880796601810889,false,16809
34,17154,17154000000000,54,-64.718209741962227,-23.061512284063671,0.88777493297165921,0.0013268287740505614,0.00078904143630541376,true,17162
35,18191,18191000000000,52,-69.299774265215603,-26.475224213284967,0.8680217948388842,0.0012973257741202278,0.00053033677635482739,true,18199
36,18449,18449000000000,62,-41.425307505291755,-38.281538042172173,0.40677879796641531,0.00060817209852709266,0.00040570788187609043,false,18457
37,18515,18515000000000,62,-41.318111427066839,-34.345480172592957,0.50742331264419949,0.00075858791281770556,0.00019316678870904541,true,18523
38,19649,19649000000000,49,-76.337285259491622,-37.410209175488006,0.48706110184451801,0.00072815789224746569,0.00046122937834256118,false,19657
39,20719,20719000000000,58,-50.416470142134507,-33.415454743763881,0.7838285107401205,0.0011715661342540015,0.000486467755675617,true,20727
40,20787,20787000000000,58,-50.349009981928631,-29.358768989330471,0.86058090127347708,0.0012862119376747241,0.00049137303191367323,true,20795
41,21661,21661000000000,10,-18.409670640155486,-44.566068576035867,0.026721847761559617,3.9963000369233618e-05,3.785197806386544e-05,false,21669
42,22100,22100000000000,56,-54.845906294111195,-16.301156221529268,0.59677600251579954,0.00089210883332320587,0.00021916419397717166,true,22108
43,23019,23019000000000,65,-59.438690213177864,-26.757742315643529,0.99417248139175951,0.0014857276156693589,0.0011080501672053791,true,23027
44,23104,23104000000000,65,-59.408571775622043,-21.685178943695959,0.87022674120103949,0.0013006190931645,0.0012573900775837564,true,23112
45,23665,23665000000000,64,-61.685957230475474,-20.855700908369439,0.8339246510791708,0.0012463967251637269,0.00046642918535910331,true,23673
46,24388,24388000000000,62,-66.688212086080583,-42.998316981195281,0.42736969727890134,0.00063894756904461531,0.00063278226452383938,false,24396
47,24422,24422000000000,63,-63.994241505664597,-8.3263309726931798,0.25447435280277847,0.00038050613127883027,8.445769026111802e-05,false,24430
48,25290,25290000000000,61,-68.527390851758128,-21.828900123128136,0.78313712549998193,0.0011705333454886742,0.0011209268665762593,true,25298
49,25396,25396000000000,61,-68.52487134751108,-15.502012597776575,0.51969644947841098,0.00077692888256547792,0.0007459158439073935,true,25404
50,25415,25415000000000,61,-68.52759195246783,-14.36784804354407,0.46884439935026051,0.0007009334111282155,0.00059051302327465009,false,25423
51,25448,25448000000000,3,-34.491865147860167,-42.020467236659513,0.18513695182050935,0.00027684282102570176,6.1030036931449479e-05,false,25456
52,26309,26309000000000,1,-39.403080677277522,-28.111980016574169,0.51958533010000774,0.00077676282733033582,0.00058076370526078411,true,26317
53,26344,26344000000000,59,-73.097391979181069,-24.22827371117712,0.73043110640907438,0.0010917981414491071,0.00087552056231263034,true,26352
54,27068,27068000000000,0,-41.384049816103825,-40.750424138642146,0.33310563410639576,0.00049805130805839282,0.00040271903475875951,false,27076
55,27585,27585000000000,10,-43.730114125043421,-38.955776210512028,0.43811698975933488,0.00065501025902773419,0.00061407967650531164,false,27593
56,28189,28189000000000,55,-82.733180603268096,-44.709453295479868,0.17084617440174338,0.00025547596971999697,4.46792713583653e-05,false,28197
57,30564,30564000000000,4,-57.68583324368597,-20.842418475950254,0.83014924565782833,0.0012407574477429262,0.00033984893716140161,true,30572
58,30660,30660000000000,15,-27.204215618362454,-32.011905923014631,0.17983654166411905,0.00026891796774589473,1.3969140803809579e-05,false,30668
59,30664,30664000000000,4,-57.65299798698009,-26.810221851946004,0.98667376465120515,0.0014745295260095005,0.0014367553635605415,true,30672
60,31189,31189000000000,3,-59.943536338191116,-25.491332600165332,0.97838008898487394,0.0014621441507919526,0.0008700490419217854,true,31197
61,31305,31305000000000,3,-59.856485204929562,-32.412443502274328,0.93460176266696149,0.0013967651641014396,0.0011556207296366599,true,31313
62,31715,31715000000000,2,-62.23148884194412,-24.232050335480359,0.94461186380738682,0.0014117147259028007,0.00072668123784235157,true,31723
63,32118,32118000000000,12,-34.144131865024626,-21.073848803752835,0.30172364883738462,0.00045114032538632096,0.00044603065885006851,false,32126
64,32200,32200000000000,1,-64.525270987088291,-20.525728486814774,0.79805581165489115,0.0011928185876949324,1.0762597024119503e-05,true,32208
65,33196,33196000000000,0,-66.115813769286632,-47.298021644723853,0.25902676874866026,0.00038731187284932634,8.079456556711106e-05,false,33204
66,33304,33304000000000,10,-69.083156609989857,-21.110391973781404,0.74666735315663046,0.001116053417889716,0.0010782313123978938,true,33312
67,33956,33956000000000,9,-71.325176411581182,-27.370398451564327,0.81929759617758224,0.0012245482928558487,0.00076288850015979453,true,33964
68,34349,34349000000000,8,-73.645743629757305,-18.17358979019523,0.53653287796248139,0.00080208868547880898,0.00075603163737211862,true,34357
69,34704,34704000000000,18,-45.532259625705755,-12.149524610950092,0.30259184173958775,0.000452438162701321,0.0004123388989284847,false,34712
70,35181,35181000000000,7,-75.75464620113263,-35.173312610821952,0.57023513034841999,0.00085245031557365904,0.00013643061471580711,true,35189
71,35323,35323000000000,7,-75.447951829630227,-43.639404987999256,0.29595594806162467,0.0004425183078439079,3.8593543699816127e-05,false,35331
72,36020,36020000000000,5,-80.483383830340301,-19.945936055367678,0.41781398032062161,0.00062466556735290332,0.00032439107714997238,false,36028
73,36308,36308000000000,27,-18.985187785922474,-47.998148277118496,0.018599097085568575,2.7815450673954868e-05,1.155422125088005e-05,false,36316
74,37381,37381000000000,25,-23.629668115446609,-46.735199898181179,0.038383161400561985,5.7402202548817437e-05,1.902645545953483e-05,false,37389
75,38233,38233000000000,12,-59.186934926357019,-26.85529315897573,0.99444546718246662,0.0014861352722992586,0.00019665272927465099,true,38241
76,38289,38289000000000,12,-59.147638704384455,-30.196605006494064,0.98228390827396039,0.0014679739453652666,0.00034512068885031704,true,38297
77,38456,38456000000000,23,-28.259223904615869,-45.591157953907775,0.072134461249617726,0.00010787471128641588,5.198898976987924e-05,false,38464
78,39880,39880000000000,20,-66.022483453206959,-27.195052810272283,0.94344002048001285,0.0014099646508318119,0.0013895505780881553,true,39888
79,40642,40642000000000,19,-68.022439994369876,-40.013159950341013,0.54858252928474971,0.00082009489768199509,0.00048398275409555368,true,40650
80,40980,40980000000000,18,-70.578213178375833,-27.540894983706345,0.8407887147629437,0.0012566494125092695,0.00020093681332535512,true,40988
81,41087,41087000000000,18,-70.478923220626413,-33.924425285255118,0.7472709695372981,0.0011169551470911517,0.0010630372495184998,true,41095
82,42077,42077000000000,27,-44.674315312831979,-33.14776821021281,0.6347804297748374,0.00094889394950033689,1.4357502336232107e-05,true,42085
83,42104,42104000000000,27,-44.639401391047535,-34.75825518300617,0.59291300658989154,0.00088633667581555081,0.0006181986836216707,true,42112
84,42155,42155000000000,27,-44.556952388792865,-37.799766553770958,0.49584448521212265,0.0007412842100806929,0.00017151586610714443,false,42163
85,42473,42473000000000,26,-47.064040524658843,-24.132201256017076,0.73331256146780155,0.0010961027808181066,6.8644763500921152e-05,true,42481
86,44199,44199000000000,12,-84.284887595098141,-23.744906384393943,0.37795340488581036,0.00056508763665162522,0.00016693794976991918,false,44207
87,44652,44652000000000,22,-56.185452994425233,-23.57074312023914,0.91340669842592359,0.0013651107070609804,0.00015235180773054625,true,44660
88,45836,45836000000000,31,-60.698951175064003,-28.929079079848051,0.99625593765271769,0.0014888388897244603,0.00091385869078398874,true,45844
89,45927,45927000000000,41,-32.618745597583967,-7.1483326142473427,0.069481824988791088,0.00010390798721938275,6.5338102539611368e-05,false,45935
90,46375,46375000000000,30,-62.984328936050119,-28.44566456914076,0.9856698605527715,0.0014730303522216218,0.00021169195976851688,true,46383
91,46924,46924000000000,29,-65.262597945882248,-28.558910006789933,0.95712263099647621,0.001430398586833822,0.00054952458345822837,true,46932
92,48017,48017000000000,27,-69.822622918472561,-28.487068785719092,0.86095014835832007,0.0012867634538835633,0.00087711102851645425,true,48025
93,48990,48990000000000,47,-13.568323404274905,-32.136118318581296,0.033829974850112327,5.0593062410794633e-05,3.9567939990696387e-05,false,48998
94,49246,49246000000000,25,-74.228933807773558,-36.528007345027241,0.56837935276176077,0.00084967727365196249,0.0006054109255609738,true,49254
95,49733,49733000000000,24,-76.592642099345824,-32.943263352224882,0.60066570614402592,0.00089792086426269111,0.00064447781398226176,true,49741
96,50165,50165000000000,34,-48.518205260519025,-31.516431163880103,0.7816260329911987,0.0011682760772594092,0.0010277999597094935,true,50173
97,50737,50737000000000,22,-81.230720630036942,-27.561614022782862,0.49844644973000207,0.00074517268005251441,0.00036268217382903496,false,50745
98,51204,51204000000000,54,-22.656951432498435,-33.662721166611199,0.10400119039719463,0.00015552664927617594,1.4691381495401113e-05,false,51212
99,51749,51749000000000,42,-55.4042591992079,-28.097413203415268,0.96789968532268056,0.001446493001734837,0.0013927135825353735,true,51757
100,53413,53413000000000,39,-62.22663453514955,-29.45146051194671,0.98514529260239303,0.0014722469911204621,0.0012717461829360589,true,53421
101,53461,53461000000000,39,-62.181743623913427,-32.315089279561057,0.9305323388614033,0.0013906876287871235,0.00095317307819146673,true,53469
102,53660,53660000000000,50,-31.050433033141783,-49.61201815985509,0.054196844649801339,8.1050683509264885e-05,3.4484548301619023e-05,false,53668
103,54731,54731000000000,47,-38.747759649648643,-15.598413490475531,0.29199220627556455,0.00043659294846162903,0.00032121387003280339,false,54739
104,55207,55207000000000,36,-68.862870978994636,-38.559136434135439,0.60148327223293885,0.0008991424747328184,0.00013840641565353946,true,55215
105,55627,55627000000000,35,-71.322893281294967,-30.978303582438162,0.79560587931209004,0.0011891589606991275,0.00098589835806443793,true,55635
106,56006,56006000000000,34,-73.68661020171686,-20.947215758980864,0.63015237198110563,0.00094197901196763328,0.00064162028335431102,true,56014
107,56252,56252000000000,33,-75.904453910901566,-2.9729852111851769,0.076904646515262173,0.00011500795603197016,0.00010766694843646262,false,56260
108,56900,56900000000000,43,-78.220942202888708,-8.9965813253646143,0.17096896379086862,0.00025565956018106255,5.6803694883167871e-05,false,56908
109,57430,57430000000000,54,-47.25725432979209,-46.055641551570183,0.25093819396866601,0.00037521963526743467,0.00028884458823121955,false,57438
110,57447,57447000000000,42,-80.500501680960625,-8.9904906420115758,0.14907690931160436,0.00022292678228459095,0.00020868355487617187,false,57455
111,57472,57472000000000,43,-77.796833875930801,-43.124976105007363,0.27717692220157908,0.00041444541212660904,0.00016445713914164459,false,57480
112,57930,57930000000000,42,-80.284765423519389,-37.813181197116627,0.37932683526656369,0.00056714050453190448,0.00017843279920379219,false,57938
113,58273,58273000000000,41,-82.782229124714235,-25.637522200432233,0.4402767884949878,0.00065823822018600952,0.000593700242109981,false,58281
114,58713,58713000000000,40,-85.08721108370905,-19.24557630252216,0.29014976933561443,0.00043383869528455592,2.1895394789577026e-05,false,58721
115,58771,58771000000000,61,-26.528693308027947,-0.93462253208069335,0.013947919461491579,2.0859561803467592e-05,6.6868964095773301e-07,false,58779
116,58995,58995000000000,61,-26.601479762012229,-14.30710649715579,0.093255137337125801,0.00013945778433787823,9.7625195120005088e-05,false,59003
117,59336,59336000000000,39,-87.353431132831432,-23.775381705965732,0.29623106618020123,0.00044292957796339589,7.7185224754392818e-05,false,59344
118,59454,59454000000000,60,-28.859307902747204,-9.0477558845772776,0.064332165203227862,9.6207195787689794e-05,5.5748972016336909e-05,false,59462
119,59992,59992000000000,49,-59.082644837245105,-35.712563918338482,0.81233773305298074,0.0012141521773016814,0.00095021449905927666,true,60000
120,60177,60177000000000,48,-61.540019799883254,-14.104880952796512,0.50963680123660593,0.00076189577398212151,0.00059956594479962182,true,60185
121,60895,60895000000000,47,-63.809284007261454,-24.305176903236376,0.9325851968139135,0.0013937535015276557,0.00077614261802231535,true,60903
122,61202,61202000000000,57,-35.722559776414833,-15.416912140393283,0.23239192911741979,0.00034749283374126686,0.00010581943718959647,false,61210
123,61475,61475000000000,57,-35.626503577560229,-31.708813234551819,0.38116153750309728,0.00056988282937676786,0.00033519861049049327,false,61483
124,62284,62284000000000,56,-37.312471795045745,-47.322384878847792,0.12360094939476098,0.00018483403607140312,0.00017537829384177113,false,62292
125,62642,62642000000000,44,-70.583328214241689,-30.611837648706452,0.82157134355551309,0.0012279446207499587,0.00040076721537848491,true,62650
126,63053,63053000000000,65,-42.517633582482773,-27.931824828757996,0.62395800549022096,0.00093272372478438344,0.0002457907076749176,true,63061
127,64011,64011000000000,63,-47.122687553687847,-19.803471135983195,0.61313039391651913,0.00091654548761590994,0.00014037779280882818,true,64019
128,65378,65378000000000,50,-81.980843279744704,-30.641063711180653,0.46309045031731993,0.0006923341004274724,0.00022354955936277016,false,65386
129,65539,65539000000000,49,-84.306728616951418,-7.5967217741663866,0.09468315531618865,0.00014159315327698496,5.4068400349055249e-05,false,65547
130,65626,65626000000000,50,-81.488466659758572,-45.428277083963394,0.17080149722552823,0.00025540916993814261,0.00018252875608531323,false,65634
131,65669,65669000000000,60,-53.959732954630006,-20.799849925938908,0.78953489486304929,0.0011800902693899435,0.00075100482353218916,true,65677
132,66324,66324000000000,59,-56.202323500703798,-27.238939465542611,0.97602423226154034,0.0014586259999731141,0.00012097973962402574,true,66332
133,66580,66580000000000,48,-86.400609194998452,-37.070839712697563,0.25632730888660732,0.00038327625726331747,0.00023659762209567834,false,66588
134,66772,66772000000000,18,-4.1356538012940938,-49.407650242952947,0.0016493661141910073,2.4667027149597632e-06,2.0365697386689733e-06,false,66780
135,66822,66822000000000,58,-58.504839657022103,-24.308841245707441,0.9505089744395665,0.001420521647027826,0.0012763969752682771,true,66830
136,66843,66843000000000,58,-58.496404832452129,-25.562031511164911,0.9761620220118018,0.0014588317705201709,0.0014278491253481755,true,66851
137,66898,66898000000000,7,-34.364162435200043,-47.334290325609999,0.099047117158876791,0.00014811872112490378,5.8806969838181917e-05,false,66906
138,66942,66942000000000,58,-58.426480863326965,-31.468979227641608,0.95541926286206513,0.0014278547591324655,0.00020572590706660152,true,66950
139,67366,67366000000000,7,-33.671088149457631,-19.421955279221443,0.26573199978552986,0.00039733593172181495,3.834162093118233e-05,false,67374
140,67691,67691000000000,57,-60.330384082823407,-43.508112452286653,0.43376894140410571,0.00064851178337119002,0.00029592310580238841,false,67699
141,68050,68050000000000,56,-62.971279975446244,-32.291984300106286,0.92534698775265345,0.0013829434433495357,0.00098545737680400133,true,68058
142,69422,69422000000000,65,-66.837971561956735,-48.851365551344088,0.20560302433710245,0.00030744186754291661,7.2382394004505589e-05,false,69430
143,69760,69760000000000,63,-72.139480266382577,-3.73815535431021,0.10317826901196502,0.00015429612171417181,0.00012613204918696225,false,69768
144,70014,70014000000000,63,-72.198996470452542,-18.900872823405532,0.59622740085233672,0.00089128910495097475,4.3911163027752641e-05,true,70022
145,70756,70756000000000,1,-47.358035868364446,-13.011854084753519,0.3582048163570774,0.00053556893372022217,2.5767368581055822e-05,false,70764
146,71199,71199000000000,0,-49.628061991501134,-19.225834789886552,0.64834880128126993,0.00096916663599809971,0.00093625211034446007,true,71207
147,71559,71559000000000,10,-51.985460526109144,-30.391200437662434,0.8878270067624251,0.0013269065495555121,0.00056409861830354505,true,71567
148,71596,71596000000000,60,-79.034685092577661,-15.360893103391957,0.32830514333207211,0.00049087549488335315,0.00023868262061057269,false,71604
149,71744,71744000000000,60,-79.021840253599123,-24.194367102781893,0.54407514791874967,0.00081335939924752397,0.00049729577811377169,true,71752
150,72177,72177000000000,20,-23.809461743425079,-20.719192679636802,0.11021855922979369,0.00016482353178761858,4.7811774989787771e-05,false,72185
151,73309,73309000000000,57,-85.875944810946592,-19.640264627907221,0.27916969971068267,0.00041742446640956945,0.00016244944040418689,false,73317
152,73380,73380000000000,17,-31.307983435392046,-46.860195406680525,0.08163369972645923,0.00012207964244957936,0.00011407165409226532,false,73388
153,74901,74901000000000,4,-65.620803060998853,-26.847764770263723,0.94803375512578347,0.0014168250900452881,0.00083528090588246213,true,74909
154,76935,76935000000000,0,-74.896445800700235,-36.059181834634458,0.56667640172256262,0.00084713258983692453,0.00076170688458602695,true,76943
155,78528,78528000000000,8,-81.822383232918511,-38.939748615902232,0.31649405384455126,0.00047321996165989975,0.00028564037275807878,false,78536
156,78606,78606000000000,8,-81.691986755837391,-34.288160709218509,0.42170868379777005,0.00063048662686713674,0.00024432806550065002,false,78614
157,78651,78651000000000,19,-51.192007211907715,-26.163358051696807,0.87683535067402663,0.0013104896806623537,0.00039394085340660478,true,78659
158,79135,79135000000000,29,-23.079558952479005,-24.487591476157753,0.11690244377257644,0.00017481790264109196,0.00010463945143041339,false,79143
159,79637,79637000000000,17,-55.836822196025345,-32.619186013872522,0.90408366167663934,0.0013511865972915835,0.00086597892924296154,true,79645
160,81291,81291000000000,14,-62.661839811668344,-31.861939254541717,0.93920550953238124,0.0014036406467318198,0.00048061765263985657,true,81299
161,81833,81833000000000,24,-34.494516204423796,-26.725974454229878,0.36438664257160158,0.00054480915575273801,0.00045873459787499081,false,81841
162,81971,81971000000000,13,-64.854203571560319,-23.932221305756045,0.91044903719851167,0.0013606934120663982,0.0010226490471304866,true,81979
163,82708,82708000000000,22,-39.329866823099472,-39.801213307770006,0.31888814841610097,0.0004767987436124448,0.00040589251658544958,false,82716
164,82815,82815000000000,11,-69.676402910321002,-38.858213813938349,0.57471970685317919,0.00085915147404099922,0.00053620690282691176,true,82823
165,83334,83334000000000,32,-41.467277871833943,-35.096397805004891,0.4941625413737572,0.00073877064426699005,0.00041416289427920297,false,83342
166,83407,83407000000000,21,-71.874858958458432,-36.180881095264589,0.6376305032275541,0.00095315231673799539,0.00032521762597497236,true,83415
167,84296,84296000000000,31,-43.599144487759311,-10.336464859564506,0.22347851233961324,0.00033416693687526801,5.3508908285259487e-05,false,84304
168,84354,84354000000000,20,-73.970467395863764,-12.317414804492238,0.31500562198846721,0.00047099499168902563,0.00035321434807697883,false,84362
169,84420,84420000000000,30,-46.038588922013844,-35.585702338132968,0.60616340879517905,0.00090613552446860719,0.00052587713799030636,true,84428
170,84626,84626000000000,41,-15.477781514041068,-17.852987079138835,0.032827121503235808,4.9093322114291368e-05,6.1560425163379044e-07,false,84634
171,86301,86301000000000,16,-83.111182238385965,-26.725966435662471,0.43609043174502676,0.00065198142540285914,0.00012829295049536363,false,86309
172,87021,87021000000000,25,-57.731257111912761,-43.60511339156664,0.42592276898589987,0.00063678499902338002,0.00022954448306589681,false,87029
173,88019,88019000000000,24,-59.536165240842692,-16.706692413653954,0.64199481425200411,0.00095967310966839803,0.00025896566311476243,true,88027
174,88225,88225000000000,34,-31.532519489898519,-31.620867681968402,0.27358674321440724,0.00040907833893838279,0.0002781506762503043,false,88233
175,88289,88289000000000,23,-61.9425337691575,-33.242469781172694,0.90370528076844003,0.0013506214750397677,0.00026296150281466374,true,88297
176,88899,88899000000000,22,-64.159912311627195,-29.49015038774014,0.96617018657770037,0.0014439101918862381,0.00095609603423345269,true,88907
177,89142,89142000000000,32,-67.087092548317699,-47.621113844715254,0.24310182654093498,0.00036350430250285985,0.00020225021104981284,false,89150
178,89308,89308000000000,32,-66.614951924924725,-37.727712307862568,0.67294079109501936,0.0010059088105232386,0.00055923455309141135,true,89316
179,89608,89608000000000,32,-66.374943611571553,-19.828756356174967,0.7448641075805611,0.0011133595842365721,0.00087118385853391213,true,89616
180,89705,89705000000000,42,-38.640987532065139,-41.240473996707642,0.2690818714660777,0.00040234382157324167,0.00023248397008438266,false,89713
181,89737,89737000000000,42,-38.567702416748311,-39.332753531070288,0.31511889618180006,0.00047116431884819409,0.00031184639429302191,false,89745
182,90063,90063000000000,31,-68.677001395632885,-25.325468777988885,0.86846670573884588,0.0012979902961663891,0.001005813062472529,true,90071
183,90493,90493000000000,30,-71.04301731603212,-32.312377453451319,0.77665173970481893,0.0011608454477075199,0.00046564640869723009,true,90501
184,91189,91189000000000,29,-73.224696550580092,-23.427981904446902,0.71000940651477584,0.0010612893938154201,0.00047240734525507501,true,91197
185,92428,92428000000000,38,-47.418043218402509,-9.3423004094796109,0.23386453410655322,0.00034969441707267821,9.6488283031983974e-05,false,92436
186,92731,92731000000000,37,-49.68606761667926,-23.912715290897587,0.80078007561254283,0.0011968879863369362,0.00061752859699678339,true,92739
187,93032,93032000000000,36,-52.219903620287525,-38.594140804517643,0.61685700206126293,0.00092211368426997555,0.00055044868832764384,true,93040
188,93141,93141000000000,36,-52.05707938011205,-32.093234105745267,0.85595569101586311,0.0012793035880683922,0.00067408781969227518,true,93149
189,93937,93937000000000,35,-54.231200888409624,-17.240239727206923,0.63549936285730757,0.00094996812741682301,0.00094740493154624151,true,93945
190,94188,94188000000000,34,-56.674682214584486,-34.90892793051021,0.83293057426778483,0.0012449118877403921,0.00021784823511550972,true,94196
191,94836,94836000000000,33,-58.847825507524078,-28.88984289586605,0.9952134952179128,0.0014872821872213269,0.001118240000818372,true,94844
192,95112,95112000000000,43,-61.622514441012861,-45.055893196745316,0.36271272327553233,0.00054230709029755666,0.00042492851810183653,false,95120
193,95266,95266000000000,54,-30.768437157154342,-30.43620770376922,0.26204040414676427,0.00039181715266379191,0.00019115489901979897,false,95274
194,96010,96010000000000,53,-32.969260993529019,-18.686167977074106,0.23960356724893836,0.00035827437684595169,8.9726182320864394e-05,false,96018
195,96489,96489000000000,41,-65.678407898697841,-28.192109335617879,0.95133606981920971,0.0014217568497566985,0.00040089294393214688,true,96497
196,96586,96586000000000,41,-65.636205116208274,-22.403665863106895,0.85404685083814835,0.001276452474500105,0.00048723330286902543,true,96594
197,98438,98438000000000,38,-72.491087957991311,-9.8271828580273972,0.24970159842997874,0.0003733709398267669,9.6000735640561449e-05,false,98446
198,98526,98526000000000,48,-44.467647922880211,-31.785208072095823,0.65569810515799398,0.0009801471580863821,0.00024213526639252331,true,98534
199,99773,99773000000000,35,-79.355035777717291,-28.109299646146919,0.5609324629697493,0.00083854949552827234,2.6276802054041726e-05,true,99781
200,100046,100046000000000,45,-51.489084589170758,-39.020019719626951,0.58657600810967125,0.00087686774728223623,0.00014732406256799704,true,100054
201,100289,100289000000000,34,-81.65788784190012,-29.964996652613763,0.4784175719613043,0.00071524040997201642,6.8675962808681715e-05,false,100297
202,100296,100296000000000,45,-51.221506262054483,-24.1063501934836,0.84234684341171373,0.0012589767372555524,0.00040907321616244247,true,100304
203,100853,100853000000000,33,-83.924161218650696,-28.956803235244418,0.41211254440511319,0.000616144087828778,0.00016397448119397559,false,100861
204,100920,100920000000000,44,-53.486143532696545,-19.516906229596199,0.72953348622527658,0.0010904571723824709,0.00036432688957545745,true,100928
205,101817,101817000000000,42,-88.636032453431227,-36.723664411229983,0.21659830584621109,0.0003238806451822128,0.00014361297475907458,false,101825
206,102499,102499000000000,52,-60.335330318651344,-23.235526325608795,0.92404574597336842,0.0013810000635657007,0.00019694679439182704,true,102507
207,102967,102967000000000,51,-62.650972023285881,-27.955862491449356,0.98920676221800186,0.0014783121517796911,0.000487862876959955,true,102975
208,103374,103374000000000,50,-65.083535365225956,-36.313508817435533,0.75588895581263604,0.0011298292779866564,0.00073344659818264026,true,103382
209,103776,103776000000000,60,-37.084219707551838,-39.528627016947695,0.2803039213977242,0.00041912003957733114,0.00031002263177295857,false,103784
210,103881,103881000000000,49,-67.435504960815308,-38.704854734462707,0.61679746184209849,0.00092202472113589971,0.00062358568648477621,true,103889
211,105459,105459000000000,57,-43.842423441155319,-37.042521055811946,0.50318597317278446,0.00075225555658212562,0.00067824873632652157,true,105467
212,105598,105598000000000,57,-43.678106382989384,-28.751009971770863,0.66161199922726388,0.000988982960973894,0.00032310212664428227,true,105606
213,106653,106653000000000,44,-78.766989141830337,-36.52892610231396,0.45108623923606261,0.00067439349806948325,6.8813798556400022e-05,false,106661
214,106707,106707000000000,55,-48.227236849904415,-27.868180183044551,0.80739193163784839,0.001206764448569865,0.00027602143991097331,true,106715
215,107213,107213000000000,54,-81.026028666517689,-35.75971394103356,0.41011522669841816,0.00061315883987076889,0.00033705007985849322,false,107221
216,107849,107849000000000,6,-19.046526899116181,-29.412594173053254,0.074632438815207217,0.00011161014599757256,1.5763333830696865e-05,false,107857
217,108765,108765000000000,62,-57.482000411221058,-35.647733594431898,0.80826347761287565,0.0012080663133874747,0.0006127574312159666,true,108773
218,108853,108853000000000,62,-57.377739706971923,-30.398438900649627,0.96987751798279265,0.0014494466618786333,0.00042741561515779422,true,108861
219,109306,109306000000000,61,-59.771035159334076,-36.011656221963761,0.80015392426374465,0.0011959526674800219,0.0011574098003891387,true,109314
220,109973,109973000000000,60,-61.916157474128568,-28.859374233040302,0.99180331666460031,0.0014821896746870674,0.00069151589270571856,true,109981
221,109982,109982000000000,60,-61.909810814124334,-28.322378667450923,0.99402837160304403,0.0014855124127865493,0.0013337436312387408,true,109990
222,110320,110320000000000,1,-30.501141511104343,-13.626200081814623,0.1274212390122324,0.00019054638920414004,0.00014402694766353936,false,110328
223,110940,110940000000000,59,-64.197526767351945,-3.7962945746327361,0.12729027655641542,0.00019035056590124648,0.00014922512486549699,false,110948
224,111053,111053000000000,58,-66.486289685518997,-29.70684613267748,0.92770492814066485,0.0013864649727194332,0.00016503292935128542,true,111061
225,111085,111085000000000,58,-66.4632175600251,-27.797544500660955,0.93743570381543417,0.0014009975294981005,0.0010731141602638517,true,111093
226,111620,111620000000000,57,-68.750865533265468,-28.519641035272969,0.88770750621270655,0.001326728067906142,0.0009224804099360308,true,111628
227,111639,111639000000000,57,-68.73856500136344,-27.385949171155481,0.88767231117745027,0.0013266755018829428,0.001003409784452346,true,111647
228,111700,111700000000000,57,-68.711014802929867,-23.74582578865385,0.83531884038565407,0.0012484792008202719,0.0010836644157306754,true,111708
229,111853,111853000000000,56,-71.664821306271179,-47.247905025868704,0.22394005529697156,0.00033485696549997307,0.00014798460313603223,false,111861
230,111937,111937000000000,57,-68.722165255054563,-9.5993322496334414,0.27443457945747762,0.00041034579900534306,0.0001142337042280963,false,111945
231,112101,112101000000000,9,-37.341873174664592,-21.964363874330843,0.39901396441894454,0.00059656641441884091,2.1454646359795342e-05,false,112109
232,113215,113215000000000,65,-75.6282332348284,-31.282360332504602,0.6607858293625799,0.00098774860570504004,0.00043108386212620963,true,113223
233,114070,114070000000000,63,-80.676461617797457,-45.544662459723376,0.17754170762401028,0.00026548685094131903,0.00023701555312127692,false,114078
234,115683,115683000000000,3,-50.71345814162504,-39.824705347335872,0.53870616201153543,0.00080533632325061554,0.00029356802372777579,true,115691
235,115939,115939000000000,2,-53.297228111162646,-22.45887525358452,0.83866548854982959,0.0012534780116659895,0.00037736121529972482,true,115947
236,116088,116088000000000,1,-55.49050782936385,1.3058995849791062,0.049121888323164678,7.3461430427731076e-05,6.9087840237252128e-05,false,116096
237,117536,117536000000000,10,-60.142734653167956,-19.814529944427584,0.79240948381787624,0.0011843842718536287,0.00058336908028944602,true,117544
238,118172,118172000000000,9,-62.401297595406554,-25.120043158056017,0.96300407064192517,0.0014391819402001778,0.00042136411360551971,true,118180
239,118551,118551000000000,19,-34.320830992167487,-20.529537658918255,0.29778005489217274,0.000445245135757272,0.00026886329425581854,false,118559
240,118623,118623000000000,8,-64.702391343165075,-19.384546934415845,0.74687796024329689,0.0011163680392650961,0.00064662125299154341,true,118631
241,119109,119109000000000,7,-66.979992340024836,-15.737404298379641,0.55029100268629483,0.00082264790252006891,0.00053902508507417931,true,119117
242,120987,120987000000000,15,-43.267451503475591,-35.302488625063155,0.53943877009108565,0.00080643109063830971,3.357744007001341e-05,true,120995
243,121472,121472000000000,14,-45.623620972150754,-31.598130503476124,0.69495768874626462,0.0010388024685150637,0.00016463246062480656,true,121480
244,121977,121977000000000,13,-47.940177867934928,-29.086292806852207,0.79569390149232111,0.0011892904455202838,0.00084807332055625761,true,121985
245,122600,122600000000000,1,-80.610538667298187,-28.174255685145681,0.51910339300230857,0.00077604262699514299,0.00061943338458476222,true,122608
246,123788,123788000000000,10,-85.080523264607095,-33.769975468743979,0.33745309431398246,0.00050454988295410477,0.00037832839384030226,false,123796
247,124016,124016000000000,20,-57.117387757146439,-20.170219262596461,0.7979658848742639,0.0011926842583146865,0.00046577027460565262,true,124024
248,124211,124211000000000,20,-57.018011682589815,-31.806323332178533,0.93797825913998423,0.0014018078097626837,0.0011931285839925393,true,124219
249,124731,124731000000000,19,-59.323241271421224,-30.189454653700388,0.98279804650960145,0.0014687417345921954,0.0012198244812254544,true,124739
250,126056,126056000000000,17,-63.464286861589208,-43.952124473581783,0.40571763416939011,0.000606586041336745,0.00011839741483020184,false,126064
251,126103,126103000000000,17,-63.302361413342432,-46.752378181923319,0.29000926178100361,0.00043362865067237403,0.00042311011068683657,false,126111
252,126609,126609000000000,15,-68.501694058028477,-11.663593395703385,0.35409086758843616,0.00052941960318270912,0.00017402810887383454,false,126617
253,126993,126993000000000,15,-68.360212354145816,-34.579473260233918,0.77246355105542575,0.0011545890631761565,0.00097513715802424804,true,127001
254,127219,127219000000000,14,-70.79330260018466,-15.418248870588942,0.48218317658974408,0.00072086800762341627,0.0004201971663630127,false,127227
255,128243,128243000000000,23,-44.974646517290786,-16.670554061444346,0.45199744990466717,0.00067575533715780796,0.00027055341197995231,false,128251
256,129071,129071000000000,22,-47.123629927950297,-33.432784961449578,0.69882930584024339,0.0010445866250856598,0.00097456206630657199,true,129079
257,129295,129295000000000,32,-49.528580735085647,-14.151298190531245,0.43381399732722886,0.00064857912295387065,0.00018020207935060201,false,129303
258,130809,130809000000000,30,-53.804654631455932,-39.199321798340293,0.60973261186735528,0.00091146858693430446,8.7544326253519368e-07,true,130817
259,130984,130984000000000,29,-56.372971503552115,-16.998247441036821,0.64366670891242705,0.00096217110525399785,0.00058698959697360087,true,130992
260,131093,131093000000000,40,-25.935137483279764,-28.945061602427728,0.16631613804676679,0.00024870279198381057,0.00020723767650905923,false,131101
261,131134,131134000000000,29,-56.345417171223154,-25.950635311336622,0.96541806404888197,0.0014427869802705758,0.00019496819948623553,true,131142
262,133695,133695000000000,24,-67.768712101195021,-15.53520852385126,0.53119828814217906,0.00079411691912355568,0.000480933603838596,true,133703
263,134407,134407000000000,34,-39.586623377592481,-30.817731028825662,0.51138486387424731,0.00076450808985425805,0.00050757734700480667,true,134415
264,134463,134463000000000,34,-39.524139842176268,-34.158312955411795,0.45900651241374651,0.0006862305862897854,0.00059547930114429786,false,134471
265,135046,135046000000000,22,-72.245484004863556,-30.860345852828008,0.77119387471596179,0.0011526923922057582,0.00012034783722654688,true,135054
266,135237,135237000000000,43,-44.22650177981911,-15.05036244672231,0.38051739774674498,0.00056892003615091158,0.00013644202341789866,false,135245
267,135363,135363000000000,43,-44.222294868702889,-22.570964195502267,0.61477297125090524,0.00091899978587196742,0.00052654070535685564,true,135371
268,136361,136361000000000,42,-45.661024908606983,-49.457851714458634,0.14718846387480133,0.00022010314760367318,7.6521191726533678e-05,false,136369
269,136745,136745000000000,41,-48.480873372195411,-39.739572673150668,0.50494681851440593,0.00075488700036964831,0.00050479502067839828,true,136753
270,136892,136892000000000,30,-78.720384259801321,-43.06673698919942,0.26473143061351767,0.00039584012621620172,0.00016415911590333474,false,136900
271,136917,136917000000000,40,-51.068861594434843,-17.36005250296752,0.59679625501486366,0.00089213909488115438,0.00022002706438434066,true,136925
272,136966,136966000000000,40,-51.06753555695397,-20.284740718444787,0.71905612629004412,0.0010748047446252475,0.00049626689944963791,true,136974
273,137439,137439000000000,39,-53.346545272245557,-15.861693647744895,0.55995017486157195,0.00083708166757268381,0.00072658531161252059,true,137447
274,137628,137628000000000,49,-25.162916489047312,0.072847134692736445,0.0099589919357713618,1.4894036921266178e-05,7.0848039988519701e-06,false,137636
275,138091,138091000000000,28,-82.891425233613035,-49.309611342909548,0.092051852426886696,0.00013765846366011914,2.3595757062527695e-05,false,138099
276,138209,138209000000000,27,-85.994854777865456,-23.723152430459105,0.33077763662773751,0.00049457140467385678,2.3625559386358681e-05,false,138217
277,138951,138951000000000,26,-88.112842060589415,-35.351208113785496,0.24480635452978647,0.00036605257558259337,0.00012758235133651855,false,138959
278,139082,139082000000000,37,-57.125293899061916,-48.593855163678846,0.22642391950167756,0.00033857045218385157,0.00013175863479399032,false,139090
279,139638,139638000000000,36,-59.364745943152407,-49.123696323770346,0.21225541669801457,0.0003173877296690463,2.9352029344351523e-05,false,139646
280,139944,139944000000000,35,-62.306505929477716,-34.753561765954728,0.84655512667637511,0.0012652624823751327,0.00059853543632090343,true,139952
281,140204,140204000000000,34,-64.746577074935118,-17.621961516237274,0.66448722241876834,0.00099327873261144785,0.00048525587211670858,true,140212
282,140696,140696000000000,44,-36.645502422404306,-19.77559292460117,0.34075857382253699,0.00050949087889176311,0.00019416912467851722,false,140704
283,141111,141111000000000,43,-69.263515799491174,-6.4467286163488708,0.17457072229830425,0.00026104477032083814,0.00015284936684013074,false,141119
284,141854,141854000000000,53,-41.192860715876151,-23.583096928754443,0.54140583232011974,0.00080937054938946785,0.00065620689105499389,true,141862
285,141873,141873000000000,42,-71.585136211927747,-19.274959963132009,0.62409666280103326,0.00093293089997247578,0.0005590562048097353,true,141881
286,142430,142430000000000,52,-43.461872149138017,-25.307636944740185,0.63938254727002708,0.00095577008129665798,0.00036043349536372515,true,142438
287,142543,142543000000000,41,-73.831332368051079,-26.609488467208848,0.73938349872154274,0.0011051721641789662,0.00031858358212406401,true,142551
288,143470,143470000000000,50,-48.03809770356424,-22.072822098935472,0.70978186020165912,0.0010609494485477934,0.00080499452711987819,true,143478
289,144080,144080000000000,49,-50.296742483206344,-25.826440356212036,0.8506945111693669,0.0012714452775491648,0.00090259667200504523,true,144088
290,145130,145130000000000,47,-54.872341183404302,-23.188489453401001,0.88606976968733886,0.0013242820013310125,0.00011706818462120892,true,145138
291,145607,145607000000000,35,-87.53460422648206,-13.561696052703429,0.15049477796108263,0.00022504679757091094,3.7043822860604888e-05,false,145615
292,145728,145728000000000,35,-87.540029458853851,-20.784159040927563,0.25891759776220363,0.0003871486656509858,0.00020408654642524237,false,145736
293,145836,145836000000000,35,-87.503087824056848,-27.229340123267978,0.31056042897827002,0.00046435010243460185,0.00038964163536333023,false,145844
294,146108,146108000000000,56,-29.057361131823008,-21.695245479566871,0.19877890515087551,0.00029723915717207779,0.0001297870248080467,false,146116
295,146233,146233000000000,45,-59.42891864085481,-23.71342340898283,0.93771944888531911,0.0014014212891856248,0.00032107975957556395,true,146241
296,146606,146606000000000,55,-31.341904185227559,-18.764581665941733,0.20938649998532091,0.00031309848035838354,6.077951114674526e-05,false,146614
297,147301,147301000000000,54,-63.994970789658595,-22.149562685465025,0.86634228554954507,0.0012948172432602947,0.00097295530195690301,true,147309
298,147734,147734000000000,54,-63.263924002969112,-47.971608649829108,0.24625478492343639,0.00036821797709075027,0.00013739197249001132,false,147742
299,147885,147885000000000,53,-66.264097207200294,-24.351613255436973,0.89873085012867326,0.0013431919968711467,0.0004112539080765129,true,147893
300,148266,148266000000000,63,-38.179718715344045,-19.880361389165621,0.38148688265162134,0.00057036912117119606,0.00055122308308593959,false,148274
301,148509,148509000000000,52,-68.502201967437117,-28.940222231652296,0.89170118659349729,0.0013326928655419518,0.0012416795963117286,true,148517
302,148940,148940000000000,62,-40.418545432323363,-27.45341144713047,0.55280193257751387,0.00082640002176798772,0.000583712971166777,true,148948
303,149566,149566000000000,50,-73.085096641450235,-26.720319527813764,0.76344509847220787,0.0011411170185349146,0.00034110785251260581,true,149574
304,149720,149720000000000,49,-75.336606716933062,-3.2558186727569143,0.082998405959128815,0.0001241203745205617,7.9516325271547692e-06,false,149728
305,151198,151198000000000,47,-79.928697271401134,-26.165007075990452,0.53548518419082691,0.00080052306497797811,0.00029253961072495186,true,151206
306,151595,151595000000000,47,-79.079341808715057,-49.834544104920518,0.10892084355870879,0.0001628830540600299,2.0828564728689723e-05,false,151603
307,151617,151617000000000,57,-51.843560837256945,-23.961889294107056,0.85275318373615427,0.0012745202013306725,0.001128316445902414,true,151625
308,151699,151699000000000,46,-82.226361922486376,-23.413821275535231,0.43370344693630558,0.00064841389678517837,0.00012120977631109616,false,151707
309,152318,152318000000000,45,-84.473445997665223,-27.704271013588947,0.39668667549410108,0.00059308791307575808,9.6459179200117777e-05,false,152326
310,154758,154758000000000,62,-65.532943470538413,-15.509663981320443,0.55491565021377687,0.00082955857001293636,0.0005110339509078912,true,154766
311,155592,155592000000000,61,-67.699666085823921,-32.630583380036924,0.84709585801390996,0.0012660701483714638,0.0010653355209133096,true,155600
312,155666,155666000000000,10,-43.251795366469878,-39.141600187090852,0.42151530138551474,0.00063019759654128001,0.00059293469491657257,false,155674
313,156109,156109000000000,60,-70.010164730263696,-30.834815451915279,0.83315275737739591,0.0012452437594656222,0.00026919717341498755,true,156117
314,158253,158253000000000,5,-55.101404646715764,-47.99170403623534,0.24056423402966168,0.00035971058410177748,0.00015761331487064472,false,158261
315,158482,158482000000000,5,-54.513584242477165,-34.341577283115939,0.83019945876878798,0.0012408324506684527,3.1227480269809231e-05,true,158490
316,159006,159006000000000,4,-56.82634687352629,-35.719455282411587,0.80055262276461381,0.0011965482268287769,0.0011269965289196183,true,159014
317,159849,159849000000000,3,-58.92159320132096,-18.063590286062816,0.70849309624018042,0.0010590240835504628,0.00042363514381370276,true,159857
318,160106,160106000000000,2,-61.376795339409036,-35.37377937145969,0.82553874427870455,0.001233870754404358,0.00071328160082049976,true,160114
319,160116,160116000000000,2,-61.362380519546427,-34.777349432837838,0.85014186034975092,0.001270619812395634,0.00082481703058861729,true,160124
320,160411,160411000000000,13,-30.836080918261707,-11.731283614703591,0.10736191915481919,0.00016055198523344335,6.8341617988202849e-05,false,160419
321,160577,160577000000000,1,-63.795855861867224,-39.911794448118272,0.59755322178582537,0.00089327016420839703,0.00081090004385151186,true,160585
322,160746,160746000000000,1,-63.550927610400009,-29.832170204937558,0.96936487646325209,0.0014486810929829992,0.00053167997640311609,true,160754
323,160792,160792000000000,1,-63.518968088225883,-27.087511129286973,0.97823937868514355,0.0014619340194918125,0.00069797601205739447,true,160800
324,160901,160901000000000,1,-63.482978772512318,-20.582611710789386,0.81078334959235521,0.0012118303424226593,0.00094563355592353732,true,160909
325,161566,161566000000000,10,-68.659283687776735,-46.181671977762512,0.2826521180255494,0.00042263040168034893,2.6534545589048763e-05,false,161574
326,162020,162020000000000,10,-68.040206572870034,-19.102643430026994,0.68754221374694968,0.00102772373076262,0.00095106223547387523,true,162028
327,162298,162298000000000,20,-40.008233179444048,-29.720147864695328,0.53416536123161329,0.00079855078491246204,0.00011767889942908918,true,162306
328,162499,162499000000000,9,-70.330240963495015,-23.167213408520858,0.7820954164652012,0.0011689772422922443,0.00030841284062477551,true,162507
329,164130,164130000000000,17,-46.778374750226988,-18.340098733807057,0.55223780688166546,0.00082555704171997316,0.000192923480674644,true,164138
330,165152,165152000000000,15,-51.346010690617611,-22.649574469509101,0.80656334526792273,0.0012055267527446955,0.00039337065113268226,true,165160
331,165849,165849000000000,14,-53.624772218434622,-13.702435363309798,0.46185033366451161,0.00069048072909675567,0.00051848103940581357,false,165857
332,166031,166031000000000,13,-56.075262966090115,-35.489400102519696,0.80369797024857803,0.0012012466045019353,0.00050942695372756719,true,166039
333,167610,167610000000000,21,-63.025092190807833,-39.204851929061796,0.63759295221777645,0.00095309621093717014,9.1049126102174223e-05,true,167618
334,168183,168183000000000,21,-62.786901279989763,-5.0109157613689126,0.15770196716149418,0.00023582300927196579,1.7863000676851755e-05,false,168191
335,169113,169113000000000,29,-39.59489851858833,-42.014017598283267,0.26594585949544369,0.00039765564199269459,0.00014343555780001825,false,169121
336,169362,169362000000000,18,-69.689570145824035,-32.603198758958889,0.80375323891984185,0.0012013291621433182,0.00015650923190496869,true,169370
337,169772,169772000000000,29,-39.261025189893587,-2.6898947399610416,0.055684529563551598,8.3275404508460275e-05,1.2128148815281446e-05,false,169780
338,169796,169796000000000,28,-41.615649357007669,-33.910637946601376,0.52577332845129632,0.00078601004295322948,9.7648012524188186e-05,true,169804
339,170127,170127000000000,17,-71.854591515311512,-19.600830142603368,0.63013516861568142,0.00094195330774876141,0.0001688040874691797,true,170135
340,170548,170548000000000,16,-74.172062377037932,-27.126461989128259,0.73154308461684225,0.0010934593408801706,0.00016859197874253886,true,170556
341,170567,170567000000000,27,-43.755703912998051,-20.55092495648714,0.54887365775157515,0.00082052993704015724,0.00020487933480527757,true,170575
342,170676,170676000000000,26,-46.683776767930873,-46.68010317173723,0.22644262120940511,0.00033859841201052722,0.00015277253272400398,false,170684
343,171446,171446000000000,25,-48.443522522324081,-33.392054793956746,0.73561285979886915,0.001099539210048035,0.00076327849150680156,true,171454
344,171853,171853000000000,14,-78.697843122890646,-14.54544718793259,0.31096354873756887,0.00046495270714651293,0.00038740436560011192,false,171861
345,172007,172007000000000,13,-81.221776814596367,-38.001374364639162,0.35263436494776518,0.00052724248480379382,0.00020344765910811563,false,172015
346,173152,173152000000000,22,-55.217608925692012,-29.532615925100014,0.95747936980325665,0.0014309313434602579,0.00094648245649141054,true,173160
347,173297,173297000000000,22,-55.154360434070234,-20.879793171652658,0.80874844117685152,0.001208790723090954,0.00069115127990009885,true,173305
348,173537,173537000000000,32,-57.720541446040045,-39.201190936362131,0.64167932017931029,0.00095920172591992261,0.00062154888391545231,true,173545
349,174578,174578000000000,30,-62.406928034949523,-42.372848800209049,0.48373031816144552,0.00072318016106093837,0.00070187336439026058,false,174586
350,174891,174891000000000,30,-62.003638517492945,-23.703084899650669,0.93210983425928096,0.0013930435647406649,0.0010766678545500417,true,174899
351,175620,175620000000000,28,-67.126975208187531,-45.483757598019046,0.31988922187480234,0.00047829518179585132,3.8626372822161197e-05,false,175628
352,175814,175814000000000,28,-66.691316201886011,-33.917930968542507,0.8263812262607052,0.0012351291709894218,1.468230109985886e-06,true,175822
353,175992,175992000000000,39,-36.169606004429539,-17.855259345637084,0.29120835468140127,0.00043542117211053781,8.5503099901751799e-05,false,176000
354,176575,176575000000000,38,-38.451649040359477,-15.712490707892908,0.28915078647073178,0.00043234531577402411,0.00024225144888933317,false,176583
355,176611,176611000000000,27,-68.829259904929771,-19.006386878908806,0.66954749911431299,0.0010008390723375464,0.00032201457465510624,true,176619
356,177487,177487000000000,25,-73.492969574592678,-32.027340627219594,0.71371271694678784,0.001066821978097767,0.00081206815524729353,true,177495
357,177979,177979000000000,24,-75.841980417267138,-35.314105486530714,0.56380473085127425,0.00084284149795144016,0.00052011993438586283,true,177987
358,178228,178228000000000,35,-45.291909009665247,-15.014452604873853,0.39878177312082552,0.00059621936834803203,0.00026168186553517082,false,178236
359,178811,178811000000000,45,-17.224146431540209,-7.428131817769505,0.01366147674362558,2.0431181889625352e-05,1.9199448636147502e-05,false,178819
360,182108,182108000000000,38,-64.055186736286473,-44.652023907707402,0.3722500290902413,0.00055656274954951005,0.00013398496151642689,false,182116
361,182605,182605000000000,37,-66.518430055912717,-47.636747823332051,0.24549805728247331,0.00036708667086116933,0.000253095536642678,false,182613
362,183246,183246000000000,37,-65.829988151500402,-9.3981804289250803,0.28537909280126,0.00042670699069599139,0.00017674477695555279,false,183254
363,184320,184320000000000,45,-42.506609880240454,-37.810294171161495,0.44645161808484174,0.00066746685131779623,1.771305773507711e-05,false,184328
364,184320,184320000000000,46,-40.033902671943927,-5.1607468377271779,0.088353152323354209,0.00013212762726760039,0.00011890940944039197,false,184328
365,184668,184668000000000,34,-72.650808392115223,-22.488766492329667,0.70296787609333877,0.0010507695699267462,8.8731296932350332e-05,true,184676
366,184733,184733000000000,34,-72.6430372743324,-18.609267216913384,0.57529205778572723,0.00086000671640123149,0.000678432439713261,true,184741
367,185519,185519000000000,54,-46.918888761084744,-31.559819054612259,0.73486522233868201,0.0010984223113380148,0.00096695222918085385,true,185527
368,185699,185699000000000,54,-46.824970161880593,-20.818868724945773,0.63958845523202701,0.00095607773211080628,0.00062764974556657189,true,185707
369,185964,185964000000000,42,-79.931843879004433,-43.085600143540489,0.24579041562463982,0.00036752374611877665,0.00016684644732253186,false,185972
370,186043,186043000000000,53,-49.223549735035718,-32.937952135304741,0.76806543447179987,0.0011480190426883966,0.00090984352613972816,true,186051
371,186257,186257000000000,53,-49.103317462848494,-20.168425522532409,0.67287148751311587,0.0010058052679621312,0.00056685416910463653,true,186265
372,186321,186321000000000,42,-79.487112913887273,-21.790852846846409,0.48680261372407962,0.00072777159234183432,0.00032927353598384551,false,186329
373,186582,186582000000000,52,-51.512826726864965,-33.421243898258467,0.80798734957549212,0.0012076538495275396,0.00051723213577277135,true,186590
374,186783,186783000000000,52,-51.38568529730648,-21.427883528540217,0.76759672499345966,0.0011473188697794041,0.0011184281279875551,true,186791
375,187071,187071000000000,40,-84.455338322224478,-42.322954472724973,0.19490292395587505,0.00029144414848727529,8.1785958495801179e-05,false,187079
376,187202,187202000000000,51,-53.721170881863138,-29.072325174180392,0.93722520481272509,0.0014006831591916295,7.9428780945294176e-05,true,187210
377,187444,187444000000000,51,-53.665988654176047,-14.629477078765268,0.50527858408614101,0.00075538279694298499,0.00013441383558280716,true,187452
378,187497,187497000000000,51,-53.676996344086447,-11.465647347043252,0.36387279052813665,0.00054404108387809554,0.00030345843711852914,false,187505
379,187545,187545000000000,50,-56.308176966968595,-41.245164739831836,0.53249570272767399,0.00079605572182692315,0.00016395259511241221,true,187553
380,187742,187742000000000,50,-56.006236797512464,-29.496061130006186,0.96813286438678092,0.0014468412276593121,7.032417101492817e-05,true,187750
381,188291,188291000000000,49,-58.284337093950811,-29.382821002855273,0.98888028688559337,0.001477824614016421,0.000701339716529162,true,188299
382,189031,189031000000000,48,-60.499871060898045,-17.871071797278606,0.70003923878850383,0.0010463942457386826,8.4269563091934926e-05,true,189039
383,189211,189211000000000,58,-32.550517011033392,-34.335435819875222,0.2719503203150313,0.00040663198854046467,0.00028387598205502248,false,189219
384,189287,189287000000000,47,-62.951743983889692,-35.241054039766922,0.82241987154664709,0.0012292120757824375,0.0010229503299979655,true,189295
385,190155,190155000000000,46,-65.06083844426901,-16.092544022849641,0.58752142867727675,0.00087828042805037222,0.00032797992886505681,true,190163
386,190240,190240000000000,45,-67.816986229423733,-43.659657380871366,0.38837904253558375,0.00058067074307621008,0.00050905023372789114,false,190248
387,191423,191423000000000,65,-41.639344999065116,-32.928203432560288,0.54631058116056874,0.00081669987156570627,8.0007597953449093e-05,true,191431
388,191549,191549000000000,54,-71.982902891934245,-30.851218419976792,0.778943556717412,0.0011642689847610038,0.00057654271831756589,true,191557
389,191575,191575000000000,65,-41.532020005555125,-23.858949376081149,0.55661606422880661,0.00083209950750265697,0.00017216942175553177,true,191583
390,191637,191637000000000,54,-71.923239595935087,-25.600519806612731,0.78711597766741115,0.0011764769258213457,0.001173948460300751,true,191645
391,191905,191905000000000,53,-74.588320436568139,-42.247529168975774,0.35584566644151594,0.00053204259579091209,0.00039763634156164695,false,191913
392,192550,192550000000000,52,-76.659642975091657,-36.410715724552176,0.50969964001225732,0.00076198968076460585,0.00012757885887669461,true,192558
393,193192,193192000000000,51,-78.8201125791918,-30.750159962945208,0.56390950938436812,0.00084299806716272565,0.0003733921511251404,true,193200
394,194429,194429000000000,60,-52.916669431461671,-16.78690094125448,0.59809640910764661,0.00089408180078864353,0.00040165406734311165,true,194437
395,195656,195656000000000,58,-57.503563458900928,-8.8596557511687966,0.2775717439876213,0.00041503564206085393,0.00039564494097003432,false,195664
396,196308,196308000000000,56,-62.206713958164748,-35.24956176805297,0.82695796674752819,0.0012359906481950627,1.2407545601196933e-06,true,196316
397,196801,196801000000000,55,-64.578565855943623,-38.475919004249199,0.66139150291735005,0.00098865352429232107,3.896746973163302e-05,true,196809
398,197234,197234000000000,65,-67.158890130684441,-45.277013367880727,0.32774130353602327,0.00049003265912819555,6.7792370473223988e-05,false,197242
399,197903,197903000000000,64,-69.122759834063743,-38.011063283192854,0.62100000916388687,0.00092830401650684073,0.00078914341613227292,true,197911
400,198312,198312000000000,6,-34.893730512068771,-40.813994250586248,0.21376950816471169,0.0003196514044791217,0.0001349228033944832,false,198320
401,199191,199191000000000,4,-39.755547249968949,-27.978342275368743,0.5312792650887721,0.0007942379278339009,0.00022361102665567156,true,199199
402,199318,199318000000000,62,-73.432246534623303,-18.871135956239218,0.56677340966279777,0.00084727754692976386,0.00048422769194453959,true,199326
403,199680,199680000000000,3,-42.064476012490751,-24.511250563183125,0.58351441382659397,0.00087229299137878038,0.00055294207181128463,true,199688
404,200152,200152000000000,2,-44.360794050917939,-20.029059750625279,0.54987937373350115,0.00082203279801336382,0.00068515216524518338,true,200160
405,200914,200914000000000,1,-46.521606010115448,-32.85223077845751,0.69621206891713316,0.0010406765034030835,0.00052013436988646846,true,200922
406,200961,200961000000000,1,-46.458914913762051,-35.655610765526035,0.61479537523595595,0.00091903326130830061,0.00033261139625291586,true,200969
407,201910,201910000000000,10,-51.163515535967846,-26.993195069431597,0.88336323123277594,0.0013202395960649539,0.00028137095703863521,true,201918
408,201942,201942000000000,57,-84.854992348825846,-25.526212971176491,0.37734384605906568,0.00056417652706090349,0.00027634554018263527,false,201950
409,202382,202382000000000,9,-53.472522480007562,-22.511403568571751,0.84336735085436998,0.0012605010322149421,0.0003493183927280423,true,202390
410,204145,204145000000000,6,-60.24983773404287,-29.773181157127251,0.98904684019430744,0.0014780733343001469,0.00094987037535129075,true,204153
411,205699,205699000000000,3,-67.139658758925648,-24.56363067291651,0.88721591524131349,0.0013259938452796368,0.00015305029969533496,true,205707
412,205842,205842000000000,14,-36.511308161140384,-38.533852472844039,0.29034002304741957,0.00043412310531033024,0.00023521018422295302,false,205850
413,207485,207485000000000,0,-73.869912230232885,-33.196759466588823,0.6766195822650547,0.0010114050688907431,0.00035346254555513375,true,207493
414,207573,207573000000000,0,-73.732941537170888,-38.445024214030148,0.51178330403857064,0.00076510352040249881,0.00038631495096569645,true,207581
415,207611,207611000000000,21,-45.888165076485194,-13.508204206926047,0.35468342500195976,0.00053030533151772041,8.2137067123434974e-05,false,207619
416,207844,207844000000000,10,-76.270403366443318,-21.973061739268413,0.58587269052803703,0.00087581682404187214,0.00057946637285151653,true,207852
417,208402,208402000000000,9,-78.547584721157719,-22.623468252938228,0.53192330889231876,0.00079520036061384036,0.00057892411025618556,true,208410
418,208800,208800000000000,19,-50.455279281711718,-19.166669174456189,0.66264315368203441,0.00099052357534498573,5.0175937459942654e-05,true,208808
419,209149,209149000000000,7,-83.043080568713776,-1.8974222010294584,0.041370019529264203,6.1868925068386989e-05,6.0616529688294559e-05,false,209157
420,209583,209583000000000,18,-52.607416441789852,-33.243022869226152,0.83544915437369682,0.0012486738482739431,7.9982452242716699e-05,true,209591
421,210294,210294000000000,17,-54.56806263142051,-43.015784432681144,0.43673488416438905,0.0006529446059093878,0.00026313659146717078,false,210302
422,210518,210518000000000,16,-57.280789992150098,-23.743986980104165,0.92838825086405941,0.001387485497063198,0.00025147200848585409,true,210526
423,212298,212298000000000,24,-33.520429924800126,-37.458106062486188,0.24841386149919098,0.00037144578498671873,0.00016581640450512343,false,212306
424,212648,212648000000000,23,-36.006561967346869,-25.699908921571417,0.40382551253088622,0.00060375799559527822,0.00032108930563241607,false,212656
425,213215,213215000000000,22,-38.276072028348828,-26.887269321449054,0.48066497679967024,0.00071859910154917456,1.9898871923555937e-05,false,213223
426,213602,213602000000000,21,-70.957719603115251,-11.889132990522148,0.33737984985742159,0.0005044403976356399,0.00031565224417850069,false,213610
427,214029,214029000000000,31,-42.849639554261834,-10.162800200932246,0.21041914085808289,0.00031464235934725542,7.4870422383082998e-05,false,214037
428,214915,214915000000000,30,-45.073033771816142,-30.389298040017636,0.69511964848600938,0.0010390444353905964,0.00053298662203858085,true,214923
429,215186,215186000000000,18,-77.779977238695494,-8.4681074456719241,0.16324779216206387,0.00024411506497939097,6.4224473517083224e-05,false,215194
430,215232,215232000000000,29,-47.429721228451037,-16.657310276602146,0.50129031308726946,0.00074942263510023284,0.00065035352839006445,true,215240
431,215347,215347000000000,29,-47.41833636576056,-23.521114143172642,0.730561641353066,0.0010919931495277904,0.00037784852986049241,true,215355
432,215672,215672000000000,40,-16.28688898531697,-48.338775938160843,0.012460885394263398,1.8635675288775199e-05,2.5404152759365689e-06,false,215680
433,215724,215724000000000,18,-77.470394418122439,-40.570703642430729,0.36070318566426179,0.00053930335618746752,0.00013320847128223676,false,215732
434,216060,216060000000000,39,-19.052832548995024,-38.857551632666507,0.049947522097653484,7.4696113679018474e-05,2.8970187070267025e-05,false,216068
435,216299,216299000000000,28,-48.994080555422357,-47.666652739420023,0.21655604192175129,0.00032381745793544787,0.00010453560895831481,false,216307
436,216542,216542000000000,27,-51.923795511648038,-29.535769138473128,0.89686895181567872,0.0013404111753892876,0.00035805838985278858,true,216550
437,217051,217051000000000,15,-84.644031989484816,-21.820827781411527,0.34307299974309158,0.00051295044383080606,5.0377335976456734e-05,false,217059
438,217194,217194000000000,15,-84.571853197136591,-30.353992742057997,0.38635694790188879,0.00057764835548460328,0.00029849076226495173,false,217202
439,217463,217463000000000,25,-56.548791325709715,-19.199573468822567,0.75028969782355115,0.0011214647465003743,6.1255417005421309e-06,true,217471
440,218818,218818000000000,23,-60.94747800381225,-34.761006645515586,0.85205445136477176,0.0012734765450273743,0.00087355314327847546,true,218826
441,219083,219083000000000,22,-63.38784943742926,-17.927857676628022,0.69076029919655002,0.0010325315733709878,0.00013307342950237761,true,219091
442,219094,219094000000000,33,-32.99285075713189,-24.026559936289132,0.30715091325019367,0.00045925336367817749,0.0001622755159049545,false,219102
443,219378,219378000000000,22,-63.208351973767343,-35.530276572429429,0.8083358481971149,0.0012081744162915657,0.0011463908568139418,true,219386
444,219643,219643000000000,32,-65.667429093454473,-18.697716387421234,0.70466869643729413,0.0010533105519107005,0.00098232254486602956,true,219651
445,220499,220499000000000,53,-6.4478125073817862,-47.997262780138669,0.0029849186161452989,4.4640783133392737e-06,4.1350724315492127e-07,false,220507
446,221256,221256000000000,40,-42.1186757508165,-22.450538422493672,0.54861354453839728,0.00082014124443335076,0.00033518044969940876,true,221264
447,221840,221840000000000,39,-44.387053583235918,-24.652565435207904,0.66028315387218994,0.00098699757279623219,0.00072005674004829538,true,221848
448,223307,223307000000000,25,-81.59575295656559,-8.8056016129995811,0.13547473429383555,0.00020258840830241975,8.0323083490878663e-05,false,223315
449,223459,223459000000000,36,-51.233265639014043,-23.321386390227325,0.82315618724663187,0.001230311916852143,0.00029701391742073345,true,223467
450,223980,223980000000000,24,-83.902730744174704,-16.321107698221592,0.25787059075248142,0.00038558342167929326,0.00029017102447235333,false,223988
451,224280,224280000000000,24,-83.755687240873741,-34.222989924378226,0.36591739744775403,0.00054709722288163467,0.00050861321058858833,false,224288
452,225076,225076000000000,33,-58.077882970471926,-21.87078042749809,0.87271732909268829,0.0013043390347811908,0.00084854945924558859,true,225084
453,225122,225122000000000,44,-27.630227717463757,-30.056918416596751,0.19560277981683413,0.00029249051074257173,9.2727136632251664e-05,false,225130
454,225145,225145000000000,22,-88.461260131750294,-20.546781772389522,0.23622975413286518,0.00035323047329933728,4.9085358672252535e-06,false,225153
455,225375,225375000000000,22,-88.313811936106788,-34.270465628353961,0.2531757251996824,0.00037856470882596414,0.00022814307535387571,false,225383
456,225852,225852000000000,43,-60.183582348658483,-35.52785385844048,0.8213401646580436,0.0012275993061620718,0.00050230210285606735,true,225860
457,226945,226945000000000,52,-34.189182521111945,-40.893123853586864,0.20083321917717192,0.00030031056392896101,0.00012813369432739181,false,226953
458,227067,227067000000000,51,-36.819031044537937,-15.530503325079016,0.25432425770749922,0.00038028174228765181,0.00032748097277154274,false,227075
459,228186,228186000000000,39,-68.974737619575251,-44.207694826360878,0.35472404648750538,0.00053036605066982521,0.00025446714203086811,false,228194
460,228540,228540000000000,38,-71.644030308175374,-32.694019167224489,0.75145796070667692,0.0011232099784699522,0.00026174682528789617,true,228548
461,229173,229173000000000,36,-76.269829310511398,-5.1675998586048202,0.10875771621373162,0.00016263912903659864,5.8836073670048113e-05,false,229181
462,229460,229460000000000,36,-76.313124000383596,-22.299523034506993,0.59243902111959079,0.00088562843596331987,0.00071332467449166173,true,229468
463,230101,230101000000000,46,-48.090083343887009,-33.342882636713142,0.72758987221845173,0.0010875535703411092,0.00091664870052200981,true,230109
464,230580,230580000000000,45,-50.436671933200245,-29.280092627788459,0.863442965410815,0.0012904867766237625,0.00056618850626219289,true,230588
465,230846,230846000000000,34,-80.571853983582173,-39.706889762441406,0.32336916164342866,0.0004834970950533029,0.00041341620636884383,false,230854
466,231193,231193000000000,44,-52.651927860374741,-33.211410321703632,0.83725574316543372,0.0012513723106885302,0.0011429181875956672,true,231201
467,231746,231746000000000,54,-54.924318450865769,-33.563224199033662,0.8631037059627622,0.0012899800525613932,0.00072725213860823888,true,231754
468,232309,232309000000000,53,-57.183188727520893,-34.511496181014088,0.85259958892261134,0.0012742907856966924,0.00095200356981175549,true,232317
469,233780,233780000000000,50,-64.160011206263007,-24.350549523660359,0.92964631703867284,0.0013893643827631189,0.00038626582369750631,true,233788
470,233883,233883000000000,50,-64.097288687776071,-30.496477385153295,0.9535653350289065,0.0014250860766450732,0.0013186496855409665,true,233891
471,234480,234480000000000,49,-66.324145623967709,-33.473146300298005,0.84727330526089173,0.0012663351931739644,0.00050224529217626453,true,234488
472,234538,234538000000000,48,-68.680105236987515,-4.2818494286240343,0.12623968961586363,0.00018877966082649916,4.2244794030421686e-06,false,234546
473,234592,234592000000000,49,-66.132474952835366,-40.152209746038267,0.56507293513300394,0.00084473655761234292,0.0004799077519729763,true,234600
474,235000,235000000000000,8,-13.783955977870827,-38.890795191712485,0.024526151846697312,3.667935815353279e-05,8.9902900787955943e-06,false,235008
475,235728,235728000000000,47,-70.586669819722388,-42.643636211604019,0.39950501824771845,0.00059730037047596245,5.2121936073844026e-05,false,235736
476,236537,236537000000000,6,-18.076327249239217,-12.469426207598424,0.028729451339671509,4.2965342859679713e-05,3.733090305813305e-05,false,236545
477,236768,236768000000000,55,-47.461718250934872,-12.208364893286776,0.33005574718170527,0.00049349231791422066,9.0273101529293959e-05,false,236776
478,237010,237010000000000,55,-47.44046150321936,-26.652280550958125,0.77900657999204104,0.0011643631293348528,0.00082229337911983566,true,237018
479,237175,237175000000000,54,-80.038146540169066,1.5993146238188689,0.025688232741764516,3.8417240347778777e-05,3.6310406297576735e-05,false,237183
480,237649,237649000000000,54,-80.099601389838142,-26.694904165016087,0.53293189289780463,0.00079670754553399852,0.00052447945556876414,true,237657
481,237892,237892000000000,65,-49.107264835757015,-46.622500972955734,0.24975806314938478,0.00037345535397688835,0.00033837558477700728,false,237900
482,237978,237978000000000,64,-52.033539477144096,-19.120433643055257,0.68955260368953275,0.001030727270384434,0.0009501786431384175,true,237986
483,239080,239080000000000,51,-86.966638219481766,-14.142967610034608,0.16713582607606126,0.00024992836892830518,6.4043564098202946e-05,false,239088
484,239164,239164000000000,1,-29.462551775277817,-18.946587278770338,0.17840543901745329,0.00026677825869382603,8.2371760423603983e-05,false,239172
485,239251,239251000000000,62,-56.523407832119617,-29.790290600531961,0.97065782812954504,0.0014506119607804228,0.001327157550502748,true,239259
486,239629,239629000000000,61,-58.871774055445279,-19.699031287987093,0.78566752683596963,0.0011743132446332303,0.00063959209551921951,true,239637
487,240789,240789000000000,59,-63.418818838988372,-23.625902159411201,0.91899864479122428,0.0013734622784111741,0.00014451985016002527,true,240797
488,241214,241214000000000,58,-65.709896676770114,-16.33819324868303,0.59301978766406083,0.00088649623045189755,0.0004163156465146818,true,241222
489,241626,241626000000000,58,-65.357194819829829,-40.918698397909182,0.53591581772218433,0.00080116658221018237,0.00039845637112830891,true,241634
490,241645,241645000000000,8,-38.655628432712831,-1.4799042055115803,0.043061472588696879,6.4398414155305498e-05,4.8103977461724384e-05,false,241653
491,241996,241996000000000,6,-43.737556413206498,-45.824081371539741,0.22063493432796272,0.0003299156422931127,5.1938931179069382e-05,false,242004
492,242123,242123000000000,57,-67.743632652507941,-37.931554146784364,0.64725035935018682,0.00096752545442746701,0.00065919364269643045,true,242131
493,242740,242740000000000,5,-45.565030353165234,-34.085797722961111,0.63752833320293056,0.00095299966221917517,0.00093224928572491087,true,242748
494,242869,242869000000000,5,-45.451384111998557,-26.389575163787754,0.71487731907897389,0.0010685618365611474,0.00093606538015920655,true,242877
495,242878,242878000000000,5,-45.446950661558681,-25.852519381684765,0.70974388837884705,0.0010608927201224707,0.00035974408379447868,true,242886
496,243318,243318000000000,55,-72.0574066867824,-43.940173126273159,0.33067893212261779,0.00049442386037113503,0.0004571897664795331,false,243326
497,243440,243440000000000,65,-74.829703543725657,-18.58203779199885,0.52342470430607857,0.00078250031811130736,4.1329303895238608e-05,true,243448
498,243958,243958000000000,3,-50.013309174756188,-26.700110057467818,0.85233337281766974,0.0012738931540693295,0.0012105452483038913,true,243966
499,244191,244191000000000,2,-52.832760153045534,-45.431350969317997,0.3216422719355293,0.00048091569442941414,0.00026841020580132559,false,244199
500,244468,244468000000000,2,-52.316470478674148,-28.913927550395123,0.91027718687190795,0.0013604367513789125,0.00040737099124425237,true,244476
501,244828,244828000000000,63,-79.194283024000654,-36.112113477158978,0.45065889854363517,0.00067375482047104856,0.00054170682855765812,false,244836
502,244974,244974000000000,1,-54.631294368505024,-31.366131427347923,0.91959388505184114,0.0013743512655692307,0.0013218646112242341,true,244982
503,245485,245485000000000,0,-56.950906928719483,-33.5197426849913,0.8867986618663638,0.0013253706501948923,0.0012477005970482073,true,245493
504,245587,245587000000000,11,-26.443551182760185,-21.992935140658762,0.15520580435626646,0.00023209075203248683,3.1535282395626125e-05,false,245595
505,245696,245696000000000,11,-26.440520664404414,-15.486998596530734,0.10211184811872484,0.00015270148317476052,9.9701113239357154e-05,false,245704
506,246084,246084000000000,10,-59.175716537094537,-30.423761472912933,0.97878183258666929,0.0014627440988503877,0.00052709297967034859,true,246092
507,246300,246300000000000,10,-59.097300553113776,-17.533542047734571,0.68274889172277786,0.0010205624305783334,3.5076170995795073e-05,true,246308
508,246374,246374000000000,10,-59.106628911678619,-13.116309458446068,0.46282185682050203,0.00069193268405761071,0.00030385052394143054,false,246382
509,247234,247234000000000,8,-63.694536043004156,-27.094662571536489,0.97637343288447265,0.0014591474842759566,0.0011106459961771891,true,247242
510,247411,247411000000000,8,-63.657457311722453,-16.530988537756652,0.62041079149900324,0.00092742363099885974,0.00026567654108179749,true,247419
511,249614,249614000000000,3,-75.81473658082372,-48.29174065688953,0.16272886974594569,0.00024333918088510545,2.3903093527034731e-05,false,249622
512,249878,249878000000000,3,-75.16857246574294,-32.55435796484732,0.65240365750362661,0.0009752249714196934,0.00077244037777828023,true,249886
513,250149,250149000000000,3,-75.05562240531242,-16.38236528729983,0.44111662436911292,0.0006594934072807363,0.00055863617830824235,false,250157
514,250408,250408000000000,13,-47.002916776648071,-28.134601119439246,0.77047477830108024,0.0011516181882681535,0.000208613705679693,true,250416
515,250495,250495000000000,13,-46.963569762217602,-22.942951445629749,0.70393874756248453,0.0010522200277997152,0.00065224131934023342,true,250503
516,251406,251406000000000,11,-51.653965204769982,-33.873972397181866,0.79668310883886162,0.0011907680917900535,0.00034092996989223962,true,251414
517,251635,251635000000000,11,-51.514601074288379,-20.209722455357021,0.72481568435730737,0.0010834091435537865,0.00080603877260723733,true,251643
518,251808,251808000000000,21,-54.216318408811389,-42.525973514724789,0.45645081665626946,0.00068241103687383532,0.00018509874085442587,false,251816
519,255434,255434000000000,15,-67.47637335598688,-22.042855428690814,0.81100566626615977,0.0012121624246498994,0.00098013067708052257,true,255442
520,255448,255448000000000,15,-67.473855589072613,-21.207297526380497,0.78159970886368602,0.0011682367542631897,0.00069883003489967614,true,255456
521,256398,256398000000000,13,-72.099283775046217,-29.812516952604202,0.78873757594665339,0.0011788992473531316,0.00013695238821350428,true,256406
522,257781,257781000000000,32,-48.798459527942917,-39.780215151831044,0.50890912004182887,0.00076080832058472486,0.0006288977178769944,true,257789
523,259095,259095000000000,30,-53.081739874822091,-26.669638287037312,0.92310991692348954,0.0013796024183871259,0.00023199479287837563,true,259103
524,259278,259278000000000,30,-53.049871627078851,-15.747670096061954,0.55112578085310349,0.00082389532530324099,0.00061602870191772709,true,259286
525,259286,259286000000000,30,-53.050842237478641,-15.270132628782383,0.5287736690268986,0.00079049365850082784,0.00026205229910716376,true,259294
526,259449,259449000000000,30,-53.095442930459676,-5.5395257392131452,0.16118357747289119,0.00024102868222647853,6.6176991389322616e-05,false,259457
527,261531,261531000000000,25,-64.969371274720459,-44.531492857090726,0.37268059889495958,0.00055720632864703274,0.00027140976312878327,false,261539
528,261788,261788000000000,25,-64.507212510987898,-29.206132153534902,0.96425308175305435,0.0014410472058689009,0.00017447328108605989,true,261796
529,261851,261851000000000,25,-64.469702616206192,-25.446945495393109,0.9479411401108585,0.0014166867761045466,0.0013647201200625359,true,261859
530,261869,261869000000000,25,-64.462508306400537,-24.372781292219912,0.92643212888189175,0.0013845640780413891,0.00078475874923863921,true,261877
531,263284,263284000000000,22,-71.529653863864397,-37.873433299362951,0.58063561804971209,0.00086799136116305989,0.00048399905224139875,true,263292
532,263423,263423000000000,22,-71.350915704421325,-29.582376268786771,0.81259180398311515,0.0012145316910861046,7.1667836724526732e-05,true,263431
533,264317,264317000000000,42,-45.657328073687879,-36.085622221185183,0.58015403964596612,0.00086727176256044987,0.00073062492347554867,true,264325
534,264493,264493000000000,42,-45.488765257177668,-25.58577496612326,0.7080782652565043,0.001058404340837972,0.0007511610529016469,true,264501
535,265176,265176000000000,41,-47.743252801229005,-17.475036787075162,0.53984781522104541,0.00080704234363780712,0.0005224289159907994,true,265184
536,265185,265185000000000,30,-78.130312499468602,-22.380221536031353,0.53960105540173342,0.00080667360031253942,0.00012043398456887083,true,265193
537,266479,266479000000000,49,-24.310055833709718,-32.221971749286006,0.13165239162893461,0.00019687305414511363,0.0001221564657540398,false,266487
538,267205,267205000000000,37,-56.898626618976031,-26.988681171020069,0.98177348892226279,0.0014672117091561543,0.00026836550231557912,true,267213
539,267590,267590000000000,25,-89.925027356479944,-42.095341833990005,0.1259573256229613,0.00018835745162669034,3.5145554530964086e-05,false,267598
540,267626,267626000000000,36,-59.296005923619298,-34.511797915232428,0.86243176727635529,0.0012889764319982751,0.00088523402440563717,true,267634
541,267930,267930000000000,36,-59.142370747883227,-16.371369698738047,0.62458586043680064,0.00093366183557210447,0.00037421148219983757,true,267938
542,268045,268045000000000,25,-89.525044470309794,-14.949725653330519,0.14419155295929881,0.00021562210073553068,0.00020363438929336914,false,268053
543,268156,268156000000000,35,-61.600127911255932,-35.531817691936716,0.81797423896524835,0.001222571570574689,0.00095520126602655834,true,268164
544,268418,268418000000000,45,-33.997554069238966,-47.090814192191409,0.099371547306132707,0.00014860384991198679,4.3839916847344192e-05,false,268426
545,268433,268433000000000,35,-61.420743471407917,-19.003785830263979,0.75266997832775373,0.0011250205710733715,0.00058405243826166432,true,268441
546,268913,268913000000000,34,-63.710117411796325,-23.008688224763308,0.89785527918274077,0.0013418842967231005,0.00028452627807424078,true,268921
547,269026,269026000000000,34,-63.701713507682591,-16.264167291731166,0.60691017460823071,0.00090725133577243848,2.8778101779950127e-05,true,269034
548,269266,269266000000000,44,-35.660919210192375,-29.150107228607421,0.39900701273852407,0.00059655602405111975,0.0004619152974519837,false,269274
549,269291,269291000000000,44,-35.643708335514447,-27.658439700004184,0.40016358768418397,0.00059828470372637387,1.4432240976464499e-05,false,269299
550,270859,270859000000000,52,-42.543381517235765,-32.03204289912577,0.59054053964364484,0.00088279167680166404,0.00085596022616134194,true,270867
551,271102,271102000000000,52,-42.438795527669612,-17.531061217256603,0.42465824106336414,0.00063489503962861301,0.00023974851934884027,false,271110
552,271333,271333000000000,51,-44.920354350707981,-36.392318187623296,0.55130261546616888,0.00082415957198229517,0.00072943422750623883,true,271341
553,271831,271831000000000,50,-47.291386989538871,-39.320259264335306,0.49947321078582196,0.00074670710478151267,0.00016198401192498268,false,271839
554,271904,271904000000000,39,-77.711485322547418,-40.404348322254954,0.36118562428374629,0.00054002447679950564,0.00040204452435142854,false,271912
555,272022,272022000000000,50,-47.044521824002317,-27.927551667680063,0.77179417016957763,0.0011535891274563486,0.00031324361105325427,true,272030
556,272643,272643000000000,49,-49.289747650222345,-23.517783676864788,0.78131357918935451,0.0011678093334977575,0.00064318374120216309,true,272651
557,272797,272797000000000,38,-79.658177366425647,-19.768741545820731,0.43534358412955787,0.00065086520674753319,0.0004561040771355965,false,272805
558,273027,273027000000000,48,-51.684828166591757,-33.249442495107068,0.81678159522773952,0.0012207900939915726,0.00057502116998760114,true,273035
559,273255,273255000000000,48,-51.557688737042888,-19.644496145979513,0.70299895304470861,0.0010508159981532335,0.00041093027346616079,true,273263
560,273799,273799000000000,36,-84.239516325520881,-25.271553408965016,0.39354177534742263,0.00058838734322748647,1.9997592121246076e-05,false,273807
561,274155,274155000000000,46,-56.207345749012177,-31.233371376571142,0.94317928866731815,0.0014095752636810216,0.00050273353805965185,true,274163
562,274495,274495000000000,56,-28.269935031543987,-38.147220099899492,0.14789980824388721,0.00022116676234172302,4.9425058597794784e-05,false,274503
563,274658,274658000000000,56,-28.068104085974507,-28.424369102105327,0.20718295173325657,0.00030980399515086318,7.7764507423857594e-05,false,274666
564,275199,275199000000000,44,-60.823955800318124,-34.22816159122096,0.87307381017914876,0.0013048714737327897,0.0010917927667249217,true,275207
565,275740,275740000000000,54,-63.111796174816575,-34.592121827446512,0.847188161150351,0.0012662080173355755,0.0011952575875012153,true,275748
566,276001,276001000000000,54,-62.955104903084134,-19.018389531149566,0.74559096569049188,0.0011144454243681595,0.00074932681300211173,true,276009
567,276502,276502000000000,64,-34.856039304356507,-16.327499615061324,0.23486908250152622,0.00035119624065852698,0.00017873897151502458,false,276510
568,277328,277328000000000,51,-70.035998528876846,-37.77118520019485,0.61449889316674533,0.0009185902656250152,0.00074789769844215402,true,277336
569,277976,277976000000000,3,-8.0152485266721705,-28.116084761194195,0.015445472492828825,2.3099174622087369e-05,1.6245060455746154e-05,false,277984
570,278926,278926000000000,59,-46.417001810567406,-34.915899851043633,0.63712199026767735,0.0009523925359209021,0.0005193685898624051,true,278934
571,279279,279279000000000,58,-49.170449139578501,-46.486612752991121,0.25470859174487648,0.00038085631343973733,0.00017677644192462321,false,279287
572,279816,279816000000000,57,-51.488887237468909,-47.088362573537601,0.25234781458292621,0.00037732699694272302,0.0002943247233562969,false,279824
573,280213,280213000000000,57,-50.823578738982,-23.413027333612654,0.81627392926506559,0.0012200317818938384,3.4598635322534517e-06,true,280221
574,281051,281051000000000,55,-55.643050279410083,-38.697235950140602,0.65270883696108339,0.00097568093665933032,0.00030779607221986707,true,281059
575,281531,281531000000000,44,-85.753759203234949,-15.497898136153324,0.2088246080167401,0.0003122584068521475,7.3148406859223881e-05,false,281539
576,282126,282126000000000,64,-60.242580211913072,-39.842224072034803,0.61444905924377535,0.00091851580507320966,0.00044635056816994174,true,282134
577,282953,282953000000000,63,-62.220259352332462,-23.145074061724259,0.91443519957775354,0.0013666467786724609,0.00082450783147887082,true,282961
578,283330,283330000000000,4,-30.85653846035633,-21.132765384457297,0.22890271744507074,0.00034227635083089344,3.6592131390041518e-05,false,283338
579,283331,283331000000000,62,-64.616844814833556,-33.234815723397055,0.87981445019440585,0.0013149392175552394,0.0010952021060050554,true,283339
580,284073,284073000000000,61,-66.773603740279171,-21.60553961283868,0.80833295838844688,0.0012081700996662912,0.00025084359854819917,true,284081
581,284555,284555000000000,60,-69.073085106632732,-25.490747214415496,0.8616546646869816,0.0012878157353466192,0.00031159749832290219,true,284563
582,284679,284679000000000,60,-69.04844367204133,-18.09016519719713,0.6266680792647763,0.00093677298090440501,0.00085805616771701795,true,284687
583,285019,285019000000000,59,-71.40704275503569,-30.44926038643602,0.80120946252084035,0.0011975293861454948,0.00056793869429529848,true,285027
584,285469,285469000000000,0,-39.978366173172638,-18.183785664416309,0.38550670043129492,0.0005763775035266237,0.00047498524626645523,false,285477
585,285487,285487000000000,58,-73.77817229138941,-35.167849922323157,0.62415533296957548,0.00093301856214721721,0.0005165129218796939,true,285495
586,286276,286276000000000,10,-42.120923159525503,-33.692358618941327,0.54562964265284664,0.00081568232671185264,4.2309986613801966e-06,true,286284
587,286321,286321000000000,57,-75.887226443346066,-18.048745598529354,0.4802936208973913,0.00071804412001221461,5.9066808849083321e-06,false,286329
588,289484,289484000000000,4,-55.873219470337027,-29.241233965593707,0.96886414881702809,0.0014479333154679005,0.0012704802826652068,true,289492
589,290026,290026000000000,3,-58.156648026081797,-28.936823212785413,0.99174317852215887,0.0014820998685276196,0.0013113760558809667,true,290034
590,290492,290492000000000,2,-60.479175310523992,-24.097327017376973,0.9481531369262427,0.0014170033782490972,0.00024604612290337534,true,290500
591,292748,292748000000000,9,-69.564063753180577,-28.130723723911515,0.86829933029625428,0.0012977403030812234,0.00077104455800197744,true,292756
592,293096,293096000000000,8,-71.891047394323635,-16.248140517801588,0.49770851696808993,0.00074406988815563084,0.00021900493780919984,false,293104
593,293195,293195000000000,8,-71.886082073808211,-22.157132524236022,0.71422187950792559,0.0010675826423632124,0.0006766845799867047,true,293203
594,293373,293373000000000,19,-41.256345148632533,-38.216403656323763,0.40471164698310602,0.00060508245095699132,0.00039855183169683003,false,293381
595,293505,293505000000000,18,-43.783874382286527,-13.447445668849877,0.31945370188061945,0.00047764415217594941,7.8271845420949132e-05,false,293513
596,293951,293951000000000,17,-46.035222761254502,-7.4119424378602927,0.16987143978808752,0.00025401857893665307,6.5479430747153618e-05,false,293959
597,294165,294165000000000,6,-76.447166666989048,-14.743655618995531,0.35785459476526982,0.00053504544099114101,0.00033925335634609177,false,294173
598,294224,294224000000000,17,-46.058522567046722,-23.707599393805051,0.69494655802606087,0.0010387858392839784,0.00010674936282538518,true,294232
599,294929,294929000000000,5,-78.687196554829043,-27.688696466363943,0.58318965131490497,0.00087180771709278429,0.0008327856597535819,true,294937
600,295634,295634000000000,4,-80.788621220534395,-37.107760965191417,0.38483161173047831,0.00057536845756590664,0.00057202952890241107,false,295642
601,296878,296878000000000,12,-57.469743873338764,-18.842810716661237,0.74004812899869743,0.0011061650514655299,0.00022576866833490391,true,296886
602,296938,296938000000000,12,-57.462306367573014,-22.423878658867036,0.88878461161550781,0.0013283367919800478,0.0010274120638383809,true,296946
603,297770,297770000000000,32,-31.636229564349357,-12.21578409956618,0.121651818664669,0.00018191955256826692,7.5558669799054827e-05,false,297778
604,298064,298064000000000,21,-62.012218491344839,-24.321435299484826,0.94815807752880366,0.0014170107566859364,0.0011125146950136538,true,298072
605,298452,298452000000000,20,-64.30417253796935,-14.825284425730308,0.53191379910095815,0.00079518614957641909,0.00043173043285494906,true,298460
606,298895,298895000000000,20,-63.940638845749611,-41.255787826014043,0.53041867432148537,0.00079295189466055546,0.00024264795949467823,true,298903
607,299400,299400000000000,18,-68.823263456645179,-6.0973422558530519,0.16765355890812791,0.0002507024692751868,0.00017314894032082048,false,299408
608,300083,300083000000000,18,-68.206554561290133,-46.845079743831448,0.26262028459967385,0.00039268405138708732,0.00010501104915568099,false,300091
609,300960,300960000000000,16,-73.285607068389993,-33.896893511275863,0.67494187487972146,0.0010088985119728394,0.00040674211564528759,true,300968
610,301173,301173000000000,16,-72.781818797059458,-46.594653421045436,0.23394218986177584,0.00034981051434204572,0.00025693584546508642,false,301181
611,302524,302524000000000,24,-49.725869765533332,-34.724639809324785,0.72621122370368307,0.0010854939759090201,0.0010839754774856613,true,302532
612,303250,303250000000000,22,-54.434180573546072,-12.751835059129562,0.42523197147642866,0.00063575253571472622,0.0002640436996987764,false,303258
613,303645,303645000000000,11,-84.739314517656481,-30.883781465753948,0.37780688390707845,0.00056486863133682294,8.1828100844343431e-05,false,303653
614,304224,304224000000000,32,-56.467973807345686,-38.224941396046418,0.68231032135574166,0.0010199071968339979,0.00085711087525800389,true,304232
615,304247,304247000000000,21,-86.957445164610704,-34.158617536030043,0.28560287507071963,0.00042704152489732788,0.00031988720096101468,false,304255
616,304400,304400000000000,31,-59.002347039873491,-16.082486853705397,0.60976252845034584,0.00091151328783061923,0.00026263088328466375,true,304408
617,304795,304795000000000,31,-58.698755423343862,-39.649835916909808,0.62259538925929514,0.00093068776584936432,0.00075525933808971723,true,304803
618,305107,305107000000000,30,-61.258137834540953,-25.625786822815115,0.97822527581202279,0.0014619129588060397,0.00055150061722661564,true,305115
619,305259,305259000000000,41,-30.580524551586436,-40.131652940170206,0.15775880681313023,0.000235907995634183,0.00019909558850617206,false,305267
620,306068,306068000000000,28,-65.84284221622552,-17.675857849442767,0.6552225991836147,0.0009794367129742109,0.00070708714124609849,true,306076
621,306398,306398000000000,27,-68.069305549329229,-4.7157212237319053,0.13765896896882912,0.00020585436840950529,0.00017736480498963024,false,306406
622,306754,306754000000000,27,-68.0942547646695,-25.965564363304434,0.89094044080536117,0.0013315566495016135,0.00086059984262212353,true,306762
623,306823,306823000000000,27,-68.048899367694105,-30.082634302063848,0.89133333217775046,0.0013321434547250873,0.00045413665810144156,true,306831
624,307472,307472000000000,26,-70.206237826331659,-36.160910125577672,0.67570170286641906,0.001010033723881867,0.00065889142850633186,true,307480
625,308161,308161000000000,25,-72.152955661494701,-44.620088102072224,0.30512125644651444,0.00045621930447649621,0.00013453490752337054,false,308169
626,308810,308810000000000,23,-77.240931730130669,-18.063232186384166,0.44862689945556916,0.00067071791172992911,5.0154517039689134e-05,false,308818
627,308900,308900000000000,34,-46.803313246232676,-28.875974178859007,0.76229758758376354,0.0011394028180895053,7.7264852838378728e-06,true,308908
628,310111,310111000000000,43,-51.23264035435777,-35.84324660527691,0.71732927259679591,0.0010722249249455404,0.0006983706600175001,true,310119
629,310396,310396000000000,42,-53.698260694948296,-20.204659719935048,0.76163983052824369,0.0011384202313698636,0.00039179904421190765,true,310404
630,311166,311166000000000,41,-55.846267739399963,-33.504934651380665,0.87647329590089407,0.0013099489199109287,5.8255161185998831e-05,true,311174
631,311368,311368000000000,41,-55.398125413167705,-45.54787523281464,0.33224749344855981,0.00049676855611181943,0.0003060791789704164,false,311376
632,311494,311494000000000,40,-58.257048014246642,-20.431221382466827,0.81578924633192429,0.0012193077995284161,0.00011297362472361745,true,311502
633,312601,312601000000000,38,-62.814539304916671,-21.194937559982918,0.84112125977441943,0.0012571461243464828,0.0012360630224228625,true,312609
634,312976,312976000000000,37,-65.079383882530422,-10.92198494680474,0.34905754057782123,0.00052189597930092115,8.7872617476970073e-06,false,312984
635,313165,313165000000000,37,-65.091015736117015,-22.203452090094377,0.85499116032524225,0.0012778629307366176,0.0006979864894368663,true,313173
636,313547,313547000000000,37,-64.548636054542968,-44.987333550369407,0.35561500294564513,0.00053169781100031717,0.00012993696774982134,false,313555
637,313616,313616000000000,37,-64.276968973615524,-49.097274076382774,0.20727730007247286,0.0003099450538718839,0.00029499969942493772,false,313624
638,313669,313669000000000,36,-67.376605502504191,-19.630951409576788,0.72096078988762446,0.0010776501943052662,0.00099364905773638846,true,313677
639,315893,315893000000000,43,-76.490486468280892,-21.755232762971715,0.57403712771053206,0.00085813152087657108,0.00040462731480656229,true,315901
640,316095,316095000000000,43,-76.356218118577544,-33.808057173802723,0.58861740550277064,0.00087991807279104927,0.00013936870475036341,true,316103
641,316244,316244000000000,64,-18.012455308410601,-20.935502495265158,0.055360080527184143,8.2790215776728203e-05,4.2458765402301963e-05,false,316252
642,317229,317229000000000,51,-52.92657158123172,-8.9739004094068413,0.26338714250887602,0.00039383047298074925,0.00021909341345807307,false,317237
643,318536,318536000000000,49,-57.508758995511606,-21.676066794644374,0.86205245120935692,0.0012884098777698576,0.00081495339272318079,true,318544
644,318692,318692000000000,49,-57.426498069152814,-30.984863215490233,0.95967941846798577,0.0014342169076921895,0.00084430006696246897,true,318700
645,319309,319309000000000,48,-59.62310000465029,-35.154347141391796,0.83698945064090946,0.0012509745557902684,0.0001755929637056162,true,319317
646,319702,319702000000000,47,-62.044632276055907,-25.960716314933268,0.97932543544408324,0.0014635558933552967,0.00041913638989915357,true,319710
647,320756,320756000000000,45,-66.61947911455033,-23.561495219666799,0.87282211245649655,0.0013044955388903585,0.00071656218474845743,true,320764
648,321158,321158000000000,55,-38.5299948958749,-20.343538381657897,0.4005541581572673,0.0005988684708743584,0.0003211761514667048,false,321166
649,321291,321291000000000,55,-38.481085673783774,-28.280552007819452,0.48925192825203201,0.00073143198655782529,0.00063585539633825481,false,321299
650,321908,321908000000000,54,-71.153813303778762,-27.010459164092513,0.82251633962758919,0.0012293561710504082,0.00050563926463317291,true,321916
651,323045,323045000000000,63,-45.203958947064827,-35.003420583994433,0.60160807574569897,0.00089932895650172691,0.00052357979791811627,true,323053
652,323261,323261000000000,1,-20.570400657097487,-28.298859752881626,0.090760764911710617,0.00013572784458880824,0.00012769853383332844,false,323269
653,323689,323689000000000,51,-77.855168674691555,-35.344236414239219,0.50698683452960547,0.00075793563393524127,0.00071532282717226732,true,323697
654,325031,325031000000000,59,-54.47928417160778,-22.926951714429055,0.87249801417413253,0.0013040114666155326,0.00030090451766460666,true,325039
655,325128,325128000000000,59,-54.433152968941513,-28.715271552027939,0.95160982202649369,0.0014221656770859804,0.00011227233879096957,true,325136
656,325178,325178000000000,48,-84.838101770823201,-26.257872796906362,0.38190144766258938,0.0005709887691126615,0.00022302732020376313,false,325186
657,325750,325750000000000,7,-32.363435057710504,-43.000209387425414,0.14086627800567947,0.00021065005325697093,9.5123429732786821e-05,false,325758
658,325819,325819000000000,58,-56.540478875179794,-37.298884585133209,0.72708634113187587,0.0010868013342689429,0.00029020059396552938,true,325827
659,327048,327048000000000,5,-36.561736786496176,-30.847322695465252,0.41648040085583898,0.000622672379469289,0.00059191489664798104,false,327056
660,327442,327442000000000,55,-63.410096313391655,-36.207195845795809,0.77737860831406969,0.0011619312519035693,3.5832870624316183e-05,true,327450
661,328418,328418000000000,64,-68.105255362320761,-29.156069019354735,0.89940482828151191,0.0013441986089716253,0.00043173322682280821,true,328426
662,328503,328503000000000,64,-68.017833645536214,-34.226828723914174,0.79149152526641919,0.0011830130460623004,6.5952542637970509e-05,true,328511
663,330174,330174000000000,10,-50.479685511174964,-40.187678636030014,0.51911327755765491,0.00077605739834729767,4.0205895985203415e-05,true,330182
664,330556,330556000000000,21,-19.788205490402714,-11.953924741021826,0.033729979765176048,5.0443522542826146e-05,4.852516811649198e-05,false,330564
665,330844,330844000000000,10,-50.237840101152955,-0.20408669873165566,0.059027557947342275,8.8274634192112375e-05,3.3021906127351451e-05,false,330852
666,331029,331029000000000,20,-22.055279368769934,-16.377347346092307,0.067815452582127525,0.00010141610358804601,6.6103649733019801e-05,false,331037
667,331082,331082000000000,9,-52.433848274639551,-18.656511150347594,0.67606143933612872,0.0010105711833987446,0.00016341987857393335,true,331090
668,331241,331241000000000,9,-52.460772180848188,-9.1652138519504955,0.26727319795067839,0.00039963994865886324,0.0002479818769684598,false,331249
669,331893,331893000000000,7,-57.173150203088056,-35.554829443083626,0.81017050633285692,0.0012109149163406778,0.00061832022122354393,true,331901
670,332077,332077000000000,7,-57.011378514581054,-24.577261429447283,0.94699515765276243,0.0014152740174565605,0.00099004320938349418,true,332085
671,332422,332422000000000,57,-83.821708726957297,-39.551329351579881,0.26209691491934362,0.00039190163410393733,0.00030767732858585299,false,332430
672,332657,332657000000000,56,-86.400216799123399,-20.931877835615442,0.28678005467930606,0.00042880129982760342,1.0408461597971622e-05,false,332665
673,333594,333594000000000,4,-63.935899894184473,-31.994189371802499,0.92376219431784168,0.0013805765840733991,0.0012468938388288764,true,333602
674,333975,333975000000000,15,-33.511002378485507,-3.8117330807708187,0.044408680249542302,6.6413095741493946e-05,1.0733493192253305e-06,false,333983
675,335549,335549000000000,11,-42.906780679243077,-40.476016008304285,0.3710765224752387,0.00055480868963669221,0.00010512932712838521,false,335557
676,335917,335917000000000,0,-72.964888725170013,-23.963431368149298,0.72908017029198835,0.0010897799558169283,0.0006509239634946419,true,335925
677,336090,336090000000000,11,-42.602419014401413,-8.1941903663588871,0.16055137999855898,0.00024008342816658071,0.0001344007970661311,false,336098
678,336622,336622000000000,10,-75.234914191937136,-14.539060217436822,0.37256679455991681,0.00055703622365339486,0.00039053081563450627,false,336630
679,336991,336991000000000,9,-77.531640170930331,-25.169139883767411,0.60523158065706162,0.00090474319282103546,0.0002560373519677132,true,336999
680,337000,337000000000000,20,-47.129702176802112,-19.190032718422763,0.59148279927211711,0.0008841996260383903,0.00023598900276369244,true,337008
681,337123,337123000000000,19,-49.93059489696212,-44.487579187447515,0.33275114796211214,0.00049752142100991737,7.1572143325350679e-06,false,337131
682,337290,337290000000000,20,-47.201538717856145,-1.8781464623746273,0.072653491355512051,0.00010865086154871311,2.3304253082555871e-05,false,337298
683,337661,337661000000000,8,-79.788980997139276,-17.834260677016943,0.38168711312732601,0.0005706684045614775,1.5392900258703916e-05,false,337669
684,339120,339120000000000,27,-25.867893719808492,-17.830603626009953,0.1156801701876642,0.00017299025204005089,7.1970516575935176e-05,false,339128
685,340143,340143000000000,14,-60.849434990518603,-27.52192624843644,0.99809473791467196,0.0014915848051896702,0.0012194004966028277,true,340151
686,341841,341841000000000,22,-37.265832233746956,-18.696689728308229,0.33349660350519378,0.00049863573006932638,0.00010259822507864582,false,341849
687,341902,341902000000000,22,-37.269683487342668,-15.055578222612548,0.25179881449181435,0.00037650625056920539,5.6495194265386188e-05,false,341910
688,342623,342623000000000,31,-42.053732469186954,-37.324440871656442,0.4498179356815889,0.00067249796695811599,0.00043364406800781526,false,342631
689,343022,343022000000000,30,-44.722071990934985,-46.152168271280601,0.22217056146734906,0.00033221148566236444,0.00023025601354736158,false,343030
690,343391,343391000000000,30,-44.120343644845455,-24.146104893979288,0.6435777802699012,0.00096203823618110096,0.00064337629215378985,true,343399
691,343762,343762000000000,29,-46.542444630508477,-34.652861978010947,0.64845232269339614,0.00096932130715206473,0.00031341334460069793,true,343770
692,343873,343873000000000,18,-76.896481954962226,-33.470872695152252,0.58013302064305672,0.00086724035490037062,0.00075777949709867492,true,343881
693,345028,345028000000000,27,-50.960640577636774,-24.403079479581375,0.84280576741865454,0.0012596622156901469,0.00094029568032862195,true,345036
694,345670,345670000000000,15,-83.618847133040546,-24.181420135838607,0.401916900709828,0.0006009052948156787,9.8089925107244514e-05,false,345678
695,345811,345811000000000,26,-53.244076082835043,-10.322593875445328,0.31490852544226511,0.00047084984755304832,0.00046915539949767367,false,345819
696,346384,346384000000000,35,-27.593417769668516,-35.98445433420062,0.15849730275310195,0.00023701219040521518,0.00023194915807000943,false,346392
697,346751,346751000000000,13,-88.182983225773256,-24.969392386742559,0.28432637555410495,0.00042513327236469309,9.4934604071638938e-05,false,346759
698,347043,347043000000000,23,-60.222236855302,-34.749017792473389,0.85365059752197436,0.0012758606150208391,0.0010305692475192259,true,347051
699,347992,347992000000000,22,-62.360365672825317,-10.764836469378599,0.35344608272599853,0.00052845580669982136,0.00027314644698390295,false,348000
700,348429,348429000000000,31,-67.790472764575412,-49.964848855005407,0.17052912058591971,0.00025500192163009958,8.4624629840702523e-05,false,348437
701,349682,349682000000000,30,-69.214173341883154,-7.8579025908017215,0.21444225227608504,0.00032065720329758657,0.00029349235376492367,false,349690
702,350144,350144000000000,39,-43.683027119695417,-40.141409195543602,0.39743523405657821,0.00059420675354764942,4.3331880358287865e-05,false,350152
703,351010,351010000000000,38,-45.642320656040077,-21.11699161504459,0.61716358112928182,0.00092257176500344944,0.00028089807797847325,true,351018
704,351338,351338000000000,37,-48.066301990626087,-34.190289369549639,0.7026981665972335,0.0010503666302613208,0.00047716337704332138,true,351346
705,351557,351557000000000,26,-78.331812231654752,-26.56474260042781,0.59110797976969554,0.00088363956107065215,0.0001847399488151794,true,351565
706,351957,351957000000000,26,-78.365094406249355,-2.688349227850606,0.064243746379726518,9.6074973929591884e-05,8.9576239379089749e-05,false,351965
707,352019,352019000000000,25,-80.67604834448403,-31.642308986630844,0.49372105820828133,0.00073811087268081752,0.00070569877205075345,false,352027
708,352734,352734000000000,35,-52.479382786377442,-16.181180137980231,0.56422673434498238,0.00084347209218238938,0.00018441258891434842,true,352742
709,353861,353861000000000,33,-57.042919842268248,-14.223506416609808,0.51043419841483828,0.00076308741022046054,3.2493613371316251e-05,true,353869
710,353959,353959000000000,43,-59.674677949204721,-41.018587542093009,0.55507717439455828,0.00082979993671252069,0.00054782701515313685,true,353967
711,354550,354550000000000,32,-89.713522422173682,-11.196103852188143,0.096044424356597366,0.00014362870577448974,4.9550088659491964e-05,false,354558
712,354599,354599000000000,42,-61.774305952018423,-35.479324517321515,0.81947170354081733,0.0012248083598397537,0.00066172148511700081,true,354607
713,355079,355079000000000,42,-61.636132862131333,-6.8332577266482568,0.21017932467354181,0.00031428381557974816,8.3711002350758882e-05,false,355087
714,355106,355106000000000,41,-64.121057850473036,-37.870834755884225,0.69453073832965007,0.0010381646068836959,0.00070499469215024643,true,355114
715,356812,356812000000000,49,-40.388533921682338,-28.572778940548368,0.55174323891786192,0.00082481800207154915,0.00033161674369505673,true,356820
716,357922,357922000000000,47,-44.937282172830706,-27.630272812340451,0.70426079632914118,0.0010527011601970577,0.0010496383109886128,true,357930
717,358396,358396000000000,46,-47.277349527213133,-31.991709968340313,0.7370360519288236,0.0011016653192364952,0.00062687907609875501,true,358404
718,358471,358471000000000,46,-47.215709176655423,-27.517022401829841,0.77644518315156341,0.0011605368910771504,0.00069507843455679594,true,358479
719,358703,358703000000000,35,-77.553454380578145,-19.113253292955751,0.47250080153507606,0.00070639788726443184,1.6912120282119378e-05,false,358711
720,360149,360149000000000,43,-84.475810802830864,-30.768123476886366,0.38631992209675903,0.00057759301361066853,0.00053555474416245403,false,360157
721,360297,360297000000000,53,-57.114465090700925,-49.123997541707659,0.20966681403618667,0.00031351757205647204,0.00011316128623149068,false,360305
722,360718,360718000000000,64,-25.911715216813967,-18.57849828090562,0.12228048163009916,0.00018285957656083679,0.00010782643743508938,false,360726
723,361258,361258000000000,52,-58.588782107945939,-24.444458817329664,0.95411721267253924,0.0014259102594570878,0.00060301672793633301,true,361266
724,361633,361633000000000,51,-61.010496310983683,-34.712474595968303,0.85382861782733721,0.0012761265131676163,0.00098449788167503656,true,361641
725,361861,361861000000000,51,-60.854202663949955,-21.108445899553903,0.84701737562013724,0.0012659529228022199,0.00069783584800312687,true,361869
726,361870,361870000000000,51,-60.852999078046153,-20.571288475749942,0.82469632153658723,0.0012326124247205924,0.0008603744625481517,true,361878
727,362902,362902000000000,60,-35.030171599200251,-18.841607605083084,0.28552772094051065,0.00042692917629976888,0.00026276988318565671,false,362910
728,362904,362904000000000,49,-65.425888753607111,-24.164338497014413,0.90799456540915702,0.0013570276204173406,0.00038154401801553458,true,362912
729,363295,363295000000000,48,-67.822139832644609,-33.478141883965179,0.81985796768152042,0.0012253853285911214,0.00011090236321736397,true,363303
730,363655,363655000000000,58,-39.878583731110893,-39.198416439456274,0.34637477328533883,0.0005178858586612268,0.00050791518428510948,false,363663
731,364977,364977000000000,46,-72.344810679083125,1.6052881025917585,0.037685277225737765,5.6358542818569951e-05,4.9413417065048305e-05,false,364985
732,365036,365036000000000,56,-44.154750470151548,-22.088942588547862,0.60122970487394189,0.00089876359354609304,0.00074311791792710483,true,365044
733,365618,365618000000000,55,-46.429235963319428,-20.00610011344649,0.60284830234942977,0.00090118210478034081,0.00010345248075158244,true,365626
734,365915,365915000000000,65,-48.87240810333001,-34.929133199250394,0.69921517289015267,0.0010451631046993033,0.00074145224742173867,true,365923
735,366454,366454000000000,65,-48.773792306689444,-2.7602080919447713,0.090134134609471048,0.00013479081581825638,0.00012012455262846942,false,366462
736,367397,367397000000000,62,-56.064731909784562,-44.42672145183473,0.38257395053387322,0.00057199395447576776,7.8530753109230816e-05,false,367405
737,371074,371074000000000,56,-69.226836792970403,-20.902580953085764,0.73617463115225701,0.0011003784417866562,0.0009952050650032828,true,371082
738,371078,371078000000000,9,-35.456148367908241,-33.763115210913782,0.35170754760488304,0.0005258571150757751,1.2085075144119475e-05,false,371086
739,371577,371577000000000,8,-37.788471400621781,-30.893643597765944,0.45365458272893144,0.00067823198059297971,0.00042867941995275194,false,371585
740,373191,373191000000000,63,-78.364594202639353,-25.164203468466376,0.57788344326880692,0.00086387891659808909,0.0005525001592282283,true,373199
741,373935,373935000000000,62,-80.630442628745371,-13.412117495134636,0.24765358534169032,0.00037030917739948544,5.9162269417604446e-06,false,373943
742,375001,375001000000000,1,-53.79039849567075,-6.6786372708654955,0.19437250139306553,0.00029065110710455749,0.00026575826464167777,false,375009
743,376282,376282000000000,21,-27.999470748695465,-23.271724894370923,0.19053369590920549,0.00028491164244222545,2.9105461680781106e-05,false,376290
744,376347,376347000000000,10,-58.385520904832248,-21.70905688583408,0.86810813848392832,0.0012974547376297016,0.00079149011630330808,true,376355
745,376761,376761000000000,9,-60.662766582554518,-13.764340721667756,0.49443599264339577,0.00073917930148331712,0.00016634143763198962,false,376769
746,377261,377261000000000,19,-32.568466453744378,-16.395692206682803,0.19616133696084895,0.00029332561493409387,0.00016755984044923607,false,377269
747,379770,379770000000000,4,-71.994414551798329,-30.086417948117553,0.78888835436673499,0.0011791244778150221,9.5108062909561469e-05,true,379778
748,380197,380197000000000,14,-43.916215200384592,-28.36102545298456,0.67054621677435144,0.0010023312062749873,0.00030008309111401513,true,380205
749,380218,380218000000000,25,-13.420095634394977,-35.053428676550645,0.029568987313893583,4.4220854250875556e-05,2.731615809764734e-05,false,380226
750,381450,381450000000000,1,-78.795542748317359,-32.39481038429502,0.542136619982859,0.00081046259204332807,0.00026044437060422014,true,381458
751,384941,384941000000000,16,-64.483962248108867,-17.623619020289016,0.66705730327173618,0.00099711858598765311,0.00067797096935519059,true,384949
752,385974,385974000000000,25,-38.662875721182338,-19.413043035834853,0.38342594473307767,0.00057326742282626806,0.00036922378390993627,false,385982
753,387216,387216000000000,12,-73.593463517258968,-22.791869234310528,0.68431254866180202,0.0010228985648318902,0.00040977473492574527,true,387224
754,387613,387613000000000,12,-72.965309128428373,-46.468374767343761,0.23604779505662046,0.00035295844090194462,1.7770101245534855e-05,false,387621
755,387832,387832000000000,22,-45.391721461848682,-32.343690015495675,0.67379025058273179,0.0010071779390166181,0.00087169166219231353,true,387840
756,388467,388467000000000,21,-78.054807662230345,-32.147684366271022,0.56962152136424637,0.00085153341590402229,0.00079266334997349819,true,388475
757,388726,388726000000000,31,-50.059481721347311,-20.39725435540166,0.70244295578463745,0.0010499853511395612,0.00014431076823189851,true,388734
758,389131,389131000000000,20,-80.154687503323743,-39.119476677775232,0.3477801914258809,0.00051998663784241436,0.00041745698238514656,false,389139
759,389464,389464000000000,30,-52.240395296733915,-31.788537254329796,0.86696577021647547,0.0012957484865542034,0.00070663219014636611,true,389472
760,389834,389834000000000,40,-24.206338769135929,-26.662297104919961,0.1376071299918222,0.00020577685670122988,9.2100589339836185e-05,false,389842
761,389976,389976000000000,18,-84.984039444668383,-24.25339773398586,0.3634859175392301,0.00054346281146338681,3.9541630126689345e-05,false,389984
762,390012,390012000000000,29,-54.519057563426102,-31.842106699031092,0.90699771762081516,0.0013555388089571225,0.0013551647499842263,true,390020
763,390263,390263000000000,29,-53.961772400074302,-46.80634047079625,0.27683991203926989,0.00041394160610114136,0.00026642183200822705,false,390271
764,390536,390536000000000,39,-26.331072784977923,-35.90303032161146,0.13998146905587716,0.00020932705710804362,0.00018861238826796805,false,390544
765,391149,391149000000000,27,-59.027318394442368,-34.39492436173186,0.86635824919933857,0.0012948410867473256,0.001130528337124245,true,391157
766,392462,392462000000000,24,-66.013970811071076,-14.803525156964955,0.51659737519935789,0.00077229765923301163,0.00014074054296920845,true,392470
767,393537,393537000000000,22,-70.569911718516636,-13.657164844091577,0.41201029120706273,0.00061599125750183917,0.00052465244874537681,false,393545
768,393720,393720000000000,33,-40.124937563307029,-30.020693337307399,0.5359182612919563,0.00080117023375757149,8.3795054217188458e-05,true,393728
769,393784,393784000000000,32,-72.743434723802139,4.2587716962822029,0.02098593866448694,3.1384980530589485e-05,2.5361311918858645e-05,false,393792
770,394276,394276000000000,54,-11.905984310701422,-35.990670024761741,0.022568466408415561,3.3751649233644346e-05,1.9950560328950302e-05,false,394284
771,394817,394817000000000,31,-75.117378856373691,-24.746652909542732,0.67744384270486746,0.0010126365421859289,0.00029600739049947291,true,394825
772,395089,395089000000000,30,-77.384953849160226,-8.3258845680017348,0.163586981444764,0.00024462221478127784,7.7029693876899861e-06,false,395097
773,395408,395408000000000,40,-49.232116189630467,-0.15180012964784173,0.056601681042198912,8.4646933160747461e-05,7.7539593011195627e-05,false,395416
774,395712,395712000000000,30,-76.838309956156962,-45.494527197810456,0.22307498137487372,0.00033356363854234318,0.00022997079599507286,false,395720
775,395718,395718000000000,40,-49.316058948789369,-18.657834579488892,0.6192823250407995,0.00092573751930987271,0.00075576388211894962,true,395726
776,395745,395745000000000,40,-49.314468200797954,-20.269370411885419,0.68132642270688371,0.0010184372291163082,0.00014534709747699004,true,395753
777,395853,395853000000000,40,-49.281375477079308,-26.7146726185725,0.83273980452809826,0.0012446269376274316,0.00099354661224821945,true,395861
778,396243,396243000000000,40,-48.425987746125273,-49.966200866106192,0.15226685029761663,0.00022769641640687412,0.00017076242610779234,false,396251
779,396570,396570000000000,38,-53.818661351710027,-4.1992905083300549,0.13187678416357124,0.00019720857776730041,0.0001746167047694965,false,396578
780,396723,396723000000000,38,-53.866475955165818,-13.33311483998023,0.44709169516956465,0.00066842347775138622,0.00014257757683660278,false,396731
781,398152,398152000000000,36,-58.305301162893997,-33.312750365728526,0.90263530626851696,0.0013490234370823583,0.001325279771270741,true,398160
782,398947,398947000000000,35,-59.968067077111456,-48.089953296355276,0.24624899707790368,0.00036820932427872685,4.8203628982034241e-05,false,398955
783,399383,399383000000000,33,-65.244476611577909,-8.8254111222142626,0.26738669768599049,0.00039980962508000896,8.2629271127956089e-05,false,399391
784,399868,399868000000000,54,-37.152880203257112,-10.561522171236685,0.15544768556440314,0.00023245241290254431,4.1350724315492128e-06,false,399876
785,400348,400348000000000,43,-67.414255085846918,-33.765602351195305,0.81852096499216365,0.0012233882254707718,0.0010841461423557247,true,400356
786,400864,400864000000000,42,-69.729769791975514,-31.910303964252812,0.81939814689813495,0.0012246984871013766,0.0010451542254053241,true,400872
787,401889,401889000000000,40,-74.346411449092798,-27.781435642546445,0.72775662886797621,0.0010878026916119037,0.00024965546371609357,true,401897
788,402799,402799000000000,38,-78.949922343393865,-16.787991817369225,0.37133301339907404,0.00055519207116199029,0.00032531937297117659,false,402807
789,402977,402977000000000,49,-48.45084895012404,-32.851375908950452,0.7500919437180904,0.0011211693274260483,1.054024374866176e-05,true,402985
790,404260,404260000000000,47,-52.628578149596393,-44.108288737574632,0.37350779291739372,0.00055844274670491668,0.0002637563866705933,false,404268
791,405156,405156000000000,45,-57.579774554615256,-32.290154257677884,0.92965004536553131,0.0013893699509069501,7.1114165427104209e-05,true,405164
792,405614,405614000000000,44,-59.931697665933932,-26.974076354755468,0.99634491575308104,0.0014889717625908624,0.00090544745054400291,true,405622
793,406861,406861000000000,64,-33.76871462707394,-41.526048605556419,0.18321237544602301,0.00027396531788121271,0.00014559785609234919,false,406869
794,408252,408252000000000,61,-40.953182859134543,-26.596569654996184,0.56740238994474657,0.000848217419515522,0.00049193857757449716,true,408260
795,408598,408598000000000,50,-70.975862749986433,-41.794894483589715,0.42884032528952126,0.00064114555572100738,0.0005369496326161371,false,408606
796,409847,409847000000000,47,-78.205562713506851,-18.391091064457182,0.43514343557295365,0.00065056606980674902,0.0004858961564177649,false,409855
797,410083,410083000000000,47,-78.092710290511292,-32.473994015010774,0.56289284522094352,0.00084147887797338832,0.00079202632530161088,true,410091
798,410845,410845000000000,56,-52.384801402178795,-18.091432499156721,0.65025255863231801,0.00097201103257191408,0.00084798088678625057,true,410853
799,411946,411946000000000,65,-56.943985026787772,-18.497071729754474,0.72038199578155759,0.0010767855125456379,0.00014230516497033518,true,411954
800,412050,412050000000000,65,-56.924794985516634,-24.704057967023822,0.94903127820725175,0.0014183148186386397,0.0011723987394615398,true,412058
801,412284,412284000000000,65,-56.672967047158849,-38.663209422597888,0.66239866144549986,0.00099015828765223568,0.00090589634804670712,true,412292
802,413170,413170000000000,63,-61.47256631940995,-26.243417033549083,0.98603817486608125,0.001473580372315681,0.0013361583179610154,true,413178
803,413332,413332000000000,63,-61.313934840209924,-35.907939725987255,0.80267817338467573,0.0011997232805368218,0.00014380506004939148,true,413340
804,413410,413410000000000,63,-61.163350663895436,-40.558891834005074,0.57709553176678818,0.0008627015746014387,0.0003168757692701556,true,413418
805,413553,413553000000000,63,-60.683790252555958,-49.079225372297515,0.21362202768407007,0.00031943091085955846,1.3547018826422264e-05,false,413561
806,413568,413568000000000,1,-36.682410974469988,-26.20050909726773,0.42728578056594801,0.00063882214777555388,6.4324125037393081e-05,false,413576
807,413762,413762000000000,62,-63.724497302704002,-28.922433374890922,0.97593267207656731,0.001458489267069934,0.00070754162668452102,true,413770
808,414125,414125000000000,61,-66.06231700482239,-17.935516660765472,0.66469284195991485,0.00099358594095641539,0.00042812970677646322,true,414133
809,414145,414145000000000,0,-38.949148027975319,-24.416352290368675,0.48265767282344058,0.00072157712758883256,0.00012943801165630727,false,414153
810,414329,414329000000000,61,-65.988296899865631,-30.109614038253593,0.93165559253160901,0.0013923651706734699,0.0011169924941692594,true,414337
811,414816,414816000000000,10,-41.211969689085471,-17.021612251927877,0.38165914580607541,0.00057062660196567725,2.4524751375696692e-05,false,414824
812,415451,415451000000000,59,-70.521361149270476,-31.767886929088451,0.80241696970232124,0.0011993331065479258,0.00054639557228662984,true,415459
813,417906,417906000000000,65,-82.015529122612548,-15.027723756448159,0.26387658025024274,0.00039456216194373668,2.2752211599717852e-05,false,417914
814,417999,417999000000000,4,-54.898688901346645,-22.967010004643498,0.87975277395445151,0.0013148470990796653,0.000297074919052325,true,418007
815,418012,418012000000000,4,-54.89558178223794,-22.19115901429878,0.85438754595493938,0.0012769613497954323,0.00033146447244673279,true,418020
816,419044,419044000000000,2,-59.475903194244488,-25.90335190008728,0.98443486644942291,0.0014711860785598947,0.00013473327924137053,true,419052
817,419085,419085000000000,2,-59.460171501244091,-23.456623924980128,0.93041528500952309,0.0013905128126019499,0.00099510704329755745,true,419093
818,419554,419554000000000,12,-31.35629069525563,-22.675913237799247,0.25549090859281176,0.0003820258593471068,1.4288118801063094e-05,false,419562
819,420024,420024000000000,0,-64.124696452593426,-32.717184859863281,0.9016596798996005,0.0013475663085669161,0.0010788096637447389,true,420032
820,420114,420114000000000,0,-64.048007844790575,-27.347645412292025,0.97358974964067435,0.0014549904190732073,0.0004827578320199692,true,420122
821,420270,420270000000000,21,-36.469937251897761,-45.232839990343159,0.1517428378151946,0.00022691290886076417,4.3630136427252649e-06,false,420278
822,420489,420489000000000,21,-36.01429695662263,-32.175432826588604,0.38737358193293675,0.00057916790078166628,0.00049354836872268022,false,420497
823,420580,420580000000000,10,-66.39442668546279,-32.18638960783364,0.88342091215654617,0.0013203257467462629,0.00022058469380289698,true,420588
824,421908,421908000000000,8,-70.846030155729608,-18.23487678633397,0.59891206480815584,0.00089530056143372137,0.00083530954405301846,true,421916
825,422277,422277000000000,29,-12.365796152101296,-17.980285777802528,0.02127627578459362,3.18191798310948e-05,2.3904257680309379e-05,false,422285
826,423375,423375000000000,5,-77.739628395691014,-28.637196330404773,0.61443672877047784,0.00091849738119979742,9.9815433090927574e-05,true,423383
827,424222,424222000000000,14,-52.111766699043343,-37.943726632548305,0.64445493406471421,0.00096334879866693689,0.00060588776274226957,true,424230
828,424267,424267000000000,15,-49.651682845427281,-2.6078057604630906,0.090353908995978255,0.00013511945454687275,0.00010134280218726557,false,424275
829,425953,425953000000000,0,-89.333274996339739,-38.032558830847691,0.18687263016350969,0.00027943788884742709,0.00021140115428050984,false,425961
830,425992,425992000000000,11,-58.779181377171767,-30.267590105443194,0.98004769334101005,0.0014646344830441733,0.00057244280331491106,true,426000
831,426023,426023000000000,22,-28.332744595225154,-22.976739283189797,0.19491938610699205,0.00029146876124446332,0.00013981364413193382,false,426031
832,426423,426423000000000,11,-58.757230738291021,-4.5425954480778312,0.14764077798066735,0.00022077945582135123,3.7108549782675309e-05,false,426431
833,426724,426724000000000,21,-60.982785481272494,-19.233723275130153,0.76466113287691551,0.0011429335791052677,0.00063539113201232524,true,426732
834,426894,426894000000000,31,-33.081590642305187,-36.293455075514686,0.25742281575365017,0.00038491401078280535,2.4221373032323458e-06,false,426902
835,428747,428747000000000,17,-70.161345404907266,-29.104768197243256,0.84909954568898127,0.0012690629605334616,0.00056375286478097463,true,428755
836,429062,429062000000000,27,-42.234809582365955,-37.510483988831623,0.44883488506255748,0.00067102875545673769,0.00019382895909166511,false,429070
837,429707,429707000000000,26,-44.378575337455686,-31.671389032386685,0.65482304289806958,0.00097883974256554509,0.00028847042936874773,true,429715
838,430247,430247000000000,14,-77.174624717767585,-37.533604305356796,0.46264926084929681,0.00069167473711588708,0.00015870622196488413,false,430255
839,430689,430689000000000,24,-49.100367404566818,-38.363547011327057,0.57334717305099114,0.00085710054568760932,4.9476514172534219e-05,true,430697
840,431228,431228000000000,24,-48.883165571637022,-6.1983543888989869,0.15864217464654598,0.00023722880186221118,0.00016264175852515872,false,431236
841,431907,431907000000000,22,-53.485572091961565,-30.979845158839037,0.9081716237949149,0.0013572920603102999,0.0010967723159419004,true,431915
842,432077,432077000000000,22,-53.401166766688156,-20.835479086513875,0.78236892918134315,0.0011693858153602804,0.00051798301463491922,true,432085
843,433689,433689000000000,30,-60.245373913674321,-22.584539789084712,0.90309863429714721,0.0013497154312489615,0.00095934332337775543,true,433697
844,434671,434671000000000,39,-34.430521009562852,-23.839026295281215,0.34332939852087013,0.00051333370367460604,4.0754212177562564e-05,false,434679
845,435187,435187000000000,38,-36.722229901753828,-25.695074017522725,0.4254354019254471,0.00063605658219454103,0.00038675057712106968,false,435195
846,435515,435515000000000,37,-39.25007564743791,-38.765102068207533,0.34409746213069625,0.00051448178915370062,0.00048073988873369459,false,435523
847,435569,435569000000000,37,-39.15553944651716,-35.544906182239998,0.41971893466952664,0.00062751273381906562,0.00011371146506908926,false,435577
848,436300,436300000000000,26,-69.458644523806981,2.6422661570361945,0.033429968911444813,4.9994864522244479e-05,5.9574379676829789e-06,false,436308
849,436405,436405000000000,25,-71.64874549838278,-23.748896762480722,0.76173787694064432,0.0011385666975190997,0.00036950248220388697,true,436413
850,436976,436976000000000,35,-43.535582260081668,-16.880264811815277,0.42841458759603979,0.00064050925269944106,0.00063657111777150831,false,436984
851,437013,437013000000000,35,-43.539658142787466,-14.671667025718939,0.35524672546968,0.00053114732715014686,6.6454292699343737e-05,false,437021
852,437252,437252000000000,23,-76.459815013549317,-38.496174560946834,0.44904663350498364,0.00067134522280889682,0.0006303259011143324,false,437260
853,437592,437592000000000,23,-76.194328927542188,-18.210485988475924,0.47831992545797453,0.0007150944794045537,0.00050062083269682091,false,437600
854,437680,437680000000000,34,-45.850486110350253,-7.5141700109748371,0.17099021649113877,0.00025569133648232941,0.00020053168798577766,false,437688
855,437883,437883000000000,22,-78.606783446710565,-33.492616126048105,0.527803476289183,0.00078904383487923347,0.00041364088795085087,true,437891
856,438129,438129000000000,43,-50.98225806862574,-46.007318794491354,0.2861015811169173,0.00042778704481334173,0.00032021339670857101,false,438137
857,438824,438824000000000,43,-50.427985523318874,-4.5413548032449587,0.12845379433090209,0.00019209032953221807,4.028831803704849e-05,false,438832
858,439024,439024000000000,42,-52.676149931361927,-25.26029616111035,0.89687541674715532,0.0013404208310429538,0.00093489703593276996,true,439032
859,439315,439315000000000,42,-52.687105624866618,-7.8906370339428689,0.22612933814663158,0.00033813004076910512,0.00011375849686138505,false,439323
860,439592,439592000000000,41,-54.947806526965927,-24.013179838872443,0.90975498974088587,0.0013596568427988178,0.0010556486015149648,true,439600
861,439637,439637000000000,30,-85.347926034686154,-26.7691724268592,0.36905879072431003,0.00055179274513359237,0.00032622368723492305,false,439645
862,440142,440142000000000,40,-57.226445226391228,-23.840234398105284,0.93057423791498683,0.0013907502036765579,0.00065199382035404329,true,440150
863,440883,440883000000000,38,-62.316091871379484,-44.90570766387809,0.36764055456104994,0.00054967287337731759,0.00033919188905319036,false,440891
864,441423,441423000000000,38,-61.782615602264741,-12.690784116363023,0.44100640980387168,0.00065932868482873499,0.00051936486457192623,false,441431
865,442207,442207000000000,36,-66.42147098611963,-31.203849668631698,0.90549288301604425,0.0013532913051529816,0.0012178430923520038,true,442215
866,442590,442590000000000,46,-38.410515498081139,-35.553413719157774,0.39955513698660927,0.00059737528066898592,0.00039004676070290769,false,442598
867,443219,443219000000000,34,-71.084410416618155,-36.107209325386236,0.65847851771969768,0.00098430131347328111,0.00059181920324880499,true,443227
868,444468,444468000000000,54,-45.073417092945675,-21.431075044895557,0.61038786425758274,0.00091244765447916405,0.00021248707645510136,true,444476
869,444501,444501000000000,43,-75.469602232016484,-24.903451852477009,0.6685813691771908,0.00099939562396077035,0.00030305959820663478,true,444509
870,445666,445666000000000,52,-49.631847018972501,-15.235688023132484,0.48113184618778626,0.00071929682501762899,0.00047061711034932153,false,445674
871,446374,446374000000000,50,-54.445937989580472,-38.27955373124032,0.6606630286441314,0.00098756513275609944,0.00090821603986177045,true,446382
872,446901,446901000000000,49,-56.766375576967512,-39.478124852533355,0.6227610483304673,0.00093093528628860787,9.1267288425843232e-05,true,446909
873,447049,447049000000000,49,-56.549175660182613,-30.651083477414353,0.95812171501042487,0.0014318906262840209,0.00086687230046592631,true,447057
874,447416,447416000000000,37,-89.786638881984487,-46.82548717703331,0.074291743918159917,0.00011110067725417818,7.5877182134998478e-06,false,447424
875,447419,447419000000000,49,-56.497283431691478,-8.5680212085735192,0.26446376318345588,0.00039543997517571408,0.00025264151686556533,false,447427
876,447932,447932000000000,47,-61.484141469548447,-43.245678264013712,0.44465781273293981,0.00066478591681722336,0.00062495030695331843,false,447940
877,448553,448553000000000,46,-63.582898755909987,-38.840522356278122,0.65190572842458117,0.00097448102066334953,0.00036021160774957726,true,448561
878,449766,449766000000000,44,-67.965047699817745,-31.75535863714159,0.8634044255318003,0.0012904292127746842,0.00077183804487397742,true,449774
879,449992,449992000000000,44,-67.865073074706658,-18.268934044436904,0.65425416283555105,0.00097798978769905579,0.00076719307330813246,true,450000
880,450965,450965000000000,64,-42.045633134246536,-20.060760185905249,0.4885431330253252,0.00073037272424512087,0.00022510323832311519,false,450973
881,451369,451369000000000,63,-44.37830664178508,-28.600615834253869,0.68533100112345879,0.0010244201499238629,0.00076215461793545651,true,451377
882,451700,451700000000000,52,-74.709733043644079,-14.287897367456301,0.37277983485055982,0.00055735465804854895,0.00010832981731104713,false,451708
883,451833,451833000000000,62,-46.737737469631121,-33.558327167996779,0.68474703448901653,0.0010235476942423848,0.00083201499028576502,true,451841
884,452300,452300000000000,61,-49.143330155452801,-38.335519941279927,0.57533255456658006,0.00086006722918210911,0.00038002037420967546,true,452308
885,452579,452579000000000,61,-48.888126147342334,-21.690498094230609,0.7198053737631499,0.0010759240750032168,0.00097706639283099447,true,452587
886,452760,452760000000000,50,-79.264517485011709,-16.329619558835908,0.35147119215716482,0.00052550382003912111,0.00011612056385564556,false,452768
887,453931,453931000000000,58,-56.00262030590568,-38.950026783598588,0.64339966758136025,0.00096177211638154964,0.00044937294290158252,true,453939
888,454144,454144000000000,58,-55.75250099759019,-26.244277376238841,0.962188624865981,0.0014379641565110677,0.00028153393849708592,true,454152
889,454398,454398000000000,58,-55.739518332940875,-11.083840982958733,0.36001462452663591,0.00053827413496900607,0.00042643726074578016,false,454406
890,454612,454612000000000,57,-58.088379780953765,-30.96397660053605,0.96450201482371445,0.001441418960600522,0.00014873687898210968,true,454620
891,455314,455314000000000,56,-60.286179151756613,-21.720943468596875,0.87194918325887771,0.0013031917337828745,0.00082491854475416659,true,455322
892,457139,457139000000000,63,-69.864743263030334,-43.397692635984747,0.37779630282453086,0.00056485281576142501,0.00013725180843574371,false,457147
893,457548,457548000000000,5,-35.593252399732165,-35.426027345184814,0.32931109009692267,0.00049237919666513734,0.00012989342841734951,false,457556
894,458859,458859000000000,60,-76.5106908615886,-38.706651846549093,0.44099900829330951,0.00065931762281462754,0.0006423602191756772,false,458867
895,462481,462481000000000,18,-25.532354368219494,-41.404497402558285,0.085669977924883539,0.00012811533402519787,3.6562096235555603e-05,false,462489
896,462703,462703000000000,6,-58.56495138920031,-16.568827495040708,0.63324414948486607,0.00094659854651471065,0.00064441331989084627,true,462711
897,462906,462906000000000,6,-58.510723130291112,-28.683859360970533,0.99496612504839443,0.0014869127834819551,0.00020369096714251703,true,462914
898,463360,463360000000000,5,-60.835165975042955,-23.128163038023732,0.91990131935236441,0.0013748104162327761,0.0013283752548280297,true,463368
899,464074,464074000000000,4,-63.000653603635705,-33.086439579131977,0.90147063079948264,0.0013472839575734553,0.00071471979577599973,true,464082
900,464986,464986000000000,2,-67.677690834540726,-22.214686528268313,0.81287148379010332,0.0012149494574931338,0.00062014305242098756,true,464994
901,465096,465096000000000,2,-67.627946907928873,-28.778841443747588,0.91219747598372858,0.00136330472427699,0.00079485871021882913,true,465104
902,466540,466540000000000,0,-71.380732808317248,-49.632198354818989,0.16126415217683965,0.00024114915649050211,0.00018149428948546114,false,466548
903,466572,466572000000000,10,-74.523089937365228,-18.913765810162779,0.5421787674207077,0.00081052557446028163,0.0006484273203818321,true,466580
904,467040,467040000000000,9,-76.79668257655193,-14.192106468975318,0.33374093265007965,0.00049900095369753998,0.00014663162420023649,false,467048
905,467183,467183000000000,9,-76.794064002206269,-22.72746041302856,0.58756143851697906,0.00087834021212041587,9.1001861479223523e-06,true,467191
906,468706,468706000000000,17,-53.258276252122712,-21.108737468468849,0.79054375050876124,0.0011815972795190723,0.00097116669686573404,true,468714
907,468916,468916000000000,17,-53.125762458756114,-33.639124048683051,0.83248481621621384,0.0012442460649973511,0.0011413053696489701,true,468924
908,469285,469285000000000,16,-55.531268470914213,-23.012467855572254,0.88941582501183891,0.001329279547337731,0.00076586686989765361,true,469293
909,469811,469811000000000,4,-88.199282934232158,-16.310585347601087,0.18238915847305642,0.00027273449413892087,0.00013249880344601143,false,469819
910,470010,470010000000000,25,-29.677918896310178,-6.4168600902844739,0.048010128804676755,7.1798861758686403e-05,3.9639651832414695e-05,false,470018
911,470080,470080000000000,15,-57.577585513881253,-37.801750947877828,0.70988869272943278,0.0010611090521688148,0.00052810462886601758,true,470088
912,470996,470996000000000,13,-62.341026015627605,-27.171471356723977,0.98921759894278816,0.0014783283346600084,0.0013720861834925428,true,471004
913,471735,471735000000000,12,-64.390104980110138,-38.618292535485537,0.65623986952514257,0.00098095659808197355,0.00092193279223563645,true,471743
914,472171,472171000000000,22,-36.327346984887519,-37.430581632296125,0.30924809362003669,0.00046238835169755871,0.00010706508119346968,false,472179
915,472416,472416000000000,32,-38.838381770289317,-19.405889645452458,0.38769937211854144,0.00057965485324666091,0.00040016534813549197,false,472424
916,472641,472641000000000,32,-38.719241960509926,-32.832022677959777,0.45843101220149096,0.00068537048851082156,0.00063275036672411403,false,472649
917,472767,472767000000000,20,-71.428817856623496,-2.2561022978192318,0.081857113842259327,0.00012241372807871427,7.1101126910428153e-05,false,472775
918,473159,473159000000000,20,-71.472517573881177,-25.655316541455758,0.80075207624936506,0.0011968461620708089,0.00078621417366260397,true,473167
919,473331,473331000000000,20,-71.308939833179338,-35.916567243376846,0.66035637851146223,0.00098710697564666108,0.00016202568861221507,true,473339
920,474591,474591000000000,39,-17.562087133816327,-24.047723051108008,0.058805348587146332,8.7942338767266049e-05,5.8251901556829817e-05,false,474599
921,474715,474715000000000,17,-78.335003900510046,-20.56428252852977,0.49126905965364476,0.00073444649178818985,0.00033298439096211303,false,474723
922,474824,474824000000000,28,-47.843742044114968,-32.509415205248146,0.74181583550924202,0.0011088058130870279,0.00014903560071238432,true,474832
923,475428,475428000000000,16,-80.537538622753729,-30.464036735890101,0.51068987481180483,0.00076346949461743644,0.00048744448027304656,true,475436
924,475621,475621000000000,37,-22.13495611168694,-20.215918912886725,0.088656707379928271,0.00013258154825861537,0.00010597962468018801,false,475629
925,475650,475650000000000,26,-52.515203981524245,-16.50428714999013,0.57966029551678777,0.00086653398478269675,0.00032115659369169071,true,475658
926,476166,476166000000000,15,-82.503109113570005,-41.848539912815951,0.23518664448782189,0.00035167100286199131,0.00011318480212763857,false,476174
927,476985,476985000000000,13,-87.431321599510454,-25.43367605945015,0.30602187800739572,0.00045756561161376837,0.00023584208662043188,false,476993
928,477454,477454000000000,23,-59.324843583615831,-26.214305011704834,0.98829370930134663,0.0014769486552830232,0.0011815967144845326,true,477462
929,477845,477845000000000,33,-31.247635265791228,-22.340162449426384,0.24982425382563822,0.00037355430831914312,0.00021469431106383371,false,477853
930,477865,477865000000000,22,-61.634793023082715,-18.091552812634401,0.70820775100186084,0.0010585977879702662,0.00035697107069426748,true,477873
931,478768,478768000000000,42,-35.800798585333595,-12.121083116564749,0.1687744785625459,0.00025237843644654513,8.3790164773434937e-05,false,478776
932,479835,479835000000000,30,-68.233349200951025,-37.703195757004082,0.64951596320599003,0.00097091048912441357,0.00093771638233331215,true,479843
933,480058,480058000000000,29,-70.753174677035446,-18.36563643211494,0.60608348142358537,0.0009060160975769598,0.00047858015157856788,true,480066
934,480216,480216000000000,29,-70.707822778816023,-27.794971166964665,0.83770732033551354,0.0012520468205541161,0.00065389860794202212,true,480224
935,481372,481372000000000,38,-44.715436761485535,-36.920672702117777,0.52896378781213971,0.00079077776541678193,0.00077776568051782951,true,481380
936,481847,481847000000000,37,-47.096420066969117,-32.620212072965117,0.71815675368429011,0.0010734611347287598,6.1066125682963563e-05,true,481855
937,482133,482133000000000,36,-49.490994845691596,-17.039077365133782,0.55566484550185435,0.00083067809721739218,0.00045794204232561055,true,482141
938,482554,482554000000000,35,-51.746018846350417,-9.511480609816493,0.27471263469879242,0.00041076147316523664,6.0513385708160758e-05,false,482562
939,482779,482779000000000,35,-51.761511950252526,-22.941850401631722,0.82400541450454701,0.0012315804133793725,0.0010276602613165358,true,482787
940,482863,482863000000000,24,-82.143228862551481,-22.513124998937844,0.42265261716403374,0.00063189743322346901,0.00030556206208581782,false,482871
941,483619,483619000000000,33,-56.295753571932764,-7.7680413845268745,0.23634391928094439,0.00035340115240309306,0.00013980642638163101,false,483627
942,483641,483641000000000,23,-84.23133917238934,-36.28902148369508,0.31832680634608135,0.00047595962967765309,3.4014696039971146e-05,false,483649
943,484497,484497000000000,43,-58.567501587119679,-27.518553893820144,0.99603630219956074,0.001488510903412771,0.00082391294915552576,true,484505
944,484924,484924000000000,53,-30.482676660012419,-25.792952858903877,0.25628388317716094,0.00038321133693174081,5.0948003911689121e-06,false,484932
945,487236,487236000000000,49,-39.501769632455108,-33.16682730508758,0.47658137455311544,0.00071249624946478484,0.00050283179259603213,false,487244
946,487336,487336000000000,38,-69.870890349618492,-33.692719317872715,0.76882928015477769,0.0011491600982583272,0.00047645138090054675,true,487344
947,487415,487415000000000,38,-69.745469769697934,-38.404152310567014,0.59308319263412423,0.0008865909715446642,0.00053294005590759494,true,487423
948,488422,488422000000000,36,-74.440152837940275,-33.203350282466161,0.65981421969234666,0.00098629695129441174,0.00038763207398063304,true,488430
949,489835,489835000000000,44,-51.004647670826976,-25.022063097164828,0.85584758489879642,0.0012791421170318187,0.00053703740977304555,true,489843
950,490024,490024000000000,33,-81.320637633352533,-30.858547724538749,0.48197220533614332,0.00072055271743960421,0.00032505953396027518,false,490032
951,490105,490105000000000,44,-50.663282918557961,-41.127176847084158,0.48052732844992274,0.00071839338978080432,0.00015094364792953219,false,490113
952,490171,490171000000000,33,-81.101305251537525,-39.625833566571366,0.31460322067220797,0.00047039346458035731,0.00028799056538893788,false,490179
953,491284,491284000000000,52,-57.856612876036834,-13.544042866912308,0.48061138879118137,0.00071851901571220685,0.00046662429744793429,false,491292
954,493344,493344000000000,60,-33.829690044084771,-43.962511944333322,0.14346704589655807,0.00021453879888558598,0.00011505396662541319,false,493352
955,493365,493365000000000,59,-36.591667469040509,-12.57552698574322,0.1879285473284944,0.00028101662084477292,0.00017798739416091192,false,493373
956,494403,494403000000000,58,-38.488809088629949,-41.864386542467763,0.25119485230976901,0.00037560333596855063,0.00018807780908424975,false,494411
957,494658,494658000000000,57,-41.14480310272306,-24.441142164505806,0.55287855840655897,0.00082651452464309783,0.00015982217929396157,true,494666
958,495343,495343000000000,56,-43.32542669636581,-32.66893242545742,0.60364623530417827,0.0009023743754697877,0.0008840209766934541,true,495351
959,496759,496759000000000,54,-77.747063538970053,-46.417509928369277,0.1894101131436712,0.00028323174812748309,2.1656044876309426e-05,false,496767
960,498103,498103000000000,51,-85.16438659845727,-28.690010878533226,0.37572972777407682,0.00056176389511976982,0.00029514102763247998,false,498111
961,498404,498404000000000,61,-57.118953786986161,-19.444915291534514,0.76571945681116149,0.0011445145428120094,0.0011214437506302029,true,498412
962,498682,498682000000000,50,-87.418250582674929,-30.593139250855298,0.30621350688146681,0.00045785207056762788,0.00029708656058507148,false,498690
963,499910,499910000000000,58,-63.941883862156374,-11.36821833325005,0.37364397640712954,0.00055864630185646473,0.0005066918920241095,false,499918
